latitude,longitude,bright_ti4,scan,track,acq_date,acq_time,satellite,confidence,version,bright_ti5,frp,daynight,source_sensor,fire_class_id,biome_name
-16.95193,16.66605,295.11,0.79,0.78,2026-09-19,117,N,nominal,2.0NRT,284.7,2.1,N,VIIRS,4,Savannas & Grasslands
-16.95326,16.68163,296.53,0.79,0.78,2026-09-19,117,N,nominal,2.0NRT,284.21,0.92,N,VIIRS,4,Savannas & Grasslands
-19.46745,16.31799,299.28,0.8,0.78,2026-09-19,117,N,nominal,2.0NRT,280.64,1.11,N,VIIRS,4,Savannas & Grasslands
-19.47971,16.28473,300.88,0.79,0.78,2026-09-19,117,N,nominal,2.0NRT,280.95,1.47,N,VIIRS,4,Savannas & Grasslands
-19.47878,16.28799,299.35,0.79,0.78,2026-09-19,117,N,nominal,2.0NRT,281.09,1.03,N,VIIRS,4,Savannas & Grasslands
-19.48557,16.27925,297.01,0.79,0.78,2026-09-19,117,N,nominal,2.0NRT,280.58,1.77,N,VIIRS,4,Savannas & Grasslands
-20.21809,15.23571,304.13,0.69,0.74,2026-09-19,117,N,nominal,2.0NRT,281.38,4.95,N,VIIRS,4,Savannas & Grasslands
-20.22453,15.22802,323.89,0.69,0.74,2026-09-19,117,N,nominal,2.0NRT,281.06,12.83,N,VIIRS,4,Savannas & Grasslands
-20.22505,15.23438,349.81,0.69,0.74,2026-09-19,117,N,nominal,2.0NRT,282.55,4.95,N,VIIRS,4,Savannas & Grasslands
-20.2229,15.20783,300.03,0.69,0.74,2026-09-19,117,N,nominal,2.0NRT,280.33,3.27,N,VIIRS,4,Savannas & Grasslands
-20.2256,15.24116,305.71,0.69,0.74,2026-09-19,117,N,nominal,2.0NRT,280.1,4.95,N,VIIRS,4,Savannas & Grasslands
-20.2282,15.18626,320.7,0.69,0.74,2026-09-19,117,N,nominal,2.0NRT,281.37,4.52,N,VIIRS,4,Savannas & Grasslands
-20.22873,15.1928,298.08,0.69,0.74,2026-09-19,117,N,nominal,2.0NRT,280.01,3.45,N,VIIRS,4,Savannas & Grasslands
-20.22989,15.20709,309.42,0.69,0.74,2026-09-19,117,N,nominal,2.0NRT,279.95,2.96,N,VIIRS,4,Savannas & Grasslands
-20.22184,15.22739,323.33,0.69,0.74,2026-09-19,117,N,nominal,2.0NRT,281.8,9.26,N,VIIRS,4,Savannas & Grasslands
-20.22233,15.23385,351.97,0.69,0.74,2026-09-19,117,N,nominal,2.0NRT,284.28,9.26,N,VIIRS,4,Savannas & Grasslands
-20.22283,15.24064,320.02,0.69,0.74,2026-09-19,117,N,nominal,2.0NRT,281.4,7.48,N,VIIRS,4,Savannas & Grasslands
-20.22577,15.18561,319.29,0.69,0.74,2026-09-19,117,N,nominal,2.0NRT,281.53,2.31,N,VIIRS,4,Savannas & Grasslands
-20.22626,15.19206,296.75,0.69,0.74,2026-09-19,117,N,nominal,2.0NRT,280.58,2.31,N,VIIRS,4,Savannas & Grasslands
-20.2273,15.20602,311.16,0.69,0.74,2026-09-19,117,N,nominal,2.0NRT,280.42,5.07,N,VIIRS,4,Savannas & Grasslands
-20.22786,15.21349,308.96,0.69,0.74,2026-09-19,117,N,nominal,2.0NRT,280.93,5.98,N,VIIRS,4,Savannas & Grasslands
-4.15221,15.10721,315.76,0.43,0.62,2026-09-19,113,N,nominal,2.0NRT,288.63,0.85,N,VIIRS,4,Savannas & Grasslands
-4.15794,15.10635,301.27,0.43,0.62,2026-09-19,113,N,nominal,2.0NRT,287.99,0.85,N,VIIRS,4,Savannas & Grasslands
-4.15374,15.10896,314.96,0.43,0.62,2026-09-19,113,N,nominal,2.0NRT,288.19,1.41,N,VIIRS,4,Savannas & Grasslands
-4.17054,15.06282,305.29,0.43,0.62,2026-09-19,113,N,nominal,2.0NRT,288.53,1.36,N,VIIRS,4,Savannas & Grasslands
-4.25789,15.33848,302.3,0.45,0.63,2026-09-19,113,N,nominal,2.0NRT,288.6,0.64,N,VIIRS,4,Savannas & Grasslands
-5.9097,16.55814,318.82,0.57,0.69,2026-09-19,113,N,nominal,2.0NRT,287.66,3.86,N,VIIRS,4,Savannas & Grasslands
-5.9177,16.56837,299.78,0.57,0.69,2026-09-19,113,N,nominal,2.0NRT,287.09,1.44,N,VIIRS,4,Savannas & Grasslands
-6.27202,14.93716,298.5,0.45,0.63,2026-09-19,113,N,nominal,2.0NRT,287.1,1.17,N,VIIRS,4,Savannas & Grasslands
-6.2712,14.93732,297.94,0.45,0.63,2026-09-19,113,N,nominal,2.0NRT,286.96,0.95,N,VIIRS,4,Savannas & Grasslands
-7.34938,16.53063,303.35,0.6,0.7,2026-09-19,115,N,nominal,2.0NRT,284.4,1.11,N,VIIRS,4,Savannas & Grasslands
-7.35608,16.53083,297.25,0.6,0.7,2026-09-19,115,N,nominal,2.0NRT,283.31,1.11,N,VIIRS,4,Savannas & Grasslands
-7.35155,16.10195,298.78,0.56,0.69,2026-09-19,115,N,nominal,2.0NRT,286.22,0.61,N,VIIRS,4,Savannas & Grasslands
-15.45857,14.50092,296.6,0.55,0.68,2026-09-19,117,N,nominal,2.0NRT,285.3,1.53,N,VIIRS,4,Savannas & Grasslands
-15.4597,14.51167,304.98,0.55,0.68,2026-09-19,117,N,nominal,2.0NRT,285.15,1.0,N,VIIRS,4,Savannas & Grasslands
-15.46027,14.51703,300.8,0.55,0.68,2026-09-19,117,N,nominal,2.0NRT,285.11,1.0,N,VIIRS,4,Savannas & Grasslands
-15.87869,14.42761,295.87,0.55,0.68,2026-09-19,117,N,nominal,2.0NRT,285.06,0.78,N,VIIRS,4,Savannas & Grasslands
-16.33918,14.58911,296.92,0.57,0.69,2026-09-19,117,N,nominal,2.0NRT,285.71,1.09,N,VIIRS,4,Savannas & Grasslands
-16.34093,14.60591,301.83,0.57,0.69,2026-09-19,117,N,nominal,2.0NRT,286.24,1.61,N,VIIRS,4,Savannas & Grasslands
-16.34452,14.57729,295.82,0.57,0.69,2026-09-19,117,N,nominal,2.0NRT,285.81,1.37,N,VIIRS,4,Savannas & Grasslands
-16.34567,14.58834,296.81,0.57,0.69,2026-09-19,117,N,nominal,2.0NRT,286.1,1.09,N,VIIRS,4,Savannas & Grasslands
-16.35276,14.59334,295.97,0.57,0.69,2026-09-19,117,N,nominal,2.0NRT,285.76,0.62,N,VIIRS,4,Savannas & Grasslands
-16.3545,14.60999,298.64,0.57,0.69,2026-09-19,117,N,nominal,2.0NRT,286.27,1.02,N,VIIRS,4,Savannas & Grasslands
-16.35926,14.59265,296.76,0.57,0.69,2026-09-19,117,N,nominal,2.0NRT,286.13,0.62,N,VIIRS,4,Savannas & Grasslands
-16.36101,14.60932,300.08,0.57,0.69,2026-09-19,117,N,nominal,2.0NRT,286.54,1.02,N,VIIRS,4,Savannas & Grasslands
-16.33924,14.58868,296.05,0.57,0.69,2026-09-19,117,N,nominal,2.0NRT,285.97,0.88,N,VIIRS,4,Savannas & Grasslands
-16.34088,14.60552,300.42,0.57,0.69,2026-09-19,117,N,nominal,2.0NRT,286.14,1.64,N,VIIRS,4,Savannas & Grasslands
-16.34141,14.61104,297.06,0.57,0.69,2026-09-19,117,N,nominal,2.0NRT,286.24,1.07,N,VIIRS,4,Savannas & Grasslands
-16.34573,14.58788,297.54,0.57,0.69,2026-09-19,117,N,nominal,2.0NRT,286.06,0.88,N,VIIRS,4,Savannas & Grasslands
-16.35279,14.59286,297.02,0.57,0.69,2026-09-19,117,N,nominal,2.0NRT,285.96,0.76,N,VIIRS,4,Savannas & Grasslands
-16.35442,14.60957,297.33,0.57,0.69,2026-09-19,117,N,nominal,2.0NRT,286.81,0.73,N,VIIRS,4,Savannas & Grasslands
-16.35928,14.59214,297.36,0.57,0.69,2026-09-19,117,N,nominal,2.0NRT,285.6,0.76,N,VIIRS,4,Savannas & Grasslands
-16.36092,14.60887,298.84,0.57,0.69,2026-09-19,117,N,nominal,2.0NRT,286.49,0.73,N,VIIRS,4,Savannas & Grasslands
-16.36146,14.61437,296.49,0.58,0.69,2026-09-19,117,N,nominal,2.0NRT,286.12,0.73,N,VIIRS,4,Savannas & Grasslands
-16.38155,14.61787,298.22,0.58,0.69,2026-09-19,117,N,nominal,2.0NRT,286.49,0.63,N,VIIRS,4,Savannas & Grasslands
-16.38211,14.62351,296.6,0.58,0.69,2026-09-19,117,N,nominal,2.0NRT,286.17,0.63,N,VIIRS,4,Savannas & Grasslands
-16.62765,16.52213,320.95,0.77,0.77,2026-09-19,117,N,nominal,2.0NRT,286.58,4.16,N,VIIRS,4,Savannas & Grasslands
-16.62695,16.51461,300.64,0.77,0.77,2026-09-19,117,N,nominal,2.0NRT,285.88,4.21,N,VIIRS,4,Savannas & Grasslands
-16.62794,16.52107,322.96,0.77,0.77,2026-09-19,117,N,nominal,2.0NRT,286.69,2.92,N,VIIRS,4,Savannas & Grasslands
-16.62728,16.51353,298.55,0.77,0.77,2026-09-19,117,N,nominal,2.0NRT,286.05,2.92,N,VIIRS,4,Savannas & Grasslands
-16.81882,16.04144,298.63,0.72,0.75,2026-09-19,117,N,nominal,2.0NRT,286.43,1.01,N,VIIRS,4,Savannas & Grasslands
-16.82215,16.04266,305.85,0.72,0.76,2026-09-19,117,N,nominal,2.0NRT,286.36,1.68,N,VIIRS,4,Savannas & Grasslands
-16.95286,16.67911,299.15,0.79,0.78,2026-09-19,117,N,nominal,2.0NRT,284.42,1.64,N,VIIRS,4,Savannas & Grasslands
-18.4134,46.45873,345.46,0.51,0.41,2026-09-19,1026,N,nominal,2.0NRT,314.04,7.1,D,VIIRS,4,Savannas & Grasslands
-14.80757,38.99056,367.0,0.45,0.63,2026-09-19,1028,N,high,2.0NRT,298.3,13.4,D,VIIRS,4,Savannas & Grasslands
-10.30828,40.11951,337.17,0.33,0.55,2026-09-19,1030,N,nominal,2.0NRT,293.61,3.27,D,VIIRS,4,Savannas & Grasslands
-25.10871,45.31682,332.44,0.47,0.48,2026-09-19,1026,N,nominal,2.0NRT,305.07,1.18,D,VIIRS,4,Savannas & Grasslands
-25.09009,44.75239,334.55,0.51,0.49,2026-09-19,1026,N,low,2.0NRT,307.72,2.5,D,VIIRS,4,Savannas & Grasslands
-25.08671,44.75437,341.13,0.51,0.49,2026-09-19,1026,N,nominal,2.0NRT,307.76,4.28,D,VIIRS,4,Savannas & Grasslands
-25.02162,44.75134,343.7,0.51,0.49,2026-09-19,1026,N,nominal,2.0NRT,308.61,3.68,D,VIIRS,4,Savannas & Grasslands
-24.99315,44.8465,346.16,0.5,0.49,2026-09-19,1026,N,nominal,2.0NRT,307.78,5.11,D,VIIRS,4,Savannas & Grasslands
-24.98857,44.84592,347.2,0.5,0.49,2026-09-19,1026,N,nominal,2.0NRT,305.67,5.7,D,VIIRS,4,Savannas & Grasslands
-24.86805,45.48502,341.01,0.46,0.47,2026-09-19,1026,N,nominal,2.0NRT,306.05,3.75,D,VIIRS,4,Savannas & Grasslands
-24.75483,46.10801,343.28,0.42,0.45,2026-09-19,1026,N,nominal,2.0NRT,310.96,17.42,D,VIIRS,4,Savannas & Grasslands
-24.73882,46.13642,341.82,0.42,0.45,2026-09-19,1026,N,nominal,2.0NRT,306.8,3.2,D,VIIRS,4,Savannas & Grasslands
-24.70199,46.27579,337.16,0.41,0.45,2026-09-19,1026,N,nominal,2.0NRT,306.54,3.23,D,VIIRS,4,Savannas & Grasslands
-24.7014,46.27614,335.95,0.41,0.45,2026-09-19,1026,N,low,2.0NRT,306.66,1.91,D,VIIRS,4,Savannas & Grasslands
-24.69932,46.07513,332.1,0.42,0.45,2026-09-19,1026,N,nominal,2.0NRT,305.87,2.06,D,VIIRS,4,Savannas & Grasslands
-24.59561,46.88456,340.26,0.57,0.43,2026-09-19,1026,N,nominal,2.0NRT,294.15,6.08,D,VIIRS,4,Savannas & Grasslands
-24.63161,46.54727,335.46,0.39,0.44,2026-09-19,1026,N,nominal,2.0NRT,308.01,1.81,D,VIIRS,4,Savannas & Grasslands
-24.69072,44.30957,341.87,0.54,0.51,2026-09-19,1026,N,nominal,2.0NRT,307.45,6.4,D,VIIRS,4,Savannas & Grasslands
-24.69126,44.30404,333.86,0.54,0.51,2026-09-19,1026,N,nominal,2.0NRT,307.41,6.4,D,VIIRS,4,Savannas & Grasslands
-24.38916,47.07189,336.72,0.55,0.43,2026-09-19,1026,N,nominal,2.0NRT,287.1,7.15,D,VIIRS,4,Savannas & Grasslands
-24.39137,47.07066,340.33,0.55,0.43,2026-09-19,1026,N,nominal,2.0NRT,290.4,7.43,D,VIIRS,4,Savannas & Grasslands
-24.6902,44.30847,342.79,0.54,0.51,2026-09-19,1026,N,nominal,2.0NRT,308.42,9.16,D,VIIRS,4,Savannas & Grasslands
-24.2915,47.2979,331.53,0.53,0.42,2026-09-19,1026,N,nominal,2.0NRT,297.61,3.14,D,VIIRS,4,Savannas & Grasslands
-24.34567,46.56187,336.89,0.39,0.44,2026-09-19,1026,N,low,2.0NRT,310.19,2.13,D,VIIRS,4,Savannas & Grasslands
-24.34631,46.56226,340.0,0.39,0.44,2026-09-19,1026,N,nominal,2.0NRT,310.57,2.97,D,VIIRS,4,Savannas & Grasslands
-24.28997,46.65294,341.87,0.39,0.44,2026-09-19,1026,N,nominal,2.0NRT,306.46,3.29,D,VIIRS,4,Savannas & Grasslands
-24.29043,46.64907,339.03,0.39,0.44,2026-09-19,1026,N,nominal,2.0NRT,305.48,3.29,D,VIIRS,4,Savannas & Grasslands
-24.41694,45.55013,344.51,0.45,0.47,2026-09-19,1026,N,nominal,2.0NRT,311.84,3.4,D,VIIRS,4,Savannas & Grasslands
-24.32207,46.27209,334.06,0.41,0.45,2026-09-19,1026,N,nominal,2.0NRT,307.83,1.19,D,VIIRS,4,Savannas & Grasslands
-24.36376,45.55268,344.67,0.45,0.47,2026-09-19,1026,N,nominal,2.0NRT,313.04,3.79,D,VIIRS,4,Savannas & Grasslands
-24.35217,45.57847,341.76,0.45,0.47,2026-09-19,1026,N,nominal,2.0NRT,310.68,2.11,D,VIIRS,4,Savannas & Grasslands
-24.3631,45.55379,343.5,0.45,0.47,2026-09-19,1026,N,nominal,2.0NRT,314.99,4.86,D,VIIRS,4,Savannas & Grasslands
-24.35134,45.57952,344.31,0.45,0.47,2026-09-19,1026,N,nominal,2.0NRT,311.35,2.84,D,VIIRS,4,Savannas & Grasslands
-24.17696,46.94186,335.45,0.56,0.43,2026-09-19,1026,N,nominal,2.0NRT,293.41,5.67,D,VIIRS,4,Savannas & Grasslands
-24.19449,46.45314,367.0,0.39,0.44,2026-09-19,1026,N,high,2.0NRT,319.49,8.12,D,VIIRS,4,Savannas & Grasslands
-24.26478,45.84184,337.0,0.43,0.46,2026-09-19,1026,N,low,2.0NRT,310.53,2.95,D,VIIRS,4,Savannas & Grasslands
-24.25088,45.7726,343.4,0.43,0.46,2026-09-19,1026,N,nominal,2.0NRT,308.23,3.43,D,VIIRS,4,Savannas & Grasslands
-24.24397,45.75665,341.92,0.43,0.46,2026-09-19,1026,N,nominal,2.0NRT,306.06,5.98,D,VIIRS,4,Savannas & Grasslands
-24.23966,45.75637,336.95,0.43,0.46,2026-09-19,1026,N,nominal,2.0NRT,306.55,5.98,D,VIIRS,4,Savannas & Grasslands
-24.23539,45.75571,349.56,0.43,0.46,2026-09-19,1026,N,nominal,2.0NRT,308.28,9.18,D,VIIRS,4,Savannas & Grasslands
-24.03069,47.35727,330.74,0.53,0.42,2026-09-19,1026,N,nominal,2.0NRT,295.72,2.64,D,VIIRS,4,Savannas & Grasslands
-24.36909,44.32913,339.07,0.53,0.5,2026-09-19,1026,N,nominal,2.0NRT,310.32,3.17,D,VIIRS,4,Savannas & Grasslands
-24.14863,45.96072,344.51,0.42,0.45,2026-09-19,1026,N,nominal,2.0NRT,311.17,5.28,D,VIIRS,4,Savannas & Grasslands
-24.08401,46.41086,344.8,0.4,0.44,2026-09-19,1026,N,nominal,2.0NRT,312.42,2.66,D,VIIRS,4,Savannas & Grasslands
-24.30191,44.14544,348.05,0.54,0.51,2026-09-19,1026,N,nominal,2.0NRT,309.72,6.54,D,VIIRS,4,Savannas & Grasslands
-24.02905,46.52705,337.32,0.39,0.44,2026-09-19,1026,N,low,2.0NRT,311.12,2.27,D,VIIRS,4,Savannas & Grasslands
-24.0303,46.52462,343.96,0.39,0.44,2026-09-19,1026,N,nominal,2.0NRT,311.75,2.06,D,VIIRS,4,Savannas & Grasslands
-24.30197,44.14465,344.42,0.54,0.51,2026-09-19,1026,N,nominal,2.0NRT,309.96,10.77,D,VIIRS,4,Savannas & Grasslands
-24.02624,46.52402,340.29,0.39,0.44,2026-09-19,1026,N,low,2.0NRT,314.5,5.37,D,VIIRS,4,Savannas & Grasslands
-24.07162,45.77863,330.23,0.43,0.46,2026-09-19,1026,N,low,2.0NRT,304.04,1.94,D,VIIRS,4,Savannas & Grasslands
-24.07212,45.77418,346.51,0.43,0.46,2026-09-19,1026,N,nominal,2.0NRT,308.75,5.55,D,VIIRS,4,Savannas & Grasslands
-24.25463,44.04377,340.18,0.55,0.51,2026-09-19,1026,N,nominal,2.0NRT,310.21,2.26,D,VIIRS,4,Savannas & Grasslands
-24.24986,44.04313,344.89,0.55,0.51,2026-09-19,1026,N,nominal,2.0NRT,309.04,4.11,D,VIIRS,4,Savannas & Grasslands
-23.88504,47.08612,332.9,0.54,0.42,2026-09-19,1026,N,nominal,2.0NRT,300.17,4.99,D,VIIRS,4,Savannas & Grasslands
-23.9809,46.27298,348.95,0.4,0.44,2026-09-19,1026,N,nominal,2.0NRT,312.29,5.55,D,VIIRS,4,Savannas & Grasslands
-23.88586,47.01277,330.09,0.55,0.42,2026-09-19,1026,N,nominal,2.0NRT,294.95,2.3,D,VIIRS,4,Savannas & Grasslands
-24.17202,44.3854,346.34,0.52,0.5,2026-09-19,1026,N,nominal,2.0NRT,311.5,10.42,D,VIIRS,4,Savannas & Grasslands
-23.90123,46.78084,337.94,0.56,0.43,2026-09-19,1026,N,nominal,2.0NRT,304.31,6.68,D,VIIRS,4,Savannas & Grasslands
-23.94934,46.36553,350.33,0.4,0.44,2026-09-19,1026,N,nominal,2.0NRT,314.41,7.96,D,VIIRS,4,Savannas & Grasslands
-23.99828,45.89432,343.31,0.42,0.45,2026-09-19,1026,N,nominal,2.0NRT,308.01,31.43,D,VIIRS,4,Savannas & Grasslands
-23.9537,46.25382,344.27,0.4,0.44,2026-09-19,1026,N,nominal,2.0NRT,312.93,3.45,D,VIIRS,4,Savannas & Grasslands
-23.89998,46.77853,336.73,0.56,0.43,2026-09-19,1026,N,nominal,2.0NRT,303.1,7.1,D,VIIRS,4,Savannas & Grasslands
-24.17438,44.38316,335.29,0.52,0.5,2026-09-19,1026,N,low,2.0NRT,310.21,5.24,D,VIIRS,4,Savannas & Grasslands
-23.99843,45.8951,334.23,0.42,0.45,2026-09-19,1026,N,low,2.0NRT,305.14,16.76,D,VIIRS,4,Savannas & Grasslands
-23.99891,45.89106,345.54,0.42,0.45,2026-09-19,1026,N,nominal,2.0NRT,311.66,16.76,D,VIIRS,4,Savannas & Grasslands
-24.16971,44.38262,344.45,0.52,0.5,2026-09-19,1026,N,nominal,2.0NRT,310.15,5.24,D,VIIRS,4,Savannas & Grasslands
-23.92877,46.44297,343.06,0.39,0.44,2026-09-19,1026,N,nominal,2.0NRT,311.82,5.51,D,VIIRS,4,Savannas & Grasslands
-23.92925,46.43906,356.76,0.39,0.44,2026-09-19,1026,N,nominal,2.0NRT,314.71,9.78,D,VIIRS,4,Savannas & Grasslands
-23.95155,46.25389,343.66,0.4,0.44,2026-09-19,1026,N,nominal,2.0NRT,313.5,4.07,D,VIIRS,4,Savannas & Grasslands
-23.92467,46.4425,335.29,0.39,0.44,2026-09-19,1026,N,low,2.0NRT,310.06,5.51,D,VIIRS,4,Savannas & Grasslands
-23.92515,46.4386,343.63,0.39,0.44,2026-09-19,1026,N,low,2.0NRT,313.8,9.78,D,VIIRS,4,Savannas & Grasslands
-23.96652,46.02086,343.49,0.42,0.45,2026-09-19,1026,N,nominal,2.0NRT,310.62,5.11,D,VIIRS,4,Savannas & Grasslands
-23.96706,46.01626,335.6,0.42,0.45,2026-09-19,1026,N,nominal,2.0NRT,307.88,3.26,D,VIIRS,4,Savannas & Grasslands
-23.9292,46.19402,344.0,0.41,0.45,2026-09-19,1026,N,nominal,2.0NRT,309.14,4.64,D,VIIRS,4,Savannas & Grasslands
-23.89823,46.38538,347.34,0.4,0.44,2026-09-19,1026,N,nominal,2.0NRT,311.81,8.31,D,VIIRS,4,Savannas & Grasslands
-23.95451,45.86652,343.48,0.42,0.46,2026-09-19,1026,N,nominal,2.0NRT,304.89,3.9,D,VIIRS,4,Savannas & Grasslands
-24.03092,45.18797,341.25,0.47,0.47,2026-09-19,1026,N,nominal,2.0NRT,315.27,3.46,D,VIIRS,4,Savannas & Grasslands
-23.89352,46.31911,344.36,0.4,0.44,2026-09-19,1026,N,nominal,2.0NRT,314.19,4.78,D,VIIRS,4,Savannas & Grasslands
-23.84015,46.63175,337.86,0.57,0.43,2026-09-19,1026,N,nominal,2.0NRT,303.56,10.72,D,VIIRS,4,Savannas & Grasslands
-23.86055,46.35127,341.43,0.4,0.44,2026-09-19,1026,N,nominal,2.0NRT,310.44,4.11,D,VIIRS,4,Savannas & Grasslands
-23.8529,46.18724,336.83,0.4,0.45,2026-09-19,1026,N,low,2.0NRT,308.84,2.57,D,VIIRS,4,Savannas & Grasslands
-23.8182,46.40628,343.37,0.39,0.44,2026-09-19,1026,N,nominal,2.0NRT,306.04,6.06,D,VIIRS,4,Savannas & Grasslands
-23.79276,46.47988,331.83,0.39,0.44,2026-09-19,1026,N,low,2.0NRT,303.98,1.63,D,VIIRS,4,Savannas & Grasslands
-23.8361,46.11555,339.21,0.41,0.45,2026-09-19,1026,N,nominal,2.0NRT,306.24,1.6,D,VIIRS,4,Savannas & Grasslands
-23.81002,46.19389,336.42,0.4,0.45,2026-09-19,1026,N,low,2.0NRT,307.94,0.98,D,VIIRS,4,Savannas & Grasslands
-23.82613,45.94556,341.81,0.42,0.45,2026-09-19,1026,N,nominal,2.0NRT,310.48,3.25,D,VIIRS,4,Savannas & Grasslands
-23.7968,46.16288,341.02,0.41,0.45,2026-09-19,1026,N,nominal,2.0NRT,309.98,2.75,D,VIIRS,4,Savannas & Grasslands
-23.79827,46.11377,344.79,0.41,0.45,2026-09-19,1026,N,nominal,2.0NRT,313.5,4.23,D,VIIRS,4,Savannas & Grasslands
-23.80145,46.04933,343.48,0.41,0.45,2026-09-19,1026,N,nominal,2.0NRT,307.62,3.54,D,VIIRS,4,Savannas & Grasslands
-23.78577,46.14889,340.35,0.41,0.45,2026-09-19,1026,N,nominal,2.0NRT,307.17,0.65,D,VIIRS,4,Savannas & Grasslands
-23.77535,46.20291,342.32,0.4,0.44,2026-09-19,1026,N,nominal,2.0NRT,307.76,3.44,D,VIIRS,4,Savannas & Grasslands
-23.79453,45.99831,342.85,0.42,0.45,2026-09-19,1026,N,nominal,2.0NRT,306.47,3.63,D,VIIRS,4,Savannas & Grasslands
-23.87688,45.17431,346.01,0.47,0.47,2026-09-19,1026,N,nominal,2.0NRT,315.22,5.81,D,VIIRS,4,Savannas & Grasslands
-23.76995,45.98987,335.02,0.42,0.45,2026-09-19,1026,N,nominal,2.0NRT,308.81,1.23,D,VIIRS,4,Savannas & Grasslands
-23.733,46.3621,336.96,0.39,0.44,2026-09-19,1026,N,low,2.0NRT,307.75,2.47,D,VIIRS,4,Savannas & Grasslands
-23.73931,45.91893,342.03,0.42,0.45,2026-09-19,1026,N,nominal,2.0NRT,308.84,11.02,D,VIIRS,4,Savannas & Grasslands
-23.72936,45.9679,341.55,0.42,0.45,2026-09-19,1026,N,nominal,2.0NRT,313.02,2.96,D,VIIRS,4,Savannas & Grasslands
-23.66303,46.46131,338.83,0.39,0.44,2026-09-19,1026,N,nominal,2.0NRT,304.87,2.72,D,VIIRS,4,Savannas & Grasslands
-23.71405,45.91566,334.89,0.42,0.45,2026-09-19,1026,N,low,2.0NRT,309.75,1.75,D,VIIRS,4,Savannas & Grasslands
-23.70979,45.91555,355.48,0.42,0.45,2026-09-19,1026,N,nominal,2.0NRT,310.37,14.52,D,VIIRS,4,Savannas & Grasslands
-23.59841,46.72959,335.74,0.56,0.43,2026-09-19,1026,N,nominal,2.0NRT,305.6,10.25,D,VIIRS,4,Savannas & Grasslands
-23.59971,46.71855,334.0,0.56,0.43,2026-09-19,1026,N,nominal,2.0NRT,302.97,7.1,D,VIIRS,4,Savannas & Grasslands
-23.65337,46.07571,341.8,0.41,0.45,2026-09-19,1026,N,nominal,2.0NRT,308.48,1.99,D,VIIRS,4,Savannas & Grasslands
-23.52327,47.06454,338.97,0.54,0.42,2026-09-19,1026,N,nominal,2.0NRT,298.82,12.51,D,VIIRS,4,Savannas & Grasslands
-23.65656,45.89881,341.01,0.42,0.45,2026-09-19,1026,N,low,2.0NRT,315.2,3.47,D,VIIRS,4,Savannas & Grasslands
-23.63374,45.76242,340.62,0.43,0.46,2026-09-19,1026,N,nominal,2.0NRT,313.88,2.67,D,VIIRS,4,Savannas & Grasslands
-23.56662,46.19766,337.31,0.4,0.44,2026-09-19,1026,N,low,2.0NRT,311.57,3.67,D,VIIRS,4,Savannas & Grasslands
-23.61829,45.70845,344.81,0.43,0.46,2026-09-19,1026,N,nominal,2.0NRT,313.79,4.4,D,VIIRS,4,Savannas & Grasslands
-23.43247,47.22128,332.97,0.53,0.42,2026-09-19,1026,N,nominal,2.0NRT,296.71,4.23,D,VIIRS,4,Savannas & Grasslands
-23.65338,45.14868,350.36,0.46,0.47,2026-09-19,1026,N,nominal,2.0NRT,318.6,20.78,D,VIIRS,4,Savannas & Grasslands
-23.64897,45.14804,351.75,0.46,0.47,2026-09-19,1026,N,nominal,2.0NRT,319.09,20.78,D,VIIRS,4,Savannas & Grasslands
-23.65365,45.15168,344.17,0.46,0.47,2026-09-19,1026,N,low,2.0NRT,316.04,9.14,D,VIIRS,4,Savannas & Grasslands
-23.65419,45.14695,344.03,0.46,0.47,2026-09-19,1026,N,low,2.0NRT,317.06,9.14,D,VIIRS,4,Savannas & Grasslands
-23.64979,45.1463,351.23,0.46,0.47,2026-09-19,1026,N,nominal,2.0NRT,318.46,9.14,D,VIIRS,4,Savannas & Grasslands
-23.5618,45.86657,350.69,0.42,0.45,2026-09-19,1026,N,nominal,2.0NRT,315.19,7.38,D,VIIRS,4,Savannas & Grasslands
-23.64538,45.14569,356.3,0.46,0.47,2026-09-19,1026,N,nominal,2.0NRT,314.96,17.67,D,VIIRS,4,Savannas & Grasslands
-23.37803,47.23939,340.24,0.52,0.42,2026-09-19,1026,N,nominal,2.0NRT,296.48,6.68,D,VIIRS,4,Savannas & Grasslands
-23.39175,47.09812,330.51,0.53,0.42,2026-09-19,1026,N,nominal,2.0NRT,292.04,3.62,D,VIIRS,4,Savannas & Grasslands
-23.56093,45.69015,341.09,0.43,0.46,2026-09-19,1026,N,low,2.0NRT,315.39,3.8,D,VIIRS,4,Savannas & Grasslands
-23.54582,45.78332,339.32,0.42,0.45,2026-09-19,1026,N,low,2.0NRT,312.87,3.59,D,VIIRS,4,Savannas & Grasslands
-23.54681,45.7748,347.83,0.42,0.46,2026-09-19,1026,N,nominal,2.0NRT,315.63,8.36,D,VIIRS,4,Savannas & Grasslands
-23.55242,45.68895,347.38,0.43,0.46,2026-09-19,1026,N,nominal,2.0NRT,314.99,5.2,D,VIIRS,4,Savannas & Grasslands
-23.53687,45.78634,342.78,0.42,0.45,2026-09-19,1026,N,low,2.0NRT,312.89,3.6,D,VIIRS,4,Savannas & Grasslands
-23.57366,45.42625,344.36,0.45,0.47,2026-09-19,1026,N,low,2.0NRT,316.13,5.0,D,VIIRS,4,Savannas & Grasslands
-23.37356,47.08465,333.31,0.53,0.42,2026-09-19,1026,N,nominal,2.0NRT,300.71,10.94,D,VIIRS,4,Savannas & Grasslands
-23.32825,47.41736,336.43,0.51,0.41,2026-09-19,1026,N,nominal,2.0NRT,298.49,4.65,D,VIIRS,4,Savannas & Grasslands
-23.36965,47.08408,336.87,0.53,0.42,2026-09-19,1026,N,nominal,2.0NRT,299.34,10.94,D,VIIRS,4,Savannas & Grasslands
-23.48592,46.07906,344.41,0.41,0.45,2026-09-19,1026,N,nominal,2.0NRT,311.79,4.44,D,VIIRS,4,Savannas & Grasslands
-23.48179,46.07823,339.72,0.41,0.45,2026-09-19,1026,N,low,2.0NRT,311.66,4.44,D,VIIRS,4,Savannas & Grasslands
-23.51093,45.82541,338.59,0.42,0.45,2026-09-19,1026,N,low,2.0NRT,312.12,2.43,D,VIIRS,4,Savannas & Grasslands
-23.51281,45.80893,349.64,0.42,0.45,2026-09-19,1026,N,nominal,2.0NRT,315.13,12.76,D,VIIRS,4,Savannas & Grasslands
-23.51328,45.80482,339.11,0.42,0.45,2026-09-19,1026,N,low,2.0NRT,312.08,3.59,D,VIIRS,4,Savannas & Grasslands
-23.48581,46.00692,341.85,0.41,0.45,2026-09-19,1026,N,low,2.0NRT,315.43,5.76,D,VIIRS,4,Savannas & Grasslands
-23.50859,45.80836,339.19,0.42,0.45,2026-09-19,1026,N,low,2.0NRT,313.12,3.94,D,VIIRS,4,Savannas & Grasslands
-23.42062,46.24501,341.07,0.4,0.44,2026-09-19,1026,N,nominal,2.0NRT,312.75,4.05,D,VIIRS,4,Savannas & Grasslands
-23.37823,46.57568,346.6,0.57,0.43,2026-09-19,1026,N,nominal,2.0NRT,303.51,6.87,D,VIIRS,4,Savannas & Grasslands
-23.37818,46.57366,347.14,0.57,0.43,2026-09-19,1026,N,nominal,2.0NRT,304.25,8.11,D,VIIRS,4,Savannas & Grasslands
-23.33516,46.65827,332.64,0.56,0.43,2026-09-19,1026,N,nominal,2.0NRT,301.12,32.89,D,VIIRS,4,Savannas & Grasslands
-23.33045,46.6635,345.16,0.56,0.43,2026-09-19,1026,N,nominal,2.0NRT,307.1,32.89,D,VIIRS,4,Savannas & Grasslands
-23.38773,46.18684,343.67,0.4,0.44,2026-09-19,1026,N,low,2.0NRT,314.96,6.39,D,VIIRS,4,Savannas & Grasslands
-23.41585,45.94833,351.68,0.41,0.45,2026-09-19,1026,N,nominal,2.0NRT,319.25,21.22,D,VIIRS,4,Savannas & Grasslands
-23.41633,45.94423,342.0,0.41,0.45,2026-09-19,1026,N,low,2.0NRT,316.77,10.53,D,VIIRS,4,Savannas & Grasslands
-23.34234,46.35924,332.52,0.39,0.44,2026-09-19,1026,N,low,2.0NRT,304.92,3.3,D,VIIRS,4,Savannas & Grasslands
-23.34719,46.31823,347.74,0.39,0.44,2026-09-19,1026,N,nominal,2.0NRT,305.49,6.75,D,VIIRS,4,Savannas & Grasslands
-23.33826,46.35875,331.41,0.39,0.44,2026-09-19,1026,N,nominal,2.0NRT,300.87,6.8,D,VIIRS,4,Savannas & Grasslands
-23.33866,46.35537,341.29,0.39,0.44,2026-09-19,1026,N,nominal,2.0NRT,300.91,6.8,D,VIIRS,4,Savannas & Grasslands
-23.35263,46.12855,344.07,0.4,0.44,2026-09-19,1026,N,low,2.0NRT,315.44,3.39,D,VIIRS,4,Savannas & Grasslands
-23.3531,46.12452,342.48,0.4,0.44,2026-09-19,1026,N,low,2.0NRT,316.71,5.17,D,VIIRS,4,Savannas & Grasslands
-23.35493,46.10868,341.44,0.4,0.45,2026-09-19,1026,N,nominal,2.0NRT,314.88,2.55,D,VIIRS,4,Savannas & Grasslands
-23.36145,45.97844,342.76,0.41,0.45,2026-09-19,1026,N,nominal,2.0NRT,312.26,5.74,D,VIIRS,4,Savannas & Grasslands
-23.43395,45.29076,344.78,0.45,0.47,2026-09-19,1026,N,nominal,2.0NRT,313.66,3.14,D,VIIRS,4,Savannas & Grasslands
-23.21944,47.04921,341.4,0.54,0.42,2026-09-19,1026,N,nominal,2.0NRT,299.94,5.99,D,VIIRS,4,Savannas & Grasslands
-23.21901,47.05212,333.14,0.53,0.42,2026-09-19,1026,N,nominal,2.0NRT,300.5,3.92,D,VIIRS,4,Savannas & Grasslands
-23.43312,45.29196,344.02,0.45,0.47,2026-09-19,1026,N,nominal,2.0NRT,313.69,4.05,D,VIIRS,4,Savannas & Grasslands
-23.35159,45.80173,357.45,0.42,0.45,2026-09-19,1026,N,nominal,2.0NRT,312.24,7.39,D,VIIRS,4,Savannas & Grasslands
-23.25994,46.42802,341.87,0.39,0.44,2026-09-19,1026,N,nominal,2.0NRT,302.35,6.26,D,VIIRS,4,Savannas & Grasslands
-23.2298,46.64244,336.53,0.56,0.43,2026-09-19,1026,N,nominal,2.0NRT,302.55,11.3,D,VIIRS,4,Savannas & Grasslands
-8.48378,36.20416,333.56,0.57,0.69,2026-09-19,1030,N,nominal,2.0NRT,291.37,4.65,D,VIIRS,4,Savannas & Grasslands
-23.25589,46.42744,333.08,0.39,0.44,2026-09-19,1026,N,nominal,2.0NRT,301.19,2.86,D,VIIRS,4,Savannas & Grasslands
-23.3086,45.61468,343.43,0.43,0.46,2026-09-19,1026,N,low,2.0NRT,314.63,3.24,D,VIIRS,4,Savannas & Grasslands
-8.40588,36.24871,330.61,0.57,0.69,2026-09-19,1030,N,nominal,2.0NRT,291.65,5.17,D,VIIRS,4,Savannas & Grasslands
-23.16847,46.71361,350.06,0.56,0.43,2026-09-19,1026,N,nominal,2.0NRT,300.35,8.11,D,VIIRS,4,Savannas & Grasslands
-23.32344,45.36437,355.14,0.45,0.47,2026-09-19,1026,N,nominal,2.0NRT,314.18,7.51,D,VIIRS,4,Savannas & Grasslands
-8.43619,35.79441,367.0,0.61,0.71,2026-09-19,1030,N,high,2.0NRT,295.11,38.85,D,VIIRS,4,Savannas & Grasslands
-23.24258,45.97098,342.09,0.41,0.45,2026-09-19,1026,N,nominal,2.0NRT,315.26,7.28,D,VIIRS,4,Savannas & Grasslands
-8.43688,35.78883,350.13,0.61,0.71,2026-09-19,1030,N,nominal,2.0NRT,291.75,22.73,D,VIIRS,4,Savannas & Grasslands
-23.23841,45.97038,367.0,0.41,0.45,2026-09-19,1026,N,high,2.0NRT,319.5,7.28,D,VIIRS,4,Savannas & Grasslands
-8.61544,34.32218,342.46,0.77,0.77,2026-09-19,1030,N,nominal,2.0NRT,292.48,8.83,D,VIIRS,4,Savannas & Grasslands
-23.25501,45.82338,342.67,0.42,0.45,2026-09-19,1026,N,nominal,2.0NRT,311.94,1.24,D,VIIRS,4,Savannas & Grasslands
-23.2419,45.97135,355.05,0.41,0.45,2026-09-19,1026,N,nominal,2.0NRT,316.29,7.33,D,VIIRS,4,Savannas & Grasslands
-8.04764,38.75452,340.19,0.38,0.59,2026-09-19,1030,N,nominal,2.0NRT,291.36,1.84,D,VIIRS,4,Savannas & Grasslands
-23.23774,45.97076,367.0,0.41,0.45,2026-09-19,1026,N,high,2.0NRT,319.19,8.25,D,VIIRS,4,Savannas & Grasslands
-8.17325,37.78273,344.95,0.45,0.63,2026-09-19,1030,N,nominal,2.0NRT,285.68,8.6,D,VIIRS,4,Savannas & Grasslands
-23.23357,45.9702,353.64,0.41,0.45,2026-09-19,1026,N,nominal,2.0NRT,315.78,8.25,D,VIIRS,4,Savannas & Grasslands
-23.24645,45.8267,347.67,0.42,0.45,2026-09-19,1026,N,nominal,2.0NRT,316.89,6.79,D,VIIRS,4,Savannas & Grasslands
-8.32215,36.39774,329.97,0.56,0.68,2026-09-19,1030,N,nominal,2.0NRT,291.01,3.5,D,VIIRS,4,Savannas & Grasslands
-23.10053,46.59399,336.6,0.56,0.43,2026-09-19,1026,N,nominal,2.0NRT,297.61,5.54,D,VIIRS,4,Savannas & Grasslands
-8.43801,35.79548,367.0,0.61,0.71,2026-09-19,1030,N,high,2.0NRT,293.08,25.44,D,VIIRS,4,Savannas & Grasslands
-23.09983,46.46299,340.28,0.38,0.43,2026-09-19,1026,N,nominal,2.0NRT,297.7,2.3,D,VIIRS,4,Savannas & Grasslands
-8.17375,37.78127,347.81,0.45,0.63,2026-09-19,1030,N,nominal,2.0NRT,289.36,5.84,D,VIIRS,4,Savannas & Grasslands
-23.32774,44.42381,340.57,0.51,0.49,2026-09-19,1026,N,low,2.0NRT,312.13,2.96,D,VIIRS,4,Savannas & Grasslands
-8.43873,35.78997,353.19,0.61,0.71,2026-09-19,1030,N,nominal,2.0NRT,294.79,25.44,D,VIIRS,4,Savannas & Grasslands
-23.10379,46.3948,337.12,0.39,0.44,2026-09-19,1026,N,nominal,2.0NRT,298.87,4.41,D,VIIRS,4,Savannas & Grasslands
-8.07977,38.42973,331.48,0.4,0.6,2026-09-19,1030,N,nominal,2.0NRT,294.44,4.1,D,VIIRS,4,Savannas & Grasslands
-23.07393,46.57798,342.68,0.57,0.43,2026-09-19,1026,N,nominal,2.0NRT,302.69,11.74,D,VIIRS,4,Savannas & Grasslands
-8.61283,34.32511,345.72,0.77,0.77,2026-09-19,1030,N,nominal,2.0NRT,292.15,10.22,D,VIIRS,4,Savannas & Grasslands
-23.09205,46.38956,351.28,0.39,0.44,2026-09-19,1026,N,nominal,2.0NRT,301.25,18.74,D,VIIRS,4,Savannas & Grasslands
-8.0695,38.33743,342.68,0.41,0.6,2026-09-19,1030,N,nominal,2.0NRT,294.02,3.51,D,VIIRS,4,Savannas & Grasslands
-23.09296,46.38174,338.07,0.39,0.44,2026-09-19,1026,N,nominal,2.0NRT,295.64,7.32,D,VIIRS,4,Savannas & Grasslands
-7.957,38.84238,337.23,0.37,0.58,2026-09-19,1030,N,nominal,2.0NRT,292.73,5.42,D,VIIRS,4,Savannas & Grasslands
-8.28358,35.84922,344.42,0.61,0.71,2026-09-19,1030,N,nominal,2.0NRT,296.16,5.44,D,VIIRS,4,Savannas & Grasslands
-23.19823,45.45702,342.27,0.44,0.46,2026-09-19,1026,N,nominal,2.0NRT,315.97,3.04,D,VIIRS,4,Savannas & Grasslands
-7.96324,38.50684,332.4,0.39,0.6,2026-09-19,1030,N,nominal,2.0NRT,294.27,3.26,D,VIIRS,4,Savannas & Grasslands
-23.07281,46.57685,336.01,0.57,0.43,2026-09-19,1026,N,nominal,2.0NRT,303.24,9.14,D,VIIRS,4,Savannas & Grasslands
-22.91226,47.67914,336.36,0.49,0.4,2026-09-19,1026,N,nominal,2.0NRT,300.52,5.74,D,VIIRS,4,Savannas & Grasslands
-8.2134,36.55663,333.78,0.54,0.68,2026-09-19,1030,N,nominal,2.0NRT,291.77,4.75,D,VIIRS,4,Savannas & Grasslands
-23.32294,44.21959,343.05,0.52,0.5,2026-09-19,1026,N,nominal,2.0NRT,312.58,4.75,D,VIIRS,4,Savannas & Grasslands
-8.17473,36.6076,353.52,0.53,0.67,2026-09-19,1030,N,nominal,2.0NRT,292.96,12.82,D,VIIRS,4,Savannas & Grasslands
-8.2644,35.91261,336.56,0.6,0.71,2026-09-19,1030,N,nominal,2.0NRT,291.12,9.43,D,VIIRS,4,Savannas & Grasslands
-23.07381,46.199,334.15,0.4,0.44,2026-09-19,1026,N,low,2.0NRT,306.7,3.91,D,VIIRS,4,Savannas & Grasslands
-23.09804,45.9248,342.2,0.41,0.45,2026-09-19,1026,N,low,2.0NRT,316.1,6.58,D,VIIRS,4,Savannas & Grasslands
-8.25779,35.91222,367.0,0.6,0.71,2026-09-19,1030,N,high,2.0NRT,290.39,9.43,D,VIIRS,4,Savannas & Grasslands
-23.09851,45.92076,350.63,0.41,0.45,2026-09-19,1026,N,nominal,2.0NRT,317.81,10.24,D,VIIRS,4,Savannas & Grasslands
-8.16909,36.60186,351.9,0.54,0.67,2026-09-19,1030,N,nominal,2.0NRT,293.94,8.9,D,VIIRS,4,Savannas & Grasslands
-23.13465,45.46038,341.56,0.44,0.46,2026-09-19,1026,N,low,2.0NRT,313.8,2.34,D,VIIRS,4,Savannas & Grasslands
-8.26988,35.09874,339.32,0.68,0.74,2026-09-19,1030,N,nominal,2.0NRT,291.48,6.98,D,VIIRS,4,Savannas & Grasslands
-7.9026,38.01176,336.41,0.43,0.62,2026-09-19,1030,N,nominal,2.0NRT,295.23,3.11,D,VIIRS,4,Savannas & Grasslands
-23.18562,44.75834,342.99,0.48,0.48,2026-09-19,1026,N,nominal,2.0NRT,312.72,1.98,D,VIIRS,4,Savannas & Grasslands
-23.01089,46.1672,333.5,0.4,0.44,2026-09-19,1026,N,low,2.0NRT,308.05,3.47,D,VIIRS,4,Savannas & Grasslands
-7.90104,38.01149,344.66,0.43,0.62,2026-09-19,1030,N,nominal,2.0NRT,295.93,4.94,D,VIIRS,4,Savannas & Grasslands
-23.06925,45.6555,342.23,0.43,0.46,2026-09-19,1026,N,low,2.0NRT,314.38,2.88,D,VIIRS,4,Savannas & Grasslands
-7.89588,38.00657,367.0,0.43,0.62,2026-09-19,1030,N,high,2.0NRT,300.42,19.54,D,VIIRS,4,Savannas & Grasslands
-23.03545,45.91661,355.31,0.41,0.45,2026-09-19,1026,N,nominal,2.0NRT,316.48,13.1,D,VIIRS,4,Savannas & Grasslands
-7.89481,38.01453,336.35,0.43,0.62,2026-09-19,1030,N,nominal,2.0NRT,296.56,7.66,D,VIIRS,4,Savannas & Grasslands
-7.89534,38.01056,340.01,0.43,0.62,2026-09-19,1030,N,nominal,2.0NRT,297.07,19.54,D,VIIRS,4,Savannas & Grasslands
-23.07974,45.52299,345.43,0.43,0.46,2026-09-19,1026,N,nominal,2.0NRT,314.91,3.93,D,VIIRS,4,Savannas & Grasslands
-23.16912,44.65535,346.83,0.49,0.49,2026-09-19,1026,N,nominal,2.0NRT,312.86,5.7,D,VIIRS,4,Savannas & Grasslands
-7.89641,38.00259,352.59,0.43,0.62,2026-09-19,1030,N,nominal,2.0NRT,295.15,11.11,D,VIIRS,4,Savannas & Grasslands
-7.89802,37.99063,337.64,0.43,0.62,2026-09-19,1030,N,nominal,2.0NRT,294.48,8.23,D,VIIRS,4,Savannas & Grasslands
-22.94026,46.63055,333.63,0.56,0.43,2026-09-19,1026,N,nominal,2.0NRT,305.08,5.17,D,VIIRS,4,Savannas & Grasslands
-23.03477,45.91676,356.69,0.41,0.45,2026-09-19,1026,N,nominal,2.0NRT,315.5,11.24,D,VIIRS,4,Savannas & Grasslands
-7.89124,37.99774,330.2,0.43,0.62,2026-09-19,1030,N,nominal,2.0NRT,296.17,11.11,D,VIIRS,4,Savannas & Grasslands
-23.0661,45.65564,340.05,0.43,0.46,2026-09-19,1026,N,low,2.0NRT,314.51,3.7,D,VIIRS,4,Savannas & Grasslands
-8.20116,35.1431,334.24,0.67,0.74,2026-09-19,1030,N,nominal,2.0NRT,296.63,6.85,D,VIIRS,4,Savannas & Grasslands
-23.08174,45.52398,342.01,0.43,0.46,2026-09-19,1026,N,low,2.0NRT,313.51,3.24,D,VIIRS,4,Savannas & Grasslands
-8.20201,35.13615,347.06,0.67,0.74,2026-09-19,1030,N,nominal,2.0NRT,297.38,6.85,D,VIIRS,4,Savannas & Grasslands
-23.08225,45.51966,346.13,0.43,0.46,2026-09-19,1026,N,nominal,2.0NRT,315.76,5.43,D,VIIRS,4,Savannas & Grasslands
-8.19837,35.109,344.58,0.68,0.74,2026-09-19,1030,N,nominal,2.0NRT,300.36,13.81,D,VIIRS,4,Savannas & Grasslands
-8.1915,35.10811,339.18,0.68,0.74,2026-09-19,1030,N,nominal,2.0NRT,296.87,11.41,D,VIIRS,4,Savannas & Grasslands
-23.16835,44.65715,345.59,0.49,0.49,2026-09-19,1026,N,nominal,2.0NRT,313.14,7.74,D,VIIRS,4,Savannas & Grasslands
-22.94778,46.42669,330.71,0.38,0.43,2026-09-19,1026,N,low,2.0NRT,304.99,3.22,D,VIIRS,4,Savannas & Grasslands
-7.94762,36.96239,330.79,0.5,0.66,2026-09-19,1030,N,nominal,2.0NRT,292.77,4.89,D,VIIRS,4,Savannas & Grasslands
-22.97743,46.07841,343.79,0.4,0.44,2026-09-19,1026,N,nominal,2.0NRT,309.64,4.58,D,VIIRS,4,Savannas & Grasslands
-7.96422,36.93738,334.32,0.5,0.66,2026-09-19,1030,N,nominal,2.0NRT,293.79,8.47,D,VIIRS,4,Savannas & Grasslands
-23.00315,45.71602,343.17,0.42,0.45,2026-09-19,1026,N,nominal,2.0NRT,312.66,3.8,D,VIIRS,4,Savannas & Grasslands
-8.20169,35.1412,342.39,0.67,0.74,2026-09-19,1030,N,nominal,2.0NRT,296.87,12.42,D,VIIRS,4,Savannas & Grasslands
-23.17245,44.19365,348.13,0.52,0.5,2026-09-19,1026,N,nominal,2.0NRT,314.62,7.03,D,VIIRS,4,Savannas & Grasslands
-8.20259,35.13427,339.03,0.67,0.74,2026-09-19,1030,N,nominal,2.0NRT,296.92,10.7,D,VIIRS,4,Savannas & Grasslands
-22.99701,45.73202,340.98,0.42,0.45,2026-09-19,1026,N,nominal,2.0NRT,313.57,4.14,D,VIIRS,4,Savannas & Grasslands
-8.19911,35.10725,335.28,0.68,0.74,2026-09-19,1030,N,nominal,2.0NRT,300.46,7.22,D,VIIRS,4,Savannas & Grasslands
-22.99796,45.7238,351.81,0.42,0.45,2026-09-19,1026,N,nominal,2.0NRT,315.06,12.9,D,VIIRS,4,Savannas & Grasslands
-8.19223,35.1064,346.35,0.68,0.74,2026-09-19,1030,N,nominal,2.0NRT,296.9,7.22,D,VIIRS,4,Savannas & Grasslands
-23.17107,44.16204,347.84,0.53,0.5,2026-09-19,1026,N,nominal,2.0NRT,316.31,9.5,D,VIIRS,4,Savannas & Grasslands
-7.63996,38.99253,367.0,0.36,0.58,2026-09-19,1030,N,high,2.0NRT,295.36,8.6,D,VIIRS,4,Savannas & Grasslands
-23.13101,44.49342,337.63,0.5,0.49,2026-09-19,1026,N,low,2.0NRT,311.38,3.9,D,VIIRS,4,Savannas & Grasslands
-7.63949,38.99601,340.0,0.36,0.58,2026-09-19,1030,N,nominal,2.0NRT,292.94,9.68,D,VIIRS,4,Savannas & Grasslands
-22.97695,45.68274,341.83,0.42,0.45,2026-09-19,1026,N,nominal,2.0NRT,315.29,5.66,D,VIIRS,4,Savannas & Grasslands
-7.90838,36.98243,331.04,0.5,0.66,2026-09-19,1030,N,nominal,2.0NRT,294.68,6.58,D,VIIRS,4,Savannas & Grasslands
-22.97743,45.67856,343.31,0.42,0.45,2026-09-19,1026,N,nominal,2.0NRT,313.64,2.55,D,VIIRS,4,Savannas & Grasslands
-8.13183,35.19735,330.13,0.67,0.73,2026-09-19,1030,N,nominal,2.0NRT,293.07,4.01,D,VIIRS,4,Savannas & Grasslands
-23.1205,44.37376,340.62,0.51,0.49,2026-09-19,1026,N,nominal,2.0NRT,313.8,3.81,D,VIIRS,4,Savannas & Grasslands
-22.87186,46.47905,334.14,0.57,0.43,2026-09-19,1026,N,nominal,2.0NRT,303.53,6.2,D,VIIRS,4,Savannas & Grasslands
-7.59033,39.03874,343.26,0.36,0.57,2026-09-19,1030,N,nominal,2.0NRT,295.68,3.75,D,VIIRS,4,Savannas & Grasslands
-22.86784,46.4785,343.28,0.57,0.43,2026-09-19,1026,N,nominal,2.0NRT,303.61,6.2,D,VIIRS,4,Savannas & Grasslands
-8.19413,34.16958,337.34,0.78,0.78,2026-09-19,1030,N,nominal,2.0NRT,292.19,5.53,D,VIIRS,4,Savannas & Grasslands
-23.13579,44.04428,333.82,0.54,0.5,2026-09-19,1026,N,low,2.0NRT,304.74,3.59,D,VIIRS,4,Savannas & Grasslands
-8.04124,35.2574,367.0,0.66,0.73,2026-09-19,1030,N,high,2.0NRT,299.71,18.74,D,VIIRS,4,Savannas & Grasslands
-23.14638,43.89251,342.28,0.55,0.51,2026-09-19,1026,N,nominal,2.0NRT,304.8,4.51,D,VIIRS,4,Savannas & Grasslands
-22.87113,46.47698,337.31,0.57,0.43,2026-09-19,1026,N,nominal,2.0NRT,304.57,13.8,D,VIIRS,4,Savannas & Grasslands
-8.03967,35.2703,337.1,0.66,0.73,2026-09-19,1030,N,nominal,2.0NRT,298.24,13.62,D,VIIRS,4,Savannas & Grasslands
-23.14609,43.89013,342.91,0.55,0.51,2026-09-19,1026,N,nominal,2.0NRT,304.55,4.86,D,VIIRS,4,Savannas & Grasslands
-8.04049,35.26356,340.83,0.66,0.73,2026-09-19,1030,N,nominal,2.0NRT,297.29,13.62,D,VIIRS,4,Savannas & Grasslands
-22.74965,47.09278,345.18,0.53,0.42,2026-09-19,1026,N,nominal,2.0NRT,299.58,8.19,D,VIIRS,4,Savannas & Grasslands
-8.03364,35.26301,330.71,0.66,0.73,2026-09-19,1030,N,nominal,2.0NRT,297.5,13.62,D,VIIRS,4,Savannas & Grasslands
-22.90769,45.76313,367.0,0.42,0.45,2026-09-19,1026,N,high,2.0NRT,315.38,9.87,D,VIIRS,4,Savannas & Grasslands
-8.0344,35.25676,355.77,0.66,0.73,2026-09-19,1030,N,nominal,2.0NRT,299.12,18.74,D,VIIRS,4,Savannas & Grasslands
-22.83848,46.3423,343.2,0.39,0.44,2026-09-19,1026,N,nominal,2.0NRT,307.28,10.5,D,VIIRS,4,Savannas & Grasslands
-8.19255,34.16801,337.28,0.78,0.78,2026-09-19,1030,N,nominal,2.0NRT,291.58,8.22,D,VIIRS,4,Savannas & Grasslands
-22.90721,45.76722,337.19,0.42,0.45,2026-09-19,1026,N,nominal,2.0NRT,311.88,2.59,D,VIIRS,4,Savannas & Grasslands
-23.10717,43.98443,338.12,0.54,0.51,2026-09-19,1026,N,nominal,2.0NRT,305.66,5.52,D,VIIRS,4,Savannas & Grasslands
-8.03899,35.26109,367.0,0.66,0.73,2026-09-19,1030,N,high,2.0NRT,298.23,21.97,D,VIIRS,4,Savannas & Grasslands
-22.83442,46.3418,345.34,0.39,0.44,2026-09-19,1026,N,nominal,2.0NRT,305.2,10.5,D,VIIRS,4,Savannas & Grasslands
-8.03977,35.25506,367.0,0.66,0.73,2026-09-19,1030,N,high,2.0NRT,299.58,21.97,D,VIIRS,4,Savannas & Grasslands
-22.83495,46.33741,335.91,0.39,0.44,2026-09-19,1026,N,nominal,2.0NRT,306.99,10.5,D,VIIRS,4,Savannas & Grasslands
-8.03814,35.26773,339.91,0.66,0.73,2026-09-19,1030,N,nominal,2.0NRT,299.06,17.9,D,VIIRS,4,Savannas & Grasslands
-22.87228,45.99107,338.67,0.4,0.45,2026-09-19,1026,N,low,2.0NRT,312.82,2.82,D,VIIRS,4,Savannas & Grasslands
-8.08644,34.24229,336.24,0.77,0.77,2026-09-19,1030,N,nominal,2.0NRT,276.25,6.98,D,VIIRS,4,Savannas & Grasslands
-7.73309,36.31199,367.0,0.55,0.68,2026-09-19,1030,N,high,2.0NRT,297.9,17.2,D,VIIRS,4,Savannas & Grasslands
-22.8504,46.13988,337.4,0.4,0.44,2026-09-19,1026,N,low,2.0NRT,311.41,2.11,D,VIIRS,4,Savannas & Grasslands
-7.73378,36.30651,348.21,0.55,0.68,2026-09-19,1030,N,nominal,2.0NRT,294.22,17.2,D,VIIRS,4,Savannas & Grasslands
-22.86814,45.99053,339.94,0.4,0.45,2026-09-19,1026,N,low,2.0NRT,310.55,2.82,D,VIIRS,4,Savannas & Grasslands
-7.76411,36.01556,336.23,0.58,0.7,2026-09-19,1030,N,nominal,2.0NRT,295.07,4.82,D,VIIRS,4,Savannas & Grasslands
-7.42761,38.57775,331.82,0.38,0.59,2026-09-19,1030,N,nominal,2.0NRT,293.63,2.11,D,VIIRS,4,Savannas & Grasslands
-22.86862,45.9865,336.17,0.4,0.45,2026-09-19,1026,N,low,2.0NRT,309.86,2.82,D,VIIRS,4,Savannas & Grasslands
-7.81386,35.56523,333.65,0.62,0.72,2026-09-19,1030,N,nominal,2.0NRT,299.4,9.03,D,VIIRS,4,Savannas & Grasslands
-7.79517,35.55212,331.31,0.63,0.72,2026-09-19,1030,N,nominal,2.0NRT,300.12,11.46,D,VIIRS,4,Savannas & Grasslands
-23.10156,43.90144,334.86,0.55,0.51,2026-09-19,1026,N,nominal,2.0NRT,306.26,13.14,D,VIIRS,4,Savannas & Grasslands
-23.10214,43.89588,338.27,0.55,0.51,2026-09-19,1026,N,nominal,2.0NRT,307.67,13.14,D,VIIRS,4,Savannas & Grasslands
-7.4269,38.57669,334.95,0.38,0.59,2026-09-19,1030,N,nominal,2.0NRT,293.81,3.23,D,VIIRS,4,Savannas & Grasslands
-7.73103,36.30872,367.0,0.55,0.68,2026-09-19,1030,N,high,2.0NRT,296.53,18.71,D,VIIRS,4,Savannas & Grasslands
-23.05841,44.21924,349.85,0.52,0.5,2026-09-19,1026,N,nominal,2.0NRT,317.69,12.49,D,VIIRS,4,Savannas & Grasslands
-7.73032,36.31403,332.19,0.55,0.68,2026-09-19,1030,N,nominal,2.0NRT,293.44,18.71,D,VIIRS,4,Savannas & Grasslands
-23.05378,44.21849,346.74,0.52,0.5,2026-09-19,1026,N,nominal,2.0NRT,316.35,7.56,D,VIIRS,4,Savannas & Grasslands
-7.76341,36.01739,335.9,0.58,0.7,2026-09-19,1030,N,nominal,2.0NRT,294.77,7.39,D,VIIRS,4,Savannas & Grasslands
-7.36927,38.87198,332.27,0.37,0.58,2026-09-19,1030,N,nominal,2.0NRT,295.85,2.95,D,VIIRS,4,Savannas & Grasslands
-22.72319,47.02011,335.64,0.53,0.42,2026-09-19,1026,N,nominal,2.0NRT,304.17,2.43,D,VIIRS,4,Savannas & Grasslands
-7.81684,35.56312,346.31,0.62,0.72,2026-09-19,1030,N,nominal,2.0NRT,300.54,6.36,D,VIIRS,4,Savannas & Grasslands
-7.55261,37.49365,332.16,0.46,0.63,2026-09-19,1030,N,nominal,2.0NRT,292.15,5.49,D,VIIRS,4,Savannas & Grasslands
-22.9577,44.89703,338.72,0.47,0.48,2026-09-19,1026,N,low,2.0NRT,312.85,2.94,D,VIIRS,4,Savannas & Grasslands
-7.67815,36.41545,330.41,0.54,0.68,2026-09-19,1030,N,nominal,2.0NRT,295.95,4.99,D,VIIRS,4,Savannas & Grasslands
-22.67745,47.26207,331.28,0.51,0.41,2026-09-19,1026,N,nominal,2.0NRT,299.43,3.12,D,VIIRS,4,Savannas & Grasslands
-7.7908,35.55498,339.73,0.62,0.72,2026-09-19,1030,N,nominal,2.0NRT,302.13,11.68,D,VIIRS,4,Savannas & Grasslands
-7.79144,35.55005,331.1,0.62,0.72,2026-09-19,1030,N,nominal,2.0NRT,298.39,5.8,D,VIIRS,4,Savannas & Grasslands
-22.73084,46.82791,334.62,0.54,0.42,2026-09-19,1026,N,low,2.0NRT,308.13,2.78,D,VIIRS,4,Savannas & Grasslands
-7.73694,35.55241,330.82,0.62,0.72,2026-09-19,1030,N,nominal,2.0NRT,299.44,2.65,D,VIIRS,4,Savannas & Grasslands
-22.66804,47.14099,330.16,0.52,0.42,2026-09-19,1026,N,nominal,2.0NRT,297.36,3.27,D,VIIRS,4,Savannas & Grasslands
-7.28649,38.87869,351.58,0.36,0.58,2026-09-19,1030,N,nominal,2.0NRT,296.9,6.27,D,VIIRS,4,Savannas & Grasslands
-7.26746,38.72141,336.84,0.37,0.58,2026-09-19,1030,N,nominal,2.0NRT,292.89,2.61,D,VIIRS,4,Savannas & Grasslands
-22.7633,46.11587,339.33,0.4,0.44,2026-09-19,1026,N,nominal,2.0NRT,307.47,1.52,D,VIIRS,4,Savannas & Grasslands
-7.34866,37.65021,334.2,0.44,0.63,2026-09-19,1030,N,nominal,2.0NRT,290.19,2.45,D,VIIRS,4,Savannas & Grasslands
-22.70907,46.39403,339.81,0.57,0.43,2026-09-19,1026,N,nominal,2.0NRT,309.09,5.17,D,VIIRS,4,Savannas & Grasslands
-7.61384,35.31853,333.94,0.64,0.72,2026-09-19,1030,N,nominal,2.0NRT,299.68,4.65,D,VIIRS,4,Savannas & Grasslands
-7.61144,35.31592,342.62,0.64,0.72,2026-09-19,1030,N,nominal,2.0NRT,298.94,4.81,D,VIIRS,4,Savannas & Grasslands
-22.6262,46.87559,340.61,0.54,0.42,2026-09-19,1026,N,nominal,2.0NRT,305.53,6.05,D,VIIRS,4,Savannas & Grasslands
-7.46094,36.41167,367.0,0.54,0.68,2026-09-19,1030,N,high,2.0NRT,322.73,201.65,D,VIIRS,4,Savannas & Grasslands
-22.89621,44.48336,341.34,0.5,0.49,2026-09-19,1026,N,low,2.0NRT,313.98,6.1,D,VIIRS,4,Savannas & Grasslands
-22.69351,46.21356,331.42,0.39,0.44,2026-09-19,1026,N,low,2.0NRT,303.98,0.57,D,VIIRS,4,Savannas & Grasslands
-7.46164,36.40638,342.94,0.54,0.68,2026-09-19,1030,N,nominal,2.0NRT,302.4,65.67,D,VIIRS,4,Savannas & Grasslands
-22.76585,45.51038,342.93,0.43,0.46,2026-09-19,1026,N,nominal,2.0NRT,311.62,4.53,D,VIIRS,4,Savannas & Grasslands
-7.18895,38.35101,346.32,0.39,0.6,2026-09-19,1030,N,nominal,2.0NRT,293.4,3.94,D,VIIRS,4,Savannas & Grasslands
-22.6032,46.80205,332.13,0.54,0.42,2026-09-19,1026,N,nominal,2.0NRT,305.92,3.49,D,VIIRS,4,Savannas & Grasslands
-7.44111,36.11708,341.17,0.57,0.69,2026-09-19,1030,N,nominal,2.0NRT,301.02,12.27,D,VIIRS,4,Savannas & Grasslands
-22.76669,45.51236,344.94,0.43,0.46,2026-09-19,1026,N,nominal,2.0NRT,312.75,2.39,D,VIIRS,4,Savannas & Grasslands
-7.44041,36.11713,332.5,0.57,0.69,2026-09-19,1030,N,nominal,2.0NRT,299.46,14.02,D,VIIRS,4,Savannas & Grasslands
-22.6039,46.80066,333.23,0.54,0.42,2026-09-19,1026,N,nominal,2.0NRT,305.56,3.18,D,VIIRS,4,Savannas & Grasslands
-22.85539,44.30321,339.56,0.51,0.49,2026-09-19,1026,N,nominal,2.0NRT,313.74,4.2,D,VIIRS,4,Savannas & Grasslands
-7.21409,37.51376,340.38,0.45,0.63,2026-09-19,1030,N,nominal,2.0NRT,293.5,3.6,D,VIIRS,4,Savannas & Grasslands
-22.6618,45.81981,336.1,0.41,0.45,2026-09-19,1026,N,low,2.0NRT,308.49,1.14,D,VIIRS,4,Savannas & Grasslands
-6.97404,38.72738,332.55,0.37,0.58,2026-09-19,1030,N,nominal,2.0NRT,292.18,3.57,D,VIIRS,4,Savannas & Grasslands
-22.77561,44.82046,345.47,0.47,0.48,2026-09-19,1026,N,nominal,2.0NRT,311.6,6.45,D,VIIRS,4,Savannas & Grasslands
-7.25154,36.53988,342.9,0.53,0.67,2026-09-19,1030,N,nominal,2.0NRT,299.39,6.65,D,VIIRS,4,Savannas & Grasslands
-22.77881,44.79151,346.49,0.48,0.48,2026-09-19,1026,N,nominal,2.0NRT,309.82,4.38,D,VIIRS,4,Savannas & Grasslands
-7.23249,35.84138,336.34,0.59,0.7,2026-09-19,1030,N,nominal,2.0NRT,302.85,5.17,D,VIIRS,4,Savannas & Grasslands
-22.82146,44.40125,342.84,0.5,0.49,2026-09-19,1026,N,nominal,2.0NRT,314.29,6.31,D,VIIRS,4,Savannas & Grasslands
-7.22605,35.84002,335.12,0.59,0.7,2026-09-19,1030,N,nominal,2.0NRT,303.83,5.17,D,VIIRS,4,Savannas & Grasslands
-22.59092,46.38174,332.86,0.57,0.43,2026-09-19,1026,N,low,2.0NRT,306.71,5.16,D,VIIRS,4,Savannas & Grasslands
-7.22656,35.84275,345.25,0.59,0.7,2026-09-19,1030,N,nominal,2.0NRT,303.92,8.57,D,VIIRS,4,Savannas & Grasslands
-22.84328,44.15386,338.44,0.52,0.5,2026-09-19,1026,N,low,2.0NRT,311.97,5.14,D,VIIRS,4,Savannas & Grasslands
-7.37508,34.37995,334.34,0.74,0.76,2026-09-19,1030,N,nominal,2.0NRT,297.61,6.57,D,VIIRS,4,Savannas & Grasslands
-7.14724,36.09634,367.0,0.56,0.69,2026-09-19,1030,N,high,2.0NRT,304.59,24.07,D,VIIRS,4,Savannas & Grasslands
-22.84378,44.14915,343.88,0.52,0.5,2026-09-19,1026,N,nominal,2.0NRT,312.3,5.62,D,VIIRS,4,Savannas & Grasslands
-7.1479,36.09133,351.23,0.56,0.69,2026-09-19,1030,N,nominal,2.0NRT,302.31,24.07,D,VIIRS,4,Savannas & Grasslands
-22.8497,44.04826,344.59,0.53,0.5,2026-09-19,1026,N,nominal,2.0NRT,308.44,14.41,D,VIIRS,4,Savannas & Grasslands
-7.34919,34.35611,344.74,0.74,0.76,2026-09-19,1030,N,nominal,2.0NRT,298.65,10.11,D,VIIRS,4,Savannas & Grasslands
-22.71869,45.01118,356.83,0.46,0.47,2026-09-19,1026,N,nominal,2.0NRT,315.09,13.83,D,VIIRS,4,Savannas & Grasslands
-7.34297,34.34802,334.85,0.74,0.76,2026-09-19,1030,N,nominal,2.0NRT,297.83,6.06,D,VIIRS,4,Savannas & Grasslands
-22.72832,44.92301,347.23,0.47,0.48,2026-09-19,1026,N,nominal,2.0NRT,310.06,7.47,D,VIIRS,4,Savannas & Grasslands
-7.07808,36.23071,335.95,0.55,0.68,2026-09-19,1030,N,nominal,2.0NRT,303.79,4.45,D,VIIRS,4,Savannas & Grasslands
-22.83088,43.81299,335.87,0.55,0.51,2026-09-19,1026,N,nominal,2.0NRT,305.85,2.42,D,VIIRS,4,Savannas & Grasslands
-7.35864,34.36366,330.68,0.74,0.76,2026-09-19,1030,N,nominal,2.0NRT,296.25,8.9,D,VIIRS,4,Savannas & Grasslands
-22.71927,45.01265,346.28,0.46,0.47,2026-09-19,1026,N,nominal,2.0NRT,316.8,17.5,D,VIIRS,4,Savannas & Grasslands
-7.34536,34.35476,346.94,0.74,0.76,2026-09-19,1030,N,nominal,2.0NRT,296.6,15.35,D,VIIRS,4,Savannas & Grasslands
-22.72512,44.92403,344.13,0.47,0.47,2026-09-19,1026,N,nominal,2.0NRT,310.85,6.65,D,VIIRS,4,Savannas & Grasslands
-7.15464,34.89751,356.13,0.68,0.74,2026-09-19,1030,N,nominal,2.0NRT,294.37,8.14,D,VIIRS,4,Savannas & Grasslands
-22.62411,45.66966,346.2,0.42,0.45,2026-09-19,1026,N,nominal,2.0NRT,316.76,8.11,D,VIIRS,4,Savannas & Grasslands
-7.15543,34.89122,340.81,0.68,0.74,2026-09-19,1030,N,nominal,2.0NRT,289.67,8.14,D,VIIRS,4,Savannas & Grasslands
-22.61989,45.66913,346.6,0.42,0.45,2026-09-19,1026,N,nominal,2.0NRT,316.69,8.11,D,VIIRS,4,Savannas & Grasslands
-7.14779,34.89643,337.54,0.68,0.74,2026-09-19,1030,N,nominal,2.0NRT,294.48,8.14,D,VIIRS,4,Savannas & Grasslands
-22.44395,46.99963,332.68,0.53,0.42,2026-09-19,1026,N,nominal,2.0NRT,300.53,4.49,D,VIIRS,4,Savannas & Grasslands
-7.1545,34.90146,338.44,0.68,0.74,2026-09-19,1030,N,nominal,2.0NRT,293.97,8.96,D,VIIRS,4,Savannas & Grasslands
-22.45304,46.89615,345.89,0.53,0.42,2026-09-19,1026,N,nominal,2.0NRT,302.38,10.56,D,VIIRS,4,Savannas & Grasslands
-7.15533,34.89518,354.94,0.68,0.74,2026-09-19,1030,N,nominal,2.0NRT,292.45,8.96,D,VIIRS,4,Savannas & Grasslands
-22.66779,45.03393,349.39,0.46,0.47,2026-09-19,1026,N,nominal,2.0NRT,318.06,9.14,D,VIIRS,4,Savannas & Grasslands
-7.15616,34.88889,331.64,0.68,0.74,2026-09-19,1030,N,nominal,2.0NRT,289.07,7.2,D,VIIRS,4,Savannas & Grasslands
-22.6683,45.02942,341.58,0.46,0.47,2026-09-19,1026,N,low,2.0NRT,315.56,9.14,D,VIIRS,4,Savannas & Grasslands
-6.85775,37.05894,333.2,0.48,0.65,2026-09-19,1030,N,nominal,2.0NRT,295.8,5.55,D,VIIRS,4,Savannas & Grasslands
-22.3248,47.77682,331.9,0.48,0.4,2026-09-19,1026,N,nominal,2.0NRT,296.89,4.21,D,VIIRS,4,Savannas & Grasslands
-7.14847,34.89413,335.06,0.68,0.74,2026-09-19,1030,N,nominal,2.0NRT,293.67,10.99,D,VIIRS,4,Savannas & Grasslands
-22.69846,44.68108,340.02,0.48,0.48,2026-09-19,1026,N,nominal,2.0NRT,310.05,2.15,D,VIIRS,4,Savannas & Grasslands
-7.21049,33.91188,338.18,0.79,0.78,2026-09-19,1030,N,nominal,2.0NRT,297.43,11.56,D,VIIRS,4,Savannas & Grasslands
-22.5048,46.31308,347.79,0.38,0.43,2026-09-19,1026,N,nominal,2.0NRT,307.15,3.93,D,VIIRS,4,Savannas & Grasslands
-6.97019,35.52802,331.38,0.61,0.71,2026-09-19,1030,N,nominal,2.0NRT,301.34,4.16,D,VIIRS,4,Savannas & Grasslands
-22.59258,45.499,343.15,0.43,0.46,2026-09-19,1026,N,nominal,2.0NRT,310.44,5.64,D,VIIRS,4,Savannas & Grasslands
-6.8566,36.26283,336.49,0.54,0.68,2026-09-19,1030,N,nominal,2.0NRT,301.5,5.26,D,VIIRS,4,Savannas & Grasslands
-7.20972,33.90707,331.25,0.79,0.78,2026-09-19,1030,N,nominal,2.0NRT,297.75,11.62,D,VIIRS,4,Savannas & Grasslands
-22.58784,45.50266,343.61,0.43,0.46,2026-09-19,1026,N,nominal,2.0NRT,311.56,5.64,D,VIIRS,4,Savannas & Grasslands
-6.85331,36.26288,332.02,0.54,0.68,2026-09-19,1030,N,nominal,2.0NRT,300.45,4.36,D,VIIRS,4,Savannas & Grasslands
-22.58834,45.49833,341.9,0.43,0.46,2026-09-19,1026,N,nominal,2.0NRT,311.18,5.64,D,VIIRS,4,Savannas & Grasslands
-6.83379,36.31271,351.8,0.54,0.68,2026-09-19,1030,N,nominal,2.0NRT,303.56,7.89,D,VIIRS,4,Savannas & Grasslands
-22.66526,44.7348,339.0,0.48,0.48,2026-09-19,1026,N,nominal,2.0NRT,307.09,3.83,D,VIIRS,4,Savannas & Grasslands
-6.91086,35.73573,336.59,0.59,0.7,2026-09-19,1030,N,nominal,2.0NRT,302.67,3.85,D,VIIRS,4,Savannas & Grasslands
-22.66578,44.73006,346.16,0.48,0.48,2026-09-19,1026,N,nominal,2.0NRT,311.13,6.77,D,VIIRS,4,Savannas & Grasslands
-6.90429,35.7352,367.0,0.59,0.7,2026-09-19,1030,N,high,2.0NRT,303.91,27.94,D,VIIRS,4,Savannas & Grasslands
-22.67375,44.61519,367.0,0.49,0.48,2026-09-19,1026,N,high,2.0NRT,312.03,28.34,D,VIIRS,4,Savannas & Grasslands
-6.90499,35.72994,346.49,0.59,0.7,2026-09-19,1030,N,nominal,2.0NRT,301.67,16.11,D,VIIRS,4,Savannas & Grasslands
-22.66078,44.73429,353.16,0.48,0.48,2026-09-19,1026,N,nominal,2.0NRT,313.55,16.22,D,VIIRS,4,Savannas & Grasslands
-7.11288,34.08484,330.85,0.77,0.77,2026-09-19,1030,N,nominal,2.0NRT,297.07,6.6,D,VIIRS,4,Savannas & Grasslands
-7.10474,34.0912,331.81,0.76,0.77,2026-09-19,1030,N,nominal,2.0NRT,296.49,4.66,D,VIIRS,4,Savannas & Grasslands
-22.66924,44.61463,351.33,0.49,0.48,2026-09-19,1026,N,nominal,2.0NRT,311.69,28.34,D,VIIRS,4,Savannas & Grasslands
-7.0975,34.09056,330.53,0.76,0.77,2026-09-19,1030,N,nominal,2.0NRT,296.51,4.66,D,VIIRS,4,Savannas & Grasslands
-22.64336,44.72759,337.26,0.48,0.48,2026-09-19,1026,N,low,2.0NRT,310.77,2.79,D,VIIRS,4,Savannas & Grasslands
-7.08303,34.08924,331.69,0.76,0.77,2026-09-19,1030,N,nominal,2.0NRT,295.87,9.07,D,VIIRS,4,Savannas & Grasslands
-22.59662,45.11446,342.93,0.45,0.47,2026-09-19,1026,N,nominal,2.0NRT,310.51,2.19,D,VIIRS,4,Savannas & Grasslands
-7.05963,34.10085,330.65,0.76,0.77,2026-09-19,1030,N,nominal,2.0NRT,296.51,9.13,D,VIIRS,4,Savannas & Grasslands
-22.63283,44.74113,353.43,0.48,0.48,2026-09-19,1026,N,nominal,2.0NRT,313.56,6.05,D,VIIRS,4,Savannas & Grasslands
-6.97964,34.62195,352.25,0.7,0.75,2026-09-19,1030,N,nominal,2.0NRT,298.31,39.53,D,VIIRS,4,Savannas & Grasslands
-22.55001,45.537,343.36,0.43,0.46,2026-09-19,1026,N,nominal,2.0NRT,311.34,4.54,D,VIIRS,4,Savannas & Grasslands
-6.97268,34.62093,367.0,0.7,0.75,2026-09-19,1030,N,high,2.0NRT,305.69,39.53,D,VIIRS,4,Savannas & Grasslands
-22.54576,45.53648,341.15,0.43,0.46,2026-09-19,1026,N,nominal,2.0NRT,308.76,4.54,D,VIIRS,4,Savannas & Grasslands
-6.97185,34.6275,337.46,0.7,0.75,2026-09-19,1030,N,nominal,2.0NRT,296.98,39.53,D,VIIRS,4,Savannas & Grasslands
-22.59573,45.11558,353.85,0.45,0.47,2026-09-19,1026,N,nominal,2.0NRT,310.85,6.29,D,VIIRS,4,Savannas & Grasslands
-6.9735,34.61438,332.37,0.7,0.75,2026-09-19,1030,N,nominal,2.0NRT,296.1,33.14,D,VIIRS,4,Savannas & Grasslands
-22.64069,44.72908,336.85,0.48,0.48,2026-09-19,1026,N,low,2.0NRT,311.82,3.68,D,VIIRS,4,Savannas & Grasslands
-7.08876,34.08788,330.25,0.76,0.77,2026-09-19,1030,N,nominal,2.0NRT,295.39,4.04,D,VIIRS,4,Savannas & Grasslands
-22.63453,44.74318,338.16,0.48,0.48,2026-09-19,1026,N,low,2.0NRT,311.06,5.26,D,VIIRS,4,Savannas & Grasslands
-7.08153,34.08718,330.44,0.76,0.77,2026-09-19,1030,N,nominal,2.0NRT,296.42,4.04,D,VIIRS,4,Savannas & Grasslands
-22.63509,44.73833,341.41,0.48,0.48,2026-09-19,1026,N,nominal,2.0NRT,313.15,4.63,D,VIIRS,4,Savannas & Grasslands
-6.97395,34.62568,349.71,0.7,0.75,2026-09-19,1030,N,nominal,2.0NRT,298.12,71.24,D,VIIRS,4,Savannas & Grasslands
-22.58111,45.16486,341.28,0.45,0.47,2026-09-19,1026,N,nominal,2.0NRT,310.74,3.75,D,VIIRS,4,Savannas & Grasslands
-6.97481,34.61911,345.86,0.7,0.75,2026-09-19,1030,N,nominal,2.0NRT,307.43,89.62,D,VIIRS,4,Savannas & Grasslands
-22.30716,47.31971,333.77,0.51,0.41,2026-09-19,1026,N,nominal,2.0NRT,299.08,5.63,D,VIIRS,4,Savannas & Grasslands
-6.68866,36.65424,331.43,0.51,0.66,2026-09-19,1030,N,nominal,2.0NRT,299.2,3.16,D,VIIRS,4,Savannas & Grasslands
-22.60345,44.8958,339.9,0.47,0.47,2026-09-19,1026,N,nominal,2.0NRT,304.01,5.51,D,VIIRS,4,Savannas & Grasslands
-22.5627,45.17144,347.2,0.45,0.47,2026-09-19,1026,N,nominal,2.0NRT,308.56,5.75,D,VIIRS,4,Savannas & Grasslands
-6.79337,35.77954,355.95,0.58,0.7,2026-09-19,1030,N,nominal,2.0NRT,304.52,10.2,D,VIIRS,4,Savannas & Grasslands
-22.49047,45.74834,333.17,0.41,0.45,2026-09-19,1026,N,low,2.0NRT,307.74,4.28,D,VIIRS,4,Savannas & Grasslands
-6.77913,34.98389,367.0,0.66,0.73,2026-09-19,1030,N,high,2.0NRT,296.68,13.38,D,VIIRS,4,Savannas & Grasslands
-22.38303,46.59669,336.96,0.55,0.43,2026-09-19,1026,N,nominal,2.0NRT,305.78,2.46,D,VIIRS,4,Savannas & Grasslands
-6.66659,35.19888,338.77,0.64,0.72,2026-09-19,1030,N,nominal,2.0NRT,299.51,5.49,D,VIIRS,4,Savannas & Grasslands
-22.58028,44.90226,342.31,0.47,0.47,2026-09-19,1026,N,nominal,2.0NRT,310.9,9.79,D,VIIRS,4,Savannas & Grasslands
-6.18375,38.6153,330.26,0.37,0.58,2026-09-19,1030,N,nominal,2.0NRT,294.11,3.82,D,VIIRS,4,Savannas & Grasslands
-22.57587,44.90159,345.0,0.47,0.47,2026-09-19,1026,N,nominal,2.0NRT,315.24,9.79,D,VIIRS,4,Savannas & Grasslands
-6.62787,35.12912,344.08,0.64,0.72,2026-09-19,1030,N,nominal,2.0NRT,302.51,10.13,D,VIIRS,4,Savannas & Grasslands
-22.57642,44.89678,341.14,0.47,0.47,2026-09-19,1026,N,nominal,2.0NRT,307.24,9.79,D,VIIRS,4,Savannas & Grasslands
-6.62488,35.13013,330.32,0.64,0.72,2026-09-19,1030,N,nominal,2.0NRT,299.85,7.41,D,VIIRS,4,Savannas & Grasslands
-22.46605,45.81105,346.41,0.41,0.45,2026-09-19,1026,N,nominal,2.0NRT,304.15,6.31,D,VIIRS,4,Savannas & Grasslands
-6.15065,38.2441,336.87,0.39,0.59,2026-09-19,1030,N,nominal,2.0NRT,294.92,3.92,D,VIIRS,4,Savannas & Grasslands
-22.46189,45.81047,338.2,0.41,0.45,2026-09-19,1026,N,nominal,2.0NRT,308.51,6.31,D,VIIRS,4,Savannas & Grasslands
-22.46236,45.80643,330.87,0.41,0.45,2026-09-19,1026,N,low,2.0NRT,305.2,3.72,D,VIIRS,4,Savannas & Grasslands
-6.59073,34.92288,339.95,0.66,0.73,2026-09-19,1030,N,nominal,2.0NRT,298.39,6.58,D,VIIRS,4,Savannas & Grasslands
-22.45725,45.81389,348.74,0.41,0.45,2026-09-19,1026,N,nominal,2.0NRT,303.02,22.95,D,VIIRS,4,Savannas & Grasslands
-6.53005,35.06927,367.0,0.65,0.73,2026-09-19,1030,N,high,2.0NRT,299.6,20.19,D,VIIRS,4,Savannas & Grasslands
-22.45773,45.80984,356.03,0.41,0.45,2026-09-19,1026,N,nominal,2.0NRT,309.68,22.95,D,VIIRS,4,Savannas & Grasslands
-6.52328,35.06844,367.0,0.65,0.73,2026-09-19,1030,N,high,2.0NRT,296.97,20.19,D,VIIRS,4,Savannas & Grasslands
-22.45821,45.80579,338.08,0.41,0.45,2026-09-19,1026,N,nominal,2.0NRT,307.46,11.15,D,VIIRS,4,Savannas & Grasslands
-6.52406,35.06253,334.52,0.65,0.73,2026-09-19,1030,N,nominal,2.0NRT,296.08,15.88,D,VIIRS,4,Savannas & Grasslands
-22.67895,43.83337,340.55,0.54,0.51,2026-09-19,1026,N,nominal,2.0NRT,309.76,2.8,D,VIIRS,4,Savannas & Grasslands
-6.52872,35.06631,367.0,0.65,0.73,2026-09-19,1030,N,high,2.0NRT,300.3,27.87,D,VIIRS,4,Savannas & Grasslands
-22.44418,45.85306,339.15,0.41,0.45,2026-09-19,1026,N,nominal,2.0NRT,307.98,4.16,D,VIIRS,4,Savannas & Grasslands
-6.52791,35.07222,351.73,0.65,0.73,2026-09-19,1030,N,nominal,2.0NRT,298.44,27.11,D,VIIRS,4,Savannas & Grasslands
-22.44703,45.82884,336.98,0.41,0.45,2026-09-19,1026,N,low,2.0NRT,307.89,1.45,D,VIIRS,4,Savannas & Grasslands
-6.47635,34.94339,333.56,0.66,0.73,2026-09-19,1030,N,nominal,2.0NRT,298.96,6.64,D,VIIRS,4,Savannas & Grasslands
-22.44051,45.8484,341.25,0.41,0.45,2026-09-19,1026,N,nominal,2.0NRT,308.96,4.16,D,VIIRS,4,Savannas & Grasslands
-6.12842,37.38691,330.53,0.44,0.63,2026-09-19,1030,N,nominal,2.0NRT,298.87,5.13,D,VIIRS,4,Savannas & Grasslands
-22.56173,44.70478,341.07,0.48,0.48,2026-09-19,1026,N,low,2.0NRT,311.44,10.44,D,VIIRS,4,Savannas & Grasslands
-6.15825,37.12323,346.9,0.46,0.64,2026-09-19,1030,N,nominal,2.0NRT,301.78,6.98,D,VIIRS,4,Savannas & Grasslands
-22.42641,45.71452,344.36,0.42,0.45,2026-09-19,1026,N,nominal,2.0NRT,305.91,5.32,D,VIIRS,4,Savannas & Grasslands
-6.13343,37.26236,333.51,0.45,0.63,2026-09-19,1030,N,nominal,2.0NRT,301.25,3.61,D,VIIRS,4,Savannas & Grasslands
-6.12067,37.31273,332.9,0.45,0.63,2026-09-19,1030,N,nominal,2.0NRT,297.92,2.92,D,VIIRS,4,Savannas & Grasslands
-22.62852,43.80983,337.74,0.55,0.51,2026-09-19,1026,N,nominal,2.0NRT,305.94,3.19,D,VIIRS,4,Savannas & Grasslands
-6.09952,37.33741,343.15,0.45,0.63,2026-09-19,1030,N,nominal,2.0NRT,300.25,7.98,D,VIIRS,4,Savannas & Grasslands
-22.32535,46.43778,343.76,0.56,0.43,2026-09-19,1026,N,nominal,2.0NRT,310.36,6.3,D,VIIRS,4,Savannas & Grasslands
-5.81226,39.33978,330.71,0.32,0.55,2026-09-19,1030,N,nominal,2.0NRT,293.01,1.57,D,VIIRS,4,Savannas & Grasslands
-22.33678,46.43645,333.73,0.56,0.43,2026-09-19,1026,N,low,2.0NRT,306.77,3.92,D,VIIRS,4,Savannas & Grasslands
-6.09984,37.33771,333.43,0.45,0.63,2026-09-19,1030,N,nominal,2.0NRT,300.12,3.8,D,VIIRS,4,Savannas & Grasslands
-6.1004,37.33374,339.66,0.45,0.63,2026-09-19,1030,N,nominal,2.0NRT,300.12,3.8,D,VIIRS,4,Savannas & Grasslands
-22.32472,46.43525,346.23,0.56,0.43,2026-09-19,1026,N,nominal,2.0NRT,309.24,6.57,D,VIIRS,4,Savannas & Grasslands
-5.79669,39.31479,338.67,0.32,0.55,2026-09-19,1030,N,nominal,2.0NRT,294.16,2.67,D,VIIRS,4,Savannas & Grasslands
-22.62875,43.80714,341.17,0.55,0.51,2026-09-19,1026,N,nominal,2.0NRT,306.6,2.19,D,VIIRS,4,Savannas & Grasslands
-6.28201,35.70437,332.97,0.58,0.7,2026-09-19,1030,N,nominal,2.0NRT,300.79,4.04,D,VIIRS,4,Savannas & Grasslands
-22.53661,44.46894,344.19,0.49,0.49,2026-09-19,1026,N,nominal,2.0NRT,309.0,4.74,D,VIIRS,4,Savannas & Grasslands
-5.87922,38.54272,334.29,0.37,0.58,2026-09-19,1030,N,nominal,2.0NRT,295.26,5.73,D,VIIRS,4,Savannas & Grasslands
-22.5614,44.24657,339.65,0.51,0.49,2026-09-19,1026,N,nominal,2.0NRT,308.33,5.71,D,VIIRS,4,Savannas & Grasslands
-5.87967,38.53943,333.69,0.37,0.58,2026-09-19,1030,N,nominal,2.0NRT,295.0,4.11,D,VIIRS,4,Savannas & Grasslands
-22.60679,43.69752,343.68,0.55,0.51,2026-09-19,1026,N,nominal,2.0NRT,309.51,13.84,D,VIIRS,4,Savannas & Grasslands
-5.8497,38.55848,367.0,0.37,0.58,2026-09-19,1030,N,high,2.0NRT,295.82,12.35,D,VIIRS,4,Savannas & Grasslands
-22.53064,44.31413,345.32,0.51,0.49,2026-09-19,1026,N,nominal,2.0NRT,307.25,157.55,D,VIIRS,4,Savannas & Grasslands
-6.19777,35.9422,332.97,0.56,0.69,2026-09-19,1030,N,nominal,2.0NRT,301.91,3.38,D,VIIRS,4,Savannas & Grasslands
-22.52604,44.31366,367.0,0.51,0.49,2026-09-19,1026,N,high,2.0NRT,342.0,157.55,D,VIIRS,4,Savannas & Grasslands
-6.37342,34.24421,330.89,0.73,0.76,2026-09-19,1030,N,nominal,2.0NRT,294.92,4.34,D,VIIRS,4,Savannas & Grasslands
-22.52658,44.30865,367.0,0.51,0.49,2026-09-19,1026,N,high,2.0NRT,331.16,157.55,D,VIIRS,4,Savannas & Grasslands
-6.39189,34.05058,331.98,0.75,0.77,2026-09-19,1030,N,nominal,2.0NRT,296.19,6.92,D,VIIRS,4,Savannas & Grasslands
-22.14824,47.48248,332.75,0.49,0.41,2026-09-19,1026,N,nominal,2.0NRT,299.39,9.96,D,VIIRS,4,Savannas & Grasslands
-5.81025,38.23696,331.23,0.38,0.59,2026-09-19,1030,N,nominal,2.0NRT,291.33,3.12,D,VIIRS,4,Savannas & Grasslands
-22.25886,46.60675,347.2,0.55,0.43,2026-09-19,1026,N,nominal,2.0NRT,312.63,5.65,D,VIIRS,4,Savannas & Grasslands
-6.10787,35.578,337.54,0.59,0.7,2026-09-19,1030,N,nominal,2.0NRT,301.05,2.8,D,VIIRS,4,Savannas & Grasslands
-22.50817,44.30682,343.04,0.51,0.49,2026-09-19,1026,N,nominal,2.0NRT,305.53,15.99,D,VIIRS,4,Savannas & Grasslands
-6.19276,35.05935,330.68,0.64,0.72,2026-09-19,1030,N,nominal,2.0NRT,298.76,3.43,D,VIIRS,4,Savannas & Grasslands
-22.23855,46.60822,346.45,0.55,0.43,2026-09-19,1026,N,nominal,2.0NRT,310.34,6.52,D,VIIRS,4,Savannas & Grasslands
-6.10769,35.58085,335.48,0.59,0.7,2026-09-19,1030,N,nominal,2.0NRT,299.97,4.06,D,VIIRS,4,Savannas & Grasslands
-5.65854,38.47948,335.28,0.37,0.58,2026-09-19,1030,N,nominal,2.0NRT,295.78,2.18,D,VIIRS,4,Savannas & Grasslands
-22.25406,46.41403,337.4,0.56,0.43,2026-09-19,1026,N,low,2.0NRT,311.78,5.38,D,VIIRS,4,Savannas & Grasslands
-6.19119,34.50118,332.79,0.7,0.75,2026-09-19,1030,N,nominal,2.0NRT,294.99,12.93,D,VIIRS,4,Savannas & Grasslands
-6.19203,34.49479,342.28,0.7,0.75,2026-09-19,1030,N,nominal,2.0NRT,295.8,9.26,D,VIIRS,4,Savannas & Grasslands
-22.37112,45.41792,341.36,0.43,0.46,2026-09-19,1026,N,nominal,2.0NRT,311.11,4.81,D,VIIRS,4,Savannas & Grasslands
-6.08798,34.97038,336.74,0.65,0.73,2026-09-19,1030,N,nominal,2.0NRT,299.74,4.31,D,VIIRS,4,Savannas & Grasslands
-6.19345,34.49646,356.73,0.7,0.75,2026-09-19,1030,N,nominal,2.0NRT,297.21,15.93,D,VIIRS,4,Savannas & Grasslands
-22.49542,44.29561,355.91,0.51,0.49,2026-09-19,1026,N,nominal,2.0NRT,305.13,24.25,D,VIIRS,4,Savannas & Grasslands
-5.82131,35.74655,333.35,0.57,0.69,2026-09-19,1030,N,nominal,2.0NRT,302.5,3.32,D,VIIRS,4,Savannas & Grasslands
-5.78158,35.84816,367.0,0.56,0.69,2026-09-19,1030,N,high,2.0NRT,306.99,28.65,D,VIIRS,4,Savannas & Grasslands
-22.25006,46.41349,344.42,0.56,0.43,2026-09-19,1026,N,nominal,2.0NRT,310.93,5.38,D,VIIRS,4,Savannas & Grasslands
-5.78002,35.85004,367.0,0.56,0.69,2026-09-19,1030,N,high,2.0NRT,305.11,16.54,D,VIIRS,4,Savannas & Grasslands
-5.78075,35.84484,339.24,0.56,0.69,2026-09-19,1030,N,nominal,2.0NRT,302.73,16.54,D,VIIRS,4,Savannas & Grasslands
-22.52831,43.89473,337.06,0.54,0.51,2026-09-19,1026,N,nominal,2.0NRT,305.41,8.12,D,VIIRS,4,Savannas & Grasslands
-5.81746,35.39273,330.88,0.6,0.71,2026-09-19,1030,N,low,2.0NRT,302.6,3.45,D,VIIRS,4,Savannas & Grasslands
-22.38433,45.10657,345.34,0.45,0.47,2026-09-19,1026,N,nominal,2.0NRT,313.63,6.36,D,VIIRS,4,Savannas & Grasslands
-5.81203,35.13704,331.67,0.62,0.72,2026-09-19,1030,N,nominal,2.0NRT,300.63,3.08,D,VIIRS,4,Savannas & Grasslands
-5.90815,34.04463,332.8,0.74,0.76,2026-09-19,1030,N,nominal,2.0NRT,296.24,4.06,D,VIIRS,4,Savannas & Grasslands
-22.5271,43.89244,351.85,0.54,0.51,2026-09-19,1026,N,nominal,2.0NRT,306.51,5.32,D,VIIRS,4,Savannas & Grasslands
-5.74515,35.07795,367.0,0.63,0.72,2026-09-19,1030,N,high,2.0NRT,301.0,26.5,D,VIIRS,4,Savannas & Grasslands
-5.75556,34.99827,367.0,0.64,0.72,2026-09-19,1030,N,high,2.0NRT,301.3,13.67,D,VIIRS,4,Savannas & Grasslands
-22.38323,45.10786,351.44,0.45,0.47,2026-09-19,1026,N,nominal,2.0NRT,313.82,8.71,D,VIIRS,4,Savannas & Grasslands
-5.74592,35.07206,343.49,0.63,0.72,2026-09-19,1030,N,nominal,2.0NRT,297.27,13.36,D,VIIRS,4,Savannas & Grasslands
-5.91142,34.04387,337.17,0.74,0.76,2026-09-19,1030,N,nominal,2.0NRT,296.07,6.14,D,VIIRS,4,Savannas & Grasslands
-22.40678,44.75203,340.51,0.47,0.48,2026-09-19,1026,N,nominal,2.0NRT,308.93,3.2,D,VIIRS,4,Savannas & Grasslands
-5.79799,34.8163,331.34,0.66,0.73,2026-09-19,1030,N,nominal,2.0NRT,301.15,2.47,D,VIIRS,4,Savannas & Grasslands
-22.40731,44.74739,336.93,0.47,0.48,2026-09-19,1026,N,low,2.0NRT,309.81,3.2,D,VIIRS,4,Savannas & Grasslands
-5.74846,35.07594,367.0,0.63,0.72,2026-09-19,1030,N,high,2.0NRT,301.54,15.3,D,VIIRS,4,Savannas & Grasslands
-5.7594,34.99646,367.0,0.64,0.72,2026-09-19,1030,N,high,2.0NRT,299.28,9.82,D,VIIRS,4,Savannas & Grasslands
-22.34184,45.16024,344.12,0.45,0.47,2026-09-19,1026,N,nominal,2.0NRT,311.77,10.83,D,VIIRS,4,Savannas & Grasslands
-5.74174,35.07529,354.34,0.63,0.72,2026-09-19,1030,N,nominal,2.0NRT,297.96,9.37,D,VIIRS,4,Savannas & Grasslands
-5.6781,34.62217,333.31,0.67,0.74,2026-09-19,1030,N,nominal,2.0NRT,299.82,8.25,D,VIIRS,4,Savannas & Grasslands
-22.39012,44.61893,349.33,0.48,0.48,2026-09-19,1026,N,nominal,2.0NRT,312.6,20.01,D,VIIRS,4,Savannas & Grasslands
-5.7534,33.90313,338.97,0.76,0.77,2026-09-19,1030,N,nominal,2.0NRT,295.96,10.23,D,VIIRS,4,Savannas & Grasslands
-5.75433,33.89619,330.08,0.76,0.77,2026-09-19,1030,N,nominal,2.0NRT,294.97,6.18,D,VIIRS,4,Savannas & Grasslands
-22.38508,44.62319,341.07,0.48,0.48,2026-09-19,1026,N,low,2.0NRT,311.34,20.01,D,VIIRS,4,Savannas & Grasslands
-5.65144,34.61268,367.0,0.68,0.74,2026-09-19,1030,N,high,2.0NRT,302.9,17.79,D,VIIRS,4,Savannas & Grasslands
-22.38562,44.61837,355.56,0.48,0.48,2026-09-19,1026,N,nominal,2.0NRT,312.49,20.01,D,VIIRS,4,Savannas & Grasslands
-5.65229,34.60633,332.44,0.68,0.74,2026-09-19,1030,N,nominal,2.0NRT,301.17,17.79,D,VIIRS,4,Savannas & Grasslands
-22.23651,45.83786,344.12,0.41,0.45,2026-09-19,1026,N,nominal,2.0NRT,309.93,10.29,D,VIIRS,4,Savannas & Grasslands
-5.64457,34.61184,367.0,0.68,0.74,2026-09-19,1030,N,high,2.0NRT,296.59,29.82,D,VIIRS,4,Savannas & Grasslands
-5.64542,34.60549,355.6,0.68,0.74,2026-09-19,1030,N,nominal,2.0NRT,295.98,29.82,D,VIIRS,4,Savannas & Grasslands
-22.37825,44.60277,339.79,0.48,0.48,2026-09-19,1026,N,low,2.0NRT,313.89,7.8,D,VIIRS,4,Savannas & Grasslands
-5.60276,34.87276,367.0,0.65,0.73,2026-09-19,1030,N,high,2.0NRT,298.87,11.86,D,VIIRS,4,Savannas & Grasslands
-22.26495,45.55993,336.58,0.42,0.45,2026-09-19,1026,N,low,2.0NRT,310.18,3.18,D,VIIRS,4,Savannas & Grasslands
-5.51724,35.50975,330.94,0.58,0.7,2026-09-19,1030,N,nominal,2.0NRT,300.85,3.37,D,VIIRS,4,Savannas & Grasslands
-22.26596,45.55122,356.2,0.42,0.45,2026-09-19,1026,N,nominal,2.0NRT,311.0,9.69,D,VIIRS,4,Savannas & Grasslands
-5.60196,34.87873,339.34,0.65,0.73,2026-09-19,1030,N,nominal,2.0NRT,298.96,11.86,D,VIIRS,4,Savannas & Grasslands
-22.31154,45.15595,336.4,0.45,0.47,2026-09-19,1026,N,low,2.0NRT,309.77,3.33,D,VIIRS,4,Savannas & Grasslands
-5.54129,35.28123,367.0,0.61,0.71,2026-09-19,1030,N,high,2.0NRT,301.65,10.73,D,VIIRS,4,Savannas & Grasslands
-22.37376,44.60216,357.1,0.48,0.48,2026-09-19,1026,N,nominal,2.0NRT,316.44,18.14,D,VIIRS,4,Savannas & Grasslands
-5.53236,35.34788,332.48,0.6,0.71,2026-09-19,1030,N,nominal,2.0NRT,297.88,9.38,D,VIIRS,4,Savannas & Grasslands
-5.5258,35.34697,367.0,0.6,0.71,2026-09-19,1030,N,high,2.0NRT,299.78,9.38,D,VIIRS,4,Savannas & Grasslands
-22.36659,44.62573,353.99,0.48,0.48,2026-09-19,1026,N,nominal,2.0NRT,312.04,25.95,D,VIIRS,4,Savannas & Grasslands
-5.64589,34.44339,367.0,0.69,0.74,2026-09-19,1030,N,high,2.0NRT,308.0,206.3,D,VIIRS,4,Savannas & Grasslands
-22.36263,44.62038,352.81,0.48,0.48,2026-09-19,1026,N,nominal,2.0NRT,308.6,9.23,D,VIIRS,4,Savannas & Grasslands
-5.64673,34.437,208.0,0.69,0.75,2026-09-19,1030,N,low,2.0NRT,300.85,206.3,D,VIIRS,4,Savannas & Grasslands
-22.33027,44.87178,333.98,0.46,0.47,2026-09-19,1026,N,low,2.0NRT,307.69,1.95,D,VIIRS,4,Savannas & Grasslands
-5.6398,34.4361,367.0,0.69,0.75,2026-09-19,1030,N,high,2.0NRT,292.37,47.61,D,VIIRS,4,Savannas & Grasslands
-22.35762,44.62462,351.74,0.48,0.48,2026-09-19,1026,N,nominal,2.0NRT,312.98,53.98,D,VIIRS,4,Savannas & Grasslands
-5.43884,35.94711,344.22,0.55,0.68,2026-09-19,1030,N,nominal,2.0NRT,304.03,8.19,D,VIIRS,4,Savannas & Grasslands
-22.35815,44.6198,352.27,0.48,0.48,2026-09-19,1026,N,nominal,2.0NRT,314.2,9.23,D,VIIRS,4,Savannas & Grasslands
-5.5214,35.2796,355.98,0.61,0.71,2026-09-19,1030,N,nominal,2.0NRT,304.08,36.86,D,VIIRS,4,Savannas & Grasslands
-5.51473,35.27939,367.0,0.61,0.71,2026-09-19,1030,N,high,2.0NRT,297.54,18.95,D,VIIRS,4,Savannas & Grasslands
-22.32846,44.80718,342.07,0.47,0.48,2026-09-19,1026,N,nominal,2.0NRT,308.01,5.95,D,VIIRS,4,Savannas & Grasslands
-5.65083,34.61062,367.0,0.67,0.74,2026-09-19,1030,N,high,2.0NRT,308.46,47.5,D,VIIRS,4,Savannas & Grasslands
-22.17875,46.00785,334.49,0.4,0.44,2026-09-19,1026,N,low,2.0NRT,307.44,3.73,D,VIIRS,4,Savannas & Grasslands
-5.64395,34.6098,367.0,0.67,0.74,2026-09-19,1030,N,high,2.0NRT,295.13,47.5,D,VIIRS,4,Savannas & Grasslands
-22.35784,44.32444,340.57,0.5,0.49,2026-09-19,1026,N,nominal,2.0NRT,309.28,6.66,D,VIIRS,4,Savannas & Grasslands
-5.50646,35.58393,342.02,0.58,0.7,2026-09-19,1030,N,nominal,2.0NRT,301.05,6.8,D,VIIRS,4,Savannas & Grasslands
-22.35996,44.30442,342.64,0.5,0.49,2026-09-19,1026,N,nominal,2.0NRT,308.94,23.24,D,VIIRS,4,Savannas & Grasslands
-5.5996,34.87637,367.0,0.65,0.73,2026-09-19,1030,N,high,2.0NRT,300.91,24.94,D,VIIRS,4,Savannas & Grasslands
-22.36048,44.29953,342.41,0.5,0.49,2026-09-19,1026,N,low,2.0NRT,314.19,23.24,D,VIIRS,4,Savannas & Grasslands
-5.5422,35.28435,338.85,0.61,0.71,2026-09-19,1030,N,nominal,2.0NRT,299.76,8.82,D,VIIRS,4,Savannas & Grasslands
-22.35591,44.29875,344.44,0.5,0.49,2026-09-19,1026,N,nominal,2.0NRT,307.49,23.24,D,VIIRS,4,Savannas & Grasslands
-5.54297,35.27888,336.48,0.61,0.71,2026-09-19,1030,N,nominal,2.0NRT,300.84,6.49,D,VIIRS,4,Savannas & Grasslands
-22.35867,44.32302,343.88,0.5,0.49,2026-09-19,1026,N,nominal,2.0NRT,309.8,5.34,D,VIIRS,4,Savannas & Grasslands
-5.52703,35.34454,367.0,0.6,0.71,2026-09-19,1030,N,high,2.0NRT,300.28,11.49,D,VIIRS,4,Savannas & Grasslands
-22.36092,44.30315,344.26,0.5,0.49,2026-09-19,1026,N,low,2.0NRT,314.4,43.11,D,VIIRS,4,Savannas & Grasslands
-5.44234,35.94437,344.93,0.55,0.68,2026-09-19,1030,N,nominal,2.0NRT,303.85,5.58,D,VIIRS,4,Savannas & Grasslands
-22.36147,44.29827,336.17,0.5,0.49,2026-09-19,1026,N,low,2.0NRT,307.96,12.9,D,VIIRS,4,Savannas & Grasslands
-5.52625,35.35006,334.73,0.6,0.7,2026-09-19,1030,N,nominal,2.0NRT,297.06,12.57,D,VIIRS,4,Savannas & Grasslands
-22.35691,44.2975,347.76,0.5,0.49,2026-09-19,1026,N,nominal,2.0NRT,308.09,9.51,D,VIIRS,4,Savannas & Grasslands
-5.64635,34.44173,367.0,0.69,0.74,2026-09-19,1030,N,high,2.0NRT,322.12,234.04,D,VIIRS,4,Savannas & Grasslands
-22.35179,44.30174,367.0,0.5,0.49,2026-09-19,1026,N,high,2.0NRT,314.55,13.61,D,VIIRS,4,Savannas & Grasslands
-5.63941,34.44086,367.0,0.69,0.74,2026-09-19,1030,N,high,2.0NRT,292.86,234.04,D,VIIRS,4,Savannas & Grasslands
-22.35123,44.30674,336.0,0.5,0.49,2026-09-19,1026,N,nominal,2.0NRT,310.01,13.61,D,VIIRS,4,Savannas & Grasslands
-5.23171,37.338,332.29,0.44,0.62,2026-09-19,1030,N,nominal,2.0NRT,294.78,4.59,D,VIIRS,4,Savannas & Grasslands
-22.34722,44.30109,354.64,0.5,0.49,2026-09-19,1026,N,nominal,2.0NRT,306.58,42.49,D,VIIRS,4,Savannas & Grasslands
-5.64029,34.43449,338.07,0.69,0.74,2026-09-19,1030,N,nominal,2.0NRT,291.75,231.0,D,VIIRS,4,Savannas & Grasslands
-22.16812,45.80085,338.0,0.41,0.45,2026-09-19,1026,N,low,2.0NRT,309.88,3.39,D,VIIRS,4,Savannas & Grasslands
-5.51564,35.28247,367.0,0.61,0.71,2026-09-19,1030,N,high,2.0NRT,300.23,44.36,D,VIIRS,4,Savannas & Grasslands
-5.5164,35.27705,351.39,0.61,0.71,2026-09-19,1030,N,nominal,2.0NRT,298.14,28.16,D,VIIRS,4,Savannas & Grasslands
-22.28674,44.71491,343.17,0.47,0.48,2026-09-19,1026,N,nominal,2.0NRT,310.13,4.82,D,VIIRS,4,Savannas & Grasslands
-5.64482,34.03534,331.48,0.74,0.76,2026-09-19,1030,N,nominal,2.0NRT,296.18,4.49,D,VIIRS,4,Savannas & Grasslands
-22.13625,45.92564,344.56,0.4,0.44,2026-09-19,1026,N,nominal,2.0NRT,308.18,8.77,D,VIIRS,4,Savannas & Grasslands
-5.63797,33.97859,334.33,0.74,0.76,2026-09-19,1030,N,nominal,2.0NRT,295.13,8.39,D,VIIRS,4,Savannas & Grasslands
-22.1367,45.92193,342.24,0.4,0.44,2026-09-19,1026,N,nominal,2.0NRT,309.1,8.77,D,VIIRS,4,Savannas & Grasslands
-5.3851,35.55717,338.04,0.58,0.7,2026-09-19,1030,N,nominal,2.0NRT,299.26,4.86,D,VIIRS,4,Savannas & Grasslands
-21.90896,47.61411,333.15,0.48,0.4,2026-09-19,1026,N,nominal,2.0NRT,297.15,4.42,D,VIIRS,4,Savannas & Grasslands
-5.34773,35.73872,352.25,0.56,0.69,2026-09-19,1030,N,nominal,2.0NRT,303.31,8.3,D,VIIRS,4,Savannas & Grasslands
-22.07221,46.21624,345.44,0.38,0.44,2026-09-19,1026,N,nominal,2.0NRT,308.29,5.27,D,VIIRS,4,Savannas & Grasslands
-5.34841,35.73364,339.55,0.56,0.69,2026-09-19,1030,N,nominal,2.0NRT,300.81,8.3,D,VIIRS,4,Savannas & Grasslands
-22.21958,44.95178,343.98,0.46,0.47,2026-09-19,1026,N,nominal,2.0NRT,310.13,3.89,D,VIIRS,4,Savannas & Grasslands
-5.48394,34.65901,343.71,0.67,0.73,2026-09-19,1030,N,nominal,2.0NRT,295.65,7.37,D,VIIRS,4,Savannas & Grasslands
-22.33864,43.86087,331.32,0.54,0.51,2026-09-19,1026,N,low,2.0NRT,305.29,2.63,D,VIIRS,4,Savannas & Grasslands
-5.38568,35.55383,342.26,0.58,0.7,2026-09-19,1030,N,nominal,2.0NRT,299.31,3.66,D,VIIRS,4,Savannas & Grasslands
-22.2152,44.95113,334.57,0.46,0.47,2026-09-19,1026,N,low,2.0NRT,309.06,3.89,D,VIIRS,4,Savannas & Grasslands
-5.34704,35.73526,367.0,0.56,0.69,2026-09-19,1030,N,high,2.0NRT,303.17,15.27,D,VIIRS,4,Savannas & Grasslands
-22.20118,44.91715,337.48,0.46,0.47,2026-09-19,1026,N,low,2.0NRT,309.19,6.68,D,VIIRS,4,Savannas & Grasslands
-5.48297,34.66264,345.35,0.67,0.73,2026-09-19,1030,N,nominal,2.0NRT,297.2,11.77,D,VIIRS,4,Savannas & Grasslands
-22.17882,44.95675,345.45,0.46,0.47,2026-09-19,1026,N,nominal,2.0NRT,311.28,62.04,D,VIIRS,4,Savannas & Grasslands
-5.49349,34.43281,367.0,0.69,0.74,2026-09-19,1030,N,high,2.0NRT,297.37,26.5,D,VIIRS,4,Savannas & Grasslands
-22.05948,45.88202,336.09,0.4,0.44,2026-09-19,1026,N,low,2.0NRT,309.25,2.33,D,VIIRS,4,Savannas & Grasslands
-5.54357,33.95778,337.85,0.74,0.76,2026-09-19,1030,N,nominal,2.0NRT,295.69,9.92,D,VIIRS,4,Savannas & Grasslands
-22.22269,44.37701,343.58,0.5,0.49,2026-09-19,1026,N,nominal,2.0NRT,308.11,4.78,D,VIIRS,4,Savannas & Grasslands
-5.47813,34.33751,367.0,0.7,0.75,2026-09-19,1030,N,high,2.0NRT,300.83,48.93,D,VIIRS,4,Savannas & Grasslands
-22.05278,45.72841,347.26,0.41,0.45,2026-09-19,1026,N,nominal,2.0NRT,311.95,9.46,D,VIIRS,4,Savannas & Grasslands
-5.47902,34.33089,346.96,0.7,0.75,2026-09-19,1030,N,nominal,2.0NRT,297.42,48.93,D,VIIRS,4,Savannas & Grasslands
-22.24817,43.93319,355.26,0.53,0.5,2026-09-19,1026,N,nominal,2.0NRT,306.16,10.59,D,VIIRS,4,Savannas & Grasslands
-5.56152,33.60409,332.13,0.79,0.78,2026-09-19,1030,N,nominal,2.0NRT,295.95,5.02,D,VIIRS,4,Savannas & Grasslands
-22.28995,43.54211,331.4,0.56,0.52,2026-09-19,1026,N,low,2.0NRT,305.05,3.5,D,VIIRS,4,Savannas & Grasslands
-5.5591,33.56641,334.23,0.79,0.78,2026-09-19,1030,N,nominal,2.0NRT,294.23,7.11,D,VIIRS,4,Savannas & Grasslands
-22.2435,43.93247,367.0,0.53,0.5,2026-09-19,1026,N,high,2.0NRT,307.75,18.44,D,VIIRS,4,Savannas & Grasslands
-5.40118,34.70278,330.33,0.66,0.73,2026-09-19,1030,N,nominal,2.0NRT,295.58,7.01,D,VIIRS,4,Savannas & Grasslands
-22.24286,43.93838,355.31,0.53,0.5,2026-09-19,1026,N,nominal,2.0NRT,305.21,14.55,D,VIIRS,4,Savannas & Grasslands
-5.47899,34.33635,367.0,0.7,0.75,2026-09-19,1030,N,high,2.0NRT,304.16,54.4,D,VIIRS,4,Savannas & Grasslands
-22.23825,43.93716,345.39,0.53,0.5,2026-09-19,1026,N,nominal,2.0NRT,304.65,14.55,D,VIIRS,4,Savannas & Grasslands
-5.47993,34.32975,341.54,0.7,0.75,2026-09-19,1030,N,nominal,2.0NRT,297.88,50.5,D,VIIRS,4,Savannas & Grasslands
-22.10931,45.05982,343.02,0.45,0.47,2026-09-19,1026,N,nominal,2.0NRT,308.91,5.26,D,VIIRS,4,Savannas & Grasslands
-5.47202,34.33557,339.18,0.7,0.75,2026-09-19,1030,N,nominal,2.0NRT,292.6,54.4,D,VIIRS,4,Savannas & Grasslands
-22.10845,45.02854,354.49,0.45,0.47,2026-09-19,1026,N,nominal,2.0NRT,310.03,14.38,D,VIIRS,4,Savannas & Grasslands
-5.55991,33.60339,334.01,0.78,0.78,2026-09-19,1030,N,nominal,2.0NRT,296.09,7.41,D,VIIRS,4,Savannas & Grasslands
-21.78103,47.65405,331.3,0.48,0.4,2026-09-19,1026,N,nominal,2.0NRT,295.37,2.23,D,VIIRS,4,Savannas & Grasslands
-5.55772,33.56579,333.82,0.79,0.78,2026-09-19,1030,N,nominal,2.0NRT,294.45,4.81,D,VIIRS,4,Savannas & Grasslands
-5.44035,34.25716,330.4,0.71,0.75,2026-09-19,1030,N,nominal,2.0NRT,296.57,4.04,D,VIIRS,4,Savannas & Grasslands
-21.81998,47.35143,330.76,0.5,0.41,2026-09-19,1026,N,nominal,2.0NRT,295.41,3.62,D,VIIRS,4,Savannas & Grasslands
-4.86794,38.23225,342.67,0.37,0.58,2026-09-19,1030,N,nominal,2.0NRT,299.98,2.34,D,VIIRS,4,Savannas & Grasslands
-22.08756,45.05701,340.85,0.45,0.47,2026-09-19,1026,N,nominal,2.0NRT,313.05,5.46,D,VIIRS,4,Savannas & Grasslands
-5.19464,35.88055,336.96,0.55,0.68,2026-09-19,1030,N,nominal,2.0NRT,299.89,1.99,D,VIIRS,4,Savannas & Grasslands
-22.08321,45.05641,345.89,0.45,0.47,2026-09-19,1026,N,nominal,2.0NRT,312.11,7.48,D,VIIRS,4,Savannas & Grasslands
-5.18845,35.83233,332.23,0.55,0.68,2026-09-19,1030,N,nominal,2.0NRT,300.05,5.53,D,VIIRS,4,Savannas & Grasslands
-22.17455,44.22407,330.51,0.51,0.49,2026-09-19,1026,N,low,2.0NRT,302.57,2.63,D,VIIRS,4,Savannas & Grasslands
-5.21573,35.58788,367.0,0.57,0.69,2026-09-19,1030,N,high,2.0NRT,305.14,17.15,D,VIIRS,4,Savannas & Grasslands
-22.16995,44.22356,333.24,0.51,0.49,2026-09-19,1026,N,nominal,2.0NRT,303.5,2.63,D,VIIRS,4,Savannas & Grasslands
-5.18211,35.8315,348.66,0.55,0.68,2026-09-19,1030,N,nominal,2.0NRT,301.01,5.53,D,VIIRS,4,Savannas & Grasslands
-22.12775,44.53041,336.79,0.49,0.48,2026-09-19,1026,N,low,2.0NRT,310.63,2.9,D,VIIRS,4,Savannas & Grasslands
-5.06423,36.63655,331.79,0.48,0.65,2026-09-19,1030,N,nominal,2.0NRT,301.29,5.29,D,VIIRS,4,Savannas & Grasslands
-22.16772,44.15667,340.77,0.51,0.5,2026-09-19,1026,N,nominal,2.0NRT,304.07,5.76,D,VIIRS,4,Savannas & Grasslands
-5.40188,33.95881,367.0,0.74,0.76,2026-09-19,1030,N,high,2.0NRT,297.66,18.57,D,VIIRS,4,Savannas & Grasslands
-22.07861,44.93879,346.44,0.46,0.47,2026-09-19,1026,N,nominal,2.0NRT,309.4,6.28,D,VIIRS,4,Savannas & Grasslands
-5.40586,33.87421,336.2,0.75,0.77,2026-09-19,1030,N,nominal,2.0NRT,296.47,6.83,D,VIIRS,4,Savannas & Grasslands
-22.18848,43.91369,356.16,0.53,0.5,2026-09-19,1026,N,nominal,2.0NRT,309.87,17.98,D,VIIRS,4,Savannas & Grasslands
-5.17202,35.5719,330.38,0.57,0.69,2026-09-19,1030,N,nominal,2.0NRT,297.99,5.03,D,VIIRS,4,Savannas & Grasslands
-22.18211,43.9293,344.66,0.53,0.5,2026-09-19,1026,N,nominal,2.0NRT,304.77,7.21,D,VIIRS,4,Savannas & Grasslands
-5.17274,35.56652,342.37,0.57,0.69,2026-09-19,1030,N,nominal,2.0NRT,299.12,5.03,D,VIIRS,4,Savannas & Grasslands
-22.17082,44.22588,340.59,0.51,0.49,2026-09-19,1026,N,nominal,2.0NRT,303.62,4.81,D,VIIRS,4,Savannas & Grasslands
-5.25185,34.97791,331.32,0.63,0.72,2026-09-19,1030,N,nominal,2.0NRT,299.4,6.98,D,VIIRS,4,Savannas & Grasslands
-22.07892,44.94013,343.01,0.46,0.47,2026-09-19,1026,N,nominal,2.0NRT,309.19,5.14,D,VIIRS,4,Savannas & Grasslands
-5.39861,33.9598,367.0,0.74,0.76,2026-09-19,1030,N,high,2.0NRT,297.1,15.71,D,VIIRS,4,Savannas & Grasslands
-22.04524,45.15063,336.17,0.44,0.46,2026-09-19,1026,N,low,2.0NRT,310.56,3.77,D,VIIRS,4,Savannas & Grasslands
-5.17186,35.57126,336.78,0.57,0.69,2026-09-19,1030,N,nominal,2.0NRT,297.94,6.96,D,VIIRS,4,Savannas & Grasslands
-22.04575,45.14633,344.57,0.44,0.46,2026-09-19,1026,N,nominal,2.0NRT,312.23,2.93,D,VIIRS,4,Savannas & Grasslands
-5.17262,35.5659,337.26,0.57,0.69,2026-09-19,1030,N,nominal,2.0NRT,299.01,8.09,D,VIIRS,4,Savannas & Grasslands
-5.18381,35.10549,356.71,0.62,0.71,2026-09-19,1030,N,nominal,2.0NRT,300.26,10.76,D,VIIRS,4,Savannas & Grasslands
-22.18688,43.91619,332.97,0.53,0.5,2026-09-19,1026,N,low,2.0NRT,306.88,8.42,D,VIIRS,4,Savannas & Grasslands
-4.67811,38.627,333.55,0.35,0.57,2026-09-19,1030,N,nominal,2.0NRT,298.69,5.94,D,VIIRS,4,Savannas & Grasslands
-22.18745,43.91103,345.83,0.53,0.5,2026-09-19,1026,N,nominal,2.0NRT,308.16,8.42,D,VIIRS,4,Savannas & Grasslands
-4.67846,38.62457,346.92,0.35,0.57,2026-09-19,1030,N,nominal,2.0NRT,300.01,5.02,D,VIIRS,4,Savannas & Grasslands
-22.04092,45.15004,337.98,0.44,0.46,2026-09-19,1026,N,low,2.0NRT,312.42,3.77,D,VIIRS,4,Savannas & Grasslands
-5.29794,34.11639,367.0,0.72,0.76,2026-09-19,1030,N,high,2.0NRT,294.19,56.33,D,VIIRS,4,Savannas & Grasslands
-22.04143,45.14574,341.15,0.44,0.46,2026-09-19,1026,N,nominal,2.0NRT,311.55,2.93,D,VIIRS,4,Savannas & Grasslands
-5.29885,34.10966,346.08,0.72,0.76,2026-09-19,1030,N,nominal,2.0NRT,297.56,44.87,D,VIIRS,4,Savannas & Grasslands
-22.181,43.92633,344.29,0.53,0.5,2026-09-19,1026,N,nominal,2.0NRT,306.9,5.9,D,VIIRS,4,Savannas & Grasslands
-5.29636,34.07488,367.0,0.72,0.76,2026-09-19,1030,N,high,2.0NRT,295.46,23.38,D,VIIRS,4,Savannas & Grasslands
-22.09104,44.68186,345.26,0.47,0.48,2026-09-19,1026,N,nominal,2.0NRT,313.49,7.33,D,VIIRS,4,Savannas & Grasslands
-5.0685,35.65637,330.11,0.56,0.69,2026-09-19,1030,N,nominal,2.0NRT,297.92,4.32,D,VIIRS,4,Savannas & Grasslands
-22.10344,44.53386,333.61,0.48,0.48,2026-09-19,1026,N,low,2.0NRT,308.51,5.24,D,VIIRS,4,Savannas & Grasslands
-5.07147,35.53823,367.0,0.57,0.69,2026-09-19,1030,N,high,2.0NRT,300.21,26.04,D,VIIRS,4,Savannas & Grasslands
-21.65296,48.09608,337.68,0.46,0.39,2026-09-19,1026,N,nominal,2.0NRT,298.25,4.54,D,VIIRS,4,Savannas & Grasslands
-5.10423,35.29568,335.96,0.6,0.7,2026-09-19,1030,N,nominal,2.0NRT,298.49,7.43,D,VIIRS,4,Savannas & Grasslands
-21.65356,48.09163,329.39,0.46,0.39,2026-09-19,1026,N,nominal,2.0NRT,297.11,2.01,D,VIIRS,4,Savannas & Grasslands
-5.02456,35.83692,339.53,0.55,0.68,2026-09-19,1030,N,nominal,2.0NRT,297.76,3.46,D,VIIRS,4,Savannas & Grasslands
-21.64874,48.09997,337.93,0.46,0.39,2026-09-19,1026,N,nominal,2.0NRT,299.39,5.67,D,VIIRS,4,Savannas & Grasslands
-5.30004,34.11538,338.12,0.72,0.76,2026-09-19,1030,N,nominal,2.0NRT,294.23,31.18,D,VIIRS,4,Savannas & Grasslands
-21.64208,48.09441,330.18,0.46,0.39,2026-09-19,1026,N,nominal,2.0NRT,297.65,4.07,D,VIIRS,4,Savannas & Grasslands
-5.29303,34.1143,367.0,0.72,0.76,2026-09-19,1030,N,high,2.0NRT,295.33,31.18,D,VIIRS,4,Savannas & Grasslands
-21.64268,48.08994,353.25,0.46,0.39,2026-09-19,1026,N,nominal,2.0NRT,299.82,14.02,D,VIIRS,4,Savannas & Grasslands
-5.29874,34.07389,367.0,0.72,0.76,2026-09-19,1030,N,high,2.0NRT,294.7,19.54,D,VIIRS,4,Savannas & Grasslands
-5.29397,34.10759,349.3,0.72,0.76,2026-09-19,1030,N,nominal,2.0NRT,294.07,31.18,D,VIIRS,4,Savannas & Grasslands
-21.94726,45.68482,355.98,0.41,0.45,2026-09-19,1026,N,nominal,2.0NRT,316.07,22.28,D,VIIRS,4,Savannas & Grasslands
-5.07007,35.54088,367.0,0.57,0.69,2026-09-19,1030,N,high,2.0NRT,298.54,21.61,D,VIIRS,4,Savannas & Grasslands
-21.94115,45.70053,344.66,0.41,0.45,2026-09-19,1026,N,nominal,2.0NRT,313.21,8.46,D,VIIRS,4,Savannas & Grasslands
-5.07085,35.53545,340.43,0.57,0.69,2026-09-19,1030,N,nominal,2.0NRT,299.25,13.18,D,VIIRS,4,Savannas & Grasslands
-21.92244,45.60739,351.76,0.42,0.45,2026-09-19,1026,N,nominal,2.0NRT,311.44,6.52,D,VIIRS,4,Savannas & Grasslands
-5.1052,35.29366,347.05,0.6,0.7,2026-09-19,1030,N,nominal,2.0NRT,299.33,8.03,D,VIIRS,4,Savannas & Grasslands
-21.91775,45.61108,339.67,0.41,0.45,2026-09-19,1026,N,nominal,2.0NRT,308.06,6.52,D,VIIRS,4,Savannas & Grasslands
-5.02117,35.83884,331.77,0.55,0.68,2026-09-19,1030,N,nominal,2.0NRT,296.25,4.79,D,VIIRS,4,Savannas & Grasslands
-4.62108,38.5398,332.34,0.35,0.57,2026-09-19,1030,N,nominal,2.0NRT,297.7,2.35,D,VIIRS,4,Savannas & Grasslands
-22.1154,43.78287,332.86,0.54,0.51,2026-09-19,1026,N,low,2.0NRT,307.29,4.55,D,VIIRS,4,Savannas & Grasslands
-5.20865,33.72647,336.59,0.76,0.77,2026-09-19,1030,N,nominal,2.0NRT,295.85,5.1,D,VIIRS,4,Savannas & Grasslands
-21.87277,45.85172,343.73,0.4,0.44,2026-09-19,1026,N,low,2.0NRT,314.28,12.95,D,VIIRS,4,Savannas & Grasslands
-4.84396,36.38421,367.0,0.5,0.66,2026-09-19,1030,N,high,2.0NRT,295.26,10.23,D,VIIRS,4,Savannas & Grasslands
-21.87322,45.84784,343.23,0.4,0.44,2026-09-19,1026,N,nominal,2.0NRT,312.61,9.71,D,VIIRS,4,Savannas & Grasslands
-4.84333,36.38882,348.6,0.5,0.66,2026-09-19,1030,N,nominal,2.0NRT,295.16,14.1,D,VIIRS,4,Savannas & Grasslands
-21.86865,45.85117,343.76,0.4,0.44,2026-09-19,1026,N,nominal,2.0NRT,310.41,9.6,D,VIIRS,4,Savannas & Grasslands
-4.82928,36.40088,334.19,0.5,0.66,2026-09-19,1030,N,nominal,2.0NRT,295.75,1.98,D,VIIRS,4,Savannas & Grasslands
-21.95088,45.09294,338.92,0.45,0.47,2026-09-19,1026,N,low,2.0NRT,309.75,3.96,D,VIIRS,4,Savannas & Grasslands
-4.84386,36.38495,367.0,0.5,0.66,2026-09-19,1032,N,high,2.0NRT,297.62,14.7,D,VIIRS,4,Savannas & Grasslands
-5.21422,33.7254,336.24,0.76,0.77,2026-09-19,1032,N,nominal,2.0NRT,295.78,5.71,D,VIIRS,4,Savannas & Grasslands
-21.87027,45.85162,342.56,0.4,0.44,2026-09-19,1026,N,nominal,2.0NRT,311.63,19.24,D,VIIRS,4,Savannas & Grasslands
-4.7138,37.16308,349.26,0.44,0.62,2026-09-19,1032,N,nominal,2.0NRT,296.45,6.21,D,VIIRS,4,Savannas & Grasslands
-21.8717,45.84004,340.1,0.4,0.44,2026-09-19,1026,N,low,2.0NRT,313.34,2.93,D,VIIRS,4,Savannas & Grasslands
-4.99443,35.04818,332.99,0.62,0.71,2026-09-19,1032,N,nominal,2.0NRT,297.59,4.94,D,VIIRS,4,Savannas & Grasslands
-22.11318,43.79106,340.47,0.54,0.51,2026-09-19,1026,N,nominal,2.0NRT,307.66,7.79,D,VIIRS,4,Savannas & Grasslands
-5.0611,34.26234,350.6,0.7,0.75,2026-09-19,1032,N,nominal,2.0NRT,295.58,6.64,D,VIIRS,4,Savannas & Grasslands
-22.11438,43.78035,339.86,0.54,0.51,2026-09-19,1026,N,nominal,2.0NRT,306.6,3.81,D,VIIRS,4,Savannas & Grasslands
-4.66141,36.9883,338.97,0.45,0.63,2026-09-19,1032,N,nominal,2.0NRT,296.78,8.0,D,VIIRS,4,Savannas & Grasslands
-21.88231,45.68523,339.55,0.41,0.45,2026-09-19,1026,N,nominal,2.0NRT,310.97,2.11,D,VIIRS,4,Savannas & Grasslands
-4.8691,35.37712,334.1,0.59,0.7,2026-09-19,1032,N,nominal,2.0NRT,300.95,4.99,D,VIIRS,4,Savannas & Grasslands
-21.94978,45.08947,334.56,0.45,0.47,2026-09-19,1026,N,low,2.0NRT,309.25,1.7,D,VIIRS,4,Savannas & Grasslands
-4.90104,35.42892,333.18,0.58,0.7,2026-09-19,1032,N,nominal,2.0NRT,300.08,3.46,D,VIIRS,4,Savannas & Grasslands
-21.95454,44.97424,335.2,0.45,0.47,2026-09-19,1026,N,low,2.0NRT,309.42,1.31,D,VIIRS,4,Savannas & Grasslands
-5.06196,34.26066,339.96,0.7,0.75,2026-09-19,1032,N,nominal,2.0NRT,294.79,10.61,D,VIIRS,4,Savannas & Grasslands
-21.95711,44.95231,350.83,0.45,0.47,2026-09-19,1026,N,nominal,2.0NRT,311.61,6.2,D,VIIRS,4,Savannas & Grasslands
-4.66197,36.9887,335.91,0.45,0.63,2026-09-19,1032,N,nominal,2.0NRT,296.86,8.23,D,VIIRS,4,Savannas & Grasslands
-4.86844,35.38,335.95,0.58,0.7,2026-09-19,1032,N,nominal,2.0NRT,300.7,4.4,D,VIIRS,4,Savannas & Grasslands
-22.05589,44.09095,332.14,0.51,0.5,2026-09-19,1026,N,low,2.0NRT,304.94,3.12,D,VIIRS,4,Savannas & Grasslands
-4.60917,37.10751,334.82,0.44,0.63,2026-09-19,1032,N,nominal,2.0NRT,293.97,4.02,D,VIIRS,4,Savannas & Grasslands
-21.61203,47.65113,331.88,0.48,0.4,2026-09-19,1026,N,nominal,2.0NRT,297.29,7.97,D,VIIRS,4,Savannas & Grasslands
-4.91324,34.26158,348.17,0.7,0.75,2026-09-19,1032,N,nominal,2.0NRT,298.4,45.75,D,VIIRS,4,Savannas & Grasslands
-21.92887,45.11769,333.7,0.44,0.46,2026-09-19,1026,N,low,2.0NRT,307.48,1.37,D,VIIRS,4,Savannas & Grasslands
-4.91409,34.25524,351.0,0.7,0.75,2026-09-19,1032,N,nominal,2.0NRT,307.69,45.75,D,VIIRS,4,Savannas & Grasslands
-21.8734,45.47669,347.47,0.42,0.45,2026-09-19,1026,N,nominal,2.0NRT,314.44,14.18,D,VIIRS,4,Savannas & Grasslands
-4.86891,34.68427,331.08,0.65,0.73,2026-09-19,1032,N,nominal,2.0NRT,295.53,2.35,D,VIIRS,4,Savannas & Grasslands
-21.87116,45.45937,335.49,0.42,0.45,2026-09-19,1026,N,low,2.0NRT,309.6,1.02,D,VIIRS,4,Savannas & Grasslands
-4.61868,36.38943,330.29,0.49,0.65,2026-09-19,1032,N,low,2.0NRT,300.69,4.11,D,VIIRS,4,Savannas & Grasslands
-21.86546,45.47126,343.05,0.42,0.45,2026-09-19,1026,N,nominal,2.0NRT,311.78,2.06,D,VIIRS,4,Savannas & Grasslands
-4.91492,34.25962,367.0,0.7,0.75,2026-09-19,1032,N,high,2.0NRT,300.23,51.07,D,VIIRS,4,Savannas & Grasslands
-21.93373,44.88572,335.87,0.46,0.47,2026-09-19,1026,N,low,2.0NRT,310.33,2.12,D,VIIRS,4,Savannas & Grasslands
-4.61261,36.38858,337.61,0.49,0.65,2026-09-19,1032,N,nominal,2.0NRT,300.87,4.11,D,VIIRS,4,Savannas & Grasslands
-21.94462,44.7906,343.61,0.46,0.47,2026-09-19,1026,N,nominal,2.0NRT,311.24,5.51,D,VIIRS,4,Savannas & Grasslands
-4.9158,34.2533,347.95,0.7,0.75,2026-09-19,1032,N,nominal,2.0NRT,302.89,43.08,D,VIIRS,4,Savannas & Grasslands
-21.86173,45.46653,335.63,0.42,0.45,2026-09-19,1026,N,low,2.0NRT,309.85,5.42,D,VIIRS,4,Savannas & Grasslands
-4.90883,34.2526,356.17,0.7,0.75,2026-09-19,1032,N,nominal,2.0NRT,297.89,15.4,D,VIIRS,4,Savannas & Grasslands
-22.0088,44.04956,342.93,0.52,0.5,2026-09-19,1026,N,nominal,2.0NRT,306.59,17.37,D,VIIRS,4,Savannas & Grasslands
-4.49332,36.75663,335.53,0.47,0.64,2026-09-19,1032,N,nominal,2.0NRT,293.49,22.43,D,VIIRS,4,Savannas & Grasslands
-22.00929,44.04507,337.29,0.52,0.5,2026-09-19,1026,N,nominal,2.0NRT,307.95,15.22,D,VIIRS,4,Savannas & Grasslands
-4.49393,36.75226,354.88,0.47,0.64,2026-09-19,1032,N,nominal,2.0NRT,299.47,26.16,D,VIIRS,4,Savannas & Grasslands
-21.90929,44.9049,352.77,0.46,0.47,2026-09-19,1026,N,nominal,2.0NRT,313.04,9.13,D,VIIRS,4,Savannas & Grasslands
-4.49548,36.75568,367.0,0.47,0.64,2026-09-19,1032,N,high,2.0NRT,295.83,13.72,D,VIIRS,4,Savannas & Grasslands
-21.88981,45.03719,336.56,0.45,0.47,2026-09-19,1026,N,low,2.0NRT,310.21,2.62,D,VIIRS,4,Savannas & Grasslands
-4.49612,36.75136,354.43,0.47,0.64,2026-09-19,1032,N,nominal,2.0NRT,297.05,13.72,D,VIIRS,4,Savannas & Grasslands
-21.78608,45.81998,336.39,0.4,0.44,2026-09-19,1026,N,low,2.0NRT,310.27,1.52,D,VIIRS,4,Savannas & Grasslands
-4.49019,36.75063,338.77,0.47,0.64,2026-09-19,1032,N,nominal,2.0NRT,293.08,13.72,D,VIIRS,4,Savannas & Grasslands
-21.96595,44.18633,333.75,0.51,0.49,2026-09-19,1026,N,low,2.0NRT,306.05,4.23,D,VIIRS,4,Savannas & Grasslands
-4.56794,36.1764,330.15,0.51,0.66,2026-09-19,1032,N,nominal,2.0NRT,294.12,2.38,D,VIIRS,4,Savannas & Grasslands
-21.96079,44.19104,341.93,0.51,0.49,2026-09-19,1026,N,nominal,2.0NRT,306.16,4.23,D,VIIRS,4,Savannas & Grasslands
-4.45566,36.43975,344.02,0.49,0.65,2026-09-19,1032,N,nominal,2.0NRT,297.18,5.54,D,VIIRS,4,Savannas & Grasslands
-21.96136,44.18575,339.04,0.51,0.49,2026-09-19,1026,N,nominal,2.0NRT,305.7,4.23,D,VIIRS,4,Savannas & Grasslands
-4.43465,36.41389,334.02,0.49,0.65,2026-09-19,1032,N,nominal,2.0NRT,297.9,4.26,D,VIIRS,4,Savannas & Grasslands
-21.76122,45.92434,339.39,0.4,0.44,2026-09-19,1026,N,low,2.0NRT,311.8,2.73,D,VIIRS,4,Savannas & Grasslands
-4.43362,36.41437,337.84,0.49,0.65,2026-09-19,1032,N,nominal,2.0NRT,297.18,6.2,D,VIIRS,4,Savannas & Grasslands
-21.79033,45.67595,337.76,0.41,0.45,2026-09-19,1026,N,low,2.0NRT,311.96,4.68,D,VIIRS,4,Savannas & Grasslands
-4.63166,33.87432,340.0,0.73,0.76,2026-09-19,1032,N,nominal,2.0NRT,293.53,6.11,D,VIIRS,4,Savannas & Grasslands
-21.96007,44.15419,338.94,0.51,0.49,2026-09-19,1026,N,nominal,2.0NRT,307.51,4.31,D,VIIRS,4,Savannas & Grasslands
-4.08545,35.74287,330.54,0.54,0.68,2026-09-19,1032,N,low,2.0NRT,301.19,3.62,D,VIIRS,4,Savannas & Grasslands
-21.78618,45.67531,350.1,0.41,0.45,2026-09-19,1026,N,nominal,2.0NRT,308.76,4.68,D,VIIRS,4,Savannas & Grasslands
-4.0792,35.74181,339.03,0.54,0.68,2026-09-19,1032,N,nominal,2.0NRT,299.06,3.58,D,VIIRS,4,Savannas & Grasslands
-22.04317,43.30787,332.26,0.58,0.52,2026-09-19,1026,N,nominal,2.0NRT,302.4,2.16,D,VIIRS,4,Savannas & Grasslands
-4.08223,35.74421,339.37,0.54,0.68,2026-09-19,1032,N,nominal,2.0NRT,300.02,8.33,D,VIIRS,4,Savannas & Grasslands
-21.78202,45.67471,335.47,0.41,0.45,2026-09-19,1026,N,low,2.0NRT,309.21,1.1,D,VIIRS,4,Savannas & Grasslands
-21.86651,44.88984,345.76,0.46,0.47,2026-09-19,1026,N,nominal,2.0NRT,309.37,7.11,D,VIIRS,4,Savannas & Grasslands
-21.86751,44.88078,336.49,0.46,0.47,2026-09-19,1026,N,low,2.0NRT,310.82,2.11,D,VIIRS,4,Savannas & Grasslands
-21.78529,45.67665,335.18,0.41,0.45,2026-09-19,1026,N,low,2.0NRT,307.69,2.25,D,VIIRS,4,Savannas & Grasslands
-21.78579,45.67259,342.79,0.41,0.45,2026-09-19,1026,N,nominal,2.0NRT,307.78,2.25,D,VIIRS,4,Savannas & Grasslands
-21.96203,44.1897,346.41,0.51,0.49,2026-09-19,1026,N,nominal,2.0NRT,307.25,8.69,D,VIIRS,4,Savannas & Grasslands
-21.96264,44.18447,334.99,0.51,0.49,2026-09-19,1026,N,low,2.0NRT,305.84,2.48,D,VIIRS,4,Savannas & Grasslands
-21.78113,45.67609,335.49,0.41,0.45,2026-09-19,1026,N,nominal,2.0NRT,309.24,2.25,D,VIIRS,4,Savannas & Grasslands
-21.96099,44.15812,334.05,0.51,0.49,2026-09-19,1026,N,low,2.0NRT,306.25,2.42,D,VIIRS,4,Savannas & Grasslands
-21.86727,44.88797,343.83,0.46,0.47,2026-09-19,1026,N,nominal,2.0NRT,310.8,6.34,D,VIIRS,4,Savannas & Grasslands
-21.8678,44.88345,343.45,0.46,0.47,2026-09-19,1026,N,nominal,2.0NRT,311.19,4.2,D,VIIRS,4,Savannas & Grasslands
-22.04116,43.30717,334.04,0.58,0.52,2026-09-19,1026,N,nominal,2.0NRT,303.12,2.99,D,VIIRS,4,Savannas & Grasslands
-21.93047,44.26277,336.17,0.5,0.49,2026-09-19,1026,N,nominal,2.0NRT,305.43,4.67,D,VIIRS,4,Savannas & Grasslands
-21.78224,45.49213,336.3,0.42,0.45,2026-09-19,1026,N,low,2.0NRT,310.85,3.05,D,VIIRS,4,Savannas & Grasslands
-21.78282,45.48736,342.31,0.42,0.45,2026-09-19,1026,N,nominal,2.0NRT,312.39,3.05,D,VIIRS,4,Savannas & Grasslands
-21.94553,44.00383,333.06,0.52,0.5,2026-09-19,1026,N,low,2.0NRT,303.29,3.81,D,VIIRS,4,Savannas & Grasslands
-21.81652,45.05671,340.17,0.45,0.47,2026-09-19,1026,N,nominal,2.0NRT,309.1,3.78,D,VIIRS,4,Savannas & Grasslands
-21.78275,45.27055,354.32,0.43,0.46,2026-09-19,1026,N,nominal,2.0NRT,312.29,7.97,D,VIIRS,4,Savannas & Grasslands
-21.71317,45.81948,334.83,0.4,0.44,2026-09-19,1026,N,low,2.0NRT,309.44,1.26,D,VIIRS,4,Savannas & Grasslands
-21.85919,44.4052,341.5,0.49,0.49,2026-09-19,1026,N,nominal,2.0NRT,304.24,5.79,D,VIIRS,4,Savannas & Grasslands
-21.67323,45.94354,341.24,0.39,0.44,2026-09-19,1026,N,nominal,2.0NRT,310.51,2.49,D,VIIRS,4,Savannas & Grasslands
-21.7512,45.20525,355.03,0.44,0.46,2026-09-19,1026,N,nominal,2.0NRT,307.56,12.31,D,VIIRS,4,Savannas & Grasslands
-21.83255,44.31227,342.52,0.5,0.49,2026-09-19,1026,N,nominal,2.0NRT,308.36,7.75,D,VIIRS,4,Savannas & Grasslands
-21.83153,44.31437,343.47,0.5,0.49,2026-09-19,1026,N,nominal,2.0NRT,305.2,4.23,D,VIIRS,4,Savannas & Grasslands
-21.71168,45.22241,345.97,0.43,0.46,2026-09-19,1026,N,nominal,2.0NRT,310.13,6.97,D,VIIRS,4,Savannas & Grasslands
-21.58688,46.11076,367.0,0.38,0.44,2026-09-19,1026,N,high,2.0NRT,316.48,18.21,D,VIIRS,4,Savannas & Grasslands
-21.58283,46.11026,343.69,0.38,0.44,2026-09-19,1026,N,nominal,2.0NRT,307.98,11.47,D,VIIRS,4,Savannas & Grasslands
-21.71615,44.9991,348.83,0.45,0.47,2026-09-19,1026,N,nominal,2.0NRT,311.16,8.7,D,VIIRS,4,Savannas & Grasslands
-21.71665,44.99475,342.4,0.45,0.47,2026-09-19,1026,N,nominal,2.0NRT,313.73,8.7,D,VIIRS,4,Savannas & Grasslands
-21.7113,45.0029,343.71,0.45,0.47,2026-09-19,1026,N,nominal,2.0NRT,310.49,6.28,D,VIIRS,4,Savannas & Grasslands
-21.71181,44.99849,343.63,0.45,0.47,2026-09-19,1026,N,nominal,2.0NRT,312.04,8.7,D,VIIRS,4,Savannas & Grasslands
-21.71231,44.99416,351.47,0.45,0.47,2026-09-19,1026,N,nominal,2.0NRT,311.14,8.7,D,VIIRS,4,Savannas & Grasslands
-21.74398,44.72002,339.04,0.47,0.47,2026-09-19,1026,N,nominal,2.0NRT,307.8,1.2,D,VIIRS,4,Savannas & Grasslands
-21.79802,44.2015,347.89,0.5,0.49,2026-09-19,1026,N,nominal,2.0NRT,304.0,6.12,D,VIIRS,4,Savannas & Grasslands
-21.57406,46.0135,334.5,0.39,0.44,2026-09-19,1026,N,low,2.0NRT,309.17,2.42,D,VIIRS,4,Savannas & Grasslands
-21.70221,44.88993,352.2,0.46,0.47,2026-09-19,1026,N,nominal,2.0NRT,310.1,5.54,D,VIIRS,4,Savannas & Grasslands
-21.56919,45.98547,356.19,0.39,0.44,2026-09-19,1026,N,nominal,2.0NRT,313.44,15.78,D,VIIRS,4,Savannas & Grasslands
-21.69192,44.90234,341.64,0.45,0.47,2026-09-19,1026,N,nominal,2.0NRT,309.46,6.43,D,VIIRS,4,Savannas & Grasslands
-21.69911,44.83907,336.7,0.46,0.47,2026-09-19,1026,N,low,2.0NRT,310.63,3.7,D,VIIRS,4,Savannas & Grasslands
-21.70903,44.71153,343.77,0.47,0.48,2026-09-19,1026,N,nominal,2.0NRT,309.79,5.17,D,VIIRS,4,Savannas & Grasslands
-21.62579,45.32685,345.92,0.43,0.46,2026-09-19,1026,N,nominal,2.0NRT,310.0,3.83,D,VIIRS,4,Savannas & Grasslands
-21.72099,44.48203,337.67,0.48,0.48,2026-09-19,1026,N,nominal,2.0NRT,305.42,5.02,D,VIIRS,4,Savannas & Grasslands
-21.53758,46.04221,342.89,0.39,0.44,2026-09-19,1026,N,nominal,2.0NRT,310.95,3.6,D,VIIRS,4,Savannas & Grasslands
-21.71121,44.40432,348.42,0.49,0.48,2026-09-19,1026,N,nominal,2.0NRT,305.15,6.22,D,VIIRS,4,Savannas & Grasslands
-21.76161,43.8875,345.43,0.53,0.5,2026-09-19,1026,N,nominal,2.0NRT,309.53,11.14,D,VIIRS,4,Savannas & Grasslands
-21.67285,44.76367,336.26,0.46,0.47,2026-09-19,1026,N,low,2.0NRT,308.37,2.56,D,VIIRS,4,Savannas & Grasslands
-21.67392,44.75457,335.85,0.46,0.47,2026-09-19,1026,N,low,2.0NRT,308.79,3.6,D,VIIRS,4,Savannas & Grasslands
-21.71006,44.40606,341.1,0.49,0.48,2026-09-19,1026,N,nominal,2.0NRT,304.13,12.62,D,VIIRS,4,Savannas & Grasslands
-21.64857,44.89384,338.1,0.45,0.47,2026-09-19,1026,N,low,2.0NRT,310.68,8.0,D,VIIRS,4,Savannas & Grasslands
-21.76473,43.88523,343.12,0.53,0.5,2026-09-19,1026,N,nominal,2.0NRT,309.51,5.09,D,VIIRS,4,Savannas & Grasslands
-21.65907,44.76674,336.95,0.46,0.47,2026-09-19,1026,N,nominal,2.0NRT,308.78,3.4,D,VIIRS,4,Savannas & Grasslands
-21.6596,44.76219,343.87,0.46,0.47,2026-09-19,1026,N,nominal,2.0NRT,308.43,3.4,D,VIIRS,4,Savannas & Grasslands
-21.76006,43.88464,345.02,0.53,0.5,2026-09-19,1026,N,nominal,2.0NRT,306.99,5.09,D,VIIRS,4,Savannas & Grasslands
-21.65465,44.76625,335.23,0.46,0.47,2026-09-19,1026,N,low,2.0NRT,308.62,3.1,D,VIIRS,4,Savannas & Grasslands
-21.65519,44.7617,339.7,0.46,0.47,2026-09-19,1026,N,nominal,2.0NRT,307.69,3.1,D,VIIRS,4,Savannas & Grasslands
-21.66677,44.62327,346.17,0.47,0.48,2026-09-19,1026,N,nominal,2.0NRT,307.45,3.79,D,VIIRS,4,Savannas & Grasslands
-21.64636,44.76065,343.99,0.46,0.47,2026-09-19,1026,N,nominal,2.0NRT,309.31,6.09,D,VIIRS,4,Savannas & Grasslands
-21.6469,44.75604,349.03,0.46,0.47,2026-09-19,1026,N,nominal,2.0NRT,310.95,6.54,D,VIIRS,4,Savannas & Grasslands
-21.64743,44.75145,342.56,0.46,0.47,2026-09-19,1026,N,nominal,2.0NRT,308.9,6.54,D,VIIRS,4,Savannas & Grasslands
-21.66232,44.62276,349.8,0.47,0.48,2026-09-19,1026,N,nominal,2.0NRT,311.09,11.11,D,VIIRS,4,Savannas & Grasslands
-21.66286,44.61813,333.01,0.47,0.48,2026-09-19,1026,N,low,2.0NRT,306.54,4.19,D,VIIRS,4,Savannas & Grasslands
-21.66689,44.54363,337.9,0.48,0.48,2026-09-19,1026,N,nominal,2.0NRT,309.35,1.95,D,VIIRS,4,Savannas & Grasslands
-21.6059,45.03143,346.67,0.44,0.46,2026-09-19,1026,N,nominal,2.0NRT,307.48,5.28,D,VIIRS,4,Savannas & Grasslands
-21.75683,43.69839,331.83,0.54,0.51,2026-09-19,1026,N,low,2.0NRT,306.06,5.33,D,VIIRS,4,Savannas & Grasslands
-21.75153,43.70301,336.65,0.54,0.51,2026-09-19,1026,N,nominal,2.0NRT,304.66,5.33,D,VIIRS,4,Savannas & Grasslands
-21.71757,43.92665,330.55,0.52,0.5,2026-09-19,1026,N,low,2.0NRT,304.41,2.82,D,VIIRS,4,Savannas & Grasslands
-21.60772,44.82487,349.64,0.46,0.47,2026-09-19,1026,N,nominal,2.0NRT,311.99,9.73,D,VIIRS,4,Savannas & Grasslands
-21.67243,44.16724,330.57,0.5,0.49,2026-09-19,1026,N,low,2.0NRT,305.07,4.03,D,VIIRS,4,Savannas & Grasslands
-21.66784,44.16672,338.8,0.5,0.49,2026-09-19,1026,N,nominal,2.0NRT,305.56,6.38,D,VIIRS,4,Savannas & Grasslands
-21.64086,44.32831,338.55,0.49,0.49,2026-09-19,1026,N,low,2.0NRT,310.4,8.93,D,VIIRS,4,Savannas & Grasslands
-21.71066,43.68188,335.18,0.54,0.51,2026-09-19,1026,N,low,2.0NRT,307.04,3.57,D,VIIRS,4,Savannas & Grasslands
-21.70817,43.66008,336.42,0.54,0.51,2026-09-19,1026,N,nominal,2.0NRT,305.86,8.7,D,VIIRS,4,Savannas & Grasslands
-21.70874,43.65472,341.77,0.54,0.51,2026-09-19,1026,N,nominal,2.0NRT,305.48,8.27,D,VIIRS,4,Savannas & Grasslands
-21.71158,43.62774,334.28,0.55,0.51,2026-09-19,1026,N,low,2.0NRT,305.95,4.54,D,VIIRS,4,Savannas & Grasslands
-21.61075,44.51844,344.39,0.48,0.48,2026-09-19,1026,N,nominal,2.0NRT,305.96,5.78,D,VIIRS,4,Savannas & Grasslands
-21.61725,44.41811,349.84,0.49,0.48,2026-09-19,1026,N,nominal,2.0NRT,306.92,18.41,D,VIIRS,4,Savannas & Grasslands
-21.6503,44.11403,343.0,0.51,0.49,2026-09-19,1026,N,nominal,2.0NRT,307.38,15.1,D,VIIRS,4,Savannas & Grasslands
-21.65084,44.10902,341.89,0.51,0.49,2026-09-19,1026,N,nominal,2.0NRT,308.61,13.45,D,VIIRS,4,Savannas & Grasslands
-21.70945,43.55604,330.61,0.55,0.51,2026-09-19,1026,N,low,2.0NRT,304.0,1.06,D,VIIRS,4,Savannas & Grasslands
-21.60131,44.52178,357.05,0.48,0.48,2026-09-19,1026,N,nominal,2.0NRT,308.89,22.9,D,VIIRS,4,Savannas & Grasslands
-21.61275,44.41752,349.93,0.49,0.48,2026-09-19,1026,N,nominal,2.0NRT,310.37,13.78,D,VIIRS,4,Savannas & Grasslands
-21.6138,44.4079,351.09,0.49,0.48,2026-09-19,1026,N,nominal,2.0NRT,308.42,10.49,D,VIIRS,4,Savannas & Grasslands
-21.50139,45.33286,344.52,0.43,0.46,2026-09-19,1026,N,nominal,2.0NRT,311.87,7.98,D,VIIRS,4,Savannas & Grasslands
-21.50186,45.32875,338.94,0.43,0.46,2026-09-19,1026,N,low,2.0NRT,311.36,6.83,D,VIIRS,4,Savannas & Grasslands
-21.50233,45.32463,348.0,0.43,0.46,2026-09-19,1026,N,nominal,2.0NRT,312.42,6.83,D,VIIRS,4,Savannas & Grasslands
-21.58478,44.58981,348.31,0.47,0.48,2026-09-19,1026,N,nominal,2.0NRT,306.08,5.44,D,VIIRS,4,Savannas & Grasslands
-21.58529,44.58517,341.45,0.47,0.48,2026-09-19,1026,N,nominal,2.0NRT,304.88,5.44,D,VIIRS,4,Savannas & Grasslands
-21.5798,44.59397,334.28,0.47,0.48,2026-09-19,1026,N,low,2.0NRT,309.12,5.54,D,VIIRS,4,Savannas & Grasslands
-21.58031,44.58936,334.01,0.47,0.48,2026-09-19,1026,N,nominal,2.0NRT,308.71,5.44,D,VIIRS,4,Savannas & Grasslands
-21.58082,44.5847,346.38,0.47,0.48,2026-09-19,1026,N,nominal,2.0NRT,309.16,5.44,D,VIIRS,4,Savannas & Grasslands
-21.60306,44.52369,347.72,0.48,0.48,2026-09-19,1026,N,nominal,2.0NRT,309.42,8.9,D,VIIRS,4,Savannas & Grasslands
-21.61523,44.41981,342.72,0.49,0.48,2026-09-19,1026,N,nominal,2.0NRT,308.23,9.74,D,VIIRS,4,Savannas & Grasslands
-21.61579,44.41497,356.38,0.49,0.48,2026-09-19,1026,N,nominal,2.0NRT,314.26,16.38,D,VIIRS,4,Savannas & Grasslands
-21.651,44.11137,354.63,0.51,0.49,2026-09-19,1026,N,nominal,2.0NRT,309.04,20.94,D,VIIRS,4,Savannas & Grasslands
-21.5023,45.32958,344.62,0.43,0.46,2026-09-19,1026,N,nominal,2.0NRT,312.79,5.97,D,VIIRS,4,Savannas & Grasslands
-21.5028,45.32546,354.46,0.43,0.46,2026-09-19,1026,N,nominal,2.0NRT,312.14,5.97,D,VIIRS,4,Savannas & Grasslands
-21.59857,44.52331,352.13,0.48,0.48,2026-09-19,1026,N,nominal,2.0NRT,305.37,8.9,D,VIIRS,4,Savannas & Grasslands
-21.61073,44.41922,335.01,0.49,0.48,2026-09-19,1026,N,low,2.0NRT,309.71,9.74,D,VIIRS,4,Savannas & Grasslands
-21.61185,44.40962,338.25,0.49,0.48,2026-09-19,1026,N,nominal,2.0NRT,308.1,16.38,D,VIIRS,4,Savannas & Grasslands
-21.49806,45.32901,343.09,0.43,0.46,2026-09-19,1026,N,nominal,2.0NRT,309.63,4.55,D,VIIRS,4,Savannas & Grasslands
-21.58211,44.58659,367.0,0.47,0.48,2026-09-19,1026,N,high,2.0NRT,309.11,7.9,D,VIIRS,4,Savannas & Grasslands
-21.41912,45.93634,352.44,0.39,0.44,2026-09-19,1026,N,nominal,2.0NRT,312.84,11.73,D,VIIRS,4,Savannas & Grasslands
-21.58157,44.59121,344.49,0.47,0.48,2026-09-19,1026,N,nominal,2.0NRT,308.32,7.9,D,VIIRS,4,Savannas & Grasslands
-21.41647,45.92437,339.41,0.39,0.44,2026-09-19,1026,N,low,2.0NRT,311.47,5.59,D,VIIRS,4,Savannas & Grasslands
-21.57765,44.58611,350.75,0.47,0.48,2026-09-19,1026,N,nominal,2.0NRT,308.14,7.63,D,VIIRS,4,Savannas & Grasslands
-21.40786,45.92691,338.7,0.39,0.44,2026-09-19,1026,N,low,2.0NRT,312.36,61.84,D,VIIRS,4,Savannas & Grasslands
-21.57623,44.52031,347.19,0.48,0.48,2026-09-19,1026,N,nominal,2.0NRT,308.38,14.6,D,VIIRS,4,Savannas & Grasslands
-21.57676,44.51573,337.54,0.48,0.48,2026-09-19,1026,N,low,2.0NRT,308.38,4.99,D,VIIRS,4,Savannas & Grasslands
-21.40332,45.9301,343.47,0.39,0.44,2026-09-19,1026,N,nominal,2.0NRT,311.03,34.82,D,VIIRS,4,Savannas & Grasslands
-21.40473,45.91872,345.61,0.39,0.44,2026-09-19,1026,N,nominal,2.0NRT,310.9,6.06,D,VIIRS,4,Savannas & Grasslands
-21.61145,44.17253,348.76,0.5,0.49,2026-09-19,1026,N,nominal,2.0NRT,307.13,6.81,D,VIIRS,4,Savannas & Grasslands
-21.60686,44.17208,367.0,0.5,0.49,2026-09-19,1026,N,high,2.0NRT,311.21,16.18,D,VIIRS,4,Savannas & Grasslands
-21.62878,43.89235,338.9,0.52,0.5,2026-09-19,1026,N,nominal,2.0NRT,306.26,3.33,D,VIIRS,4,Savannas & Grasslands
-21.62935,43.88715,332.09,0.52,0.5,2026-09-19,1026,N,low,2.0NRT,305.13,3.33,D,VIIRS,4,Savannas & Grasslands
-21.55786,44.44247,344.28,0.48,0.48,2026-09-19,1026,N,nominal,2.0NRT,305.62,10.56,D,VIIRS,4,Savannas & Grasslands
-21.55282,44.44679,367.0,0.48,0.48,2026-09-19,1026,N,high,2.0NRT,312.82,10.56,D,VIIRS,4,Savannas & Grasslands
-21.55336,44.442,342.85,0.48,0.48,2026-09-19,1026,N,nominal,2.0NRT,307.6,10.56,D,VIIRS,4,Savannas & Grasslands
-21.56698,44.32113,344.37,0.49,0.49,2026-09-19,1026,N,nominal,2.0NRT,314.0,50.76,D,VIIRS,4,Savannas & Grasslands
-21.56752,44.3163,343.33,0.49,0.49,2026-09-19,1026,N,low,2.0NRT,315.17,50.76,D,VIIRS,4,Savannas & Grasslands
-21.54833,44.44622,367.0,0.48,0.48,2026-09-19,1026,N,high,2.0NRT,311.62,17.99,D,VIIRS,4,Savannas & Grasslands
-21.54782,44.45073,331.89,0.48,0.48,2026-09-19,1026,N,nominal,2.0NRT,305.17,6.57,D,VIIRS,4,Savannas & Grasslands
-21.56297,44.3159,343.5,0.49,0.49,2026-09-19,1026,N,nominal,2.0NRT,313.41,7.27,D,VIIRS,4,Savannas & Grasslands
-21.55845,44.3153,348.28,0.49,0.49,2026-09-19,1026,N,nominal,2.0NRT,309.35,7.27,D,VIIRS,4,Savannas & Grasslands
-21.55899,44.3104,339.08,0.49,0.49,2026-09-19,1026,N,low,2.0NRT,309.92,10.05,D,VIIRS,4,Savannas & Grasslands
-21.46957,45.05685,337.78,0.44,0.46,2026-09-19,1026,N,nominal,2.0NRT,309.62,2.77,D,VIIRS,4,Savannas & Grasslands
-21.4118,45.51301,345.18,0.41,0.45,2026-09-19,1026,N,nominal,2.0NRT,309.04,5.91,D,VIIRS,4,Savannas & Grasslands
-21.57757,44.01583,337.68,0.51,0.5,2026-09-19,1026,N,low,2.0NRT,308.52,4.03,D,VIIRS,4,Savannas & Grasslands
-21.42018,45.36921,353.59,0.42,0.45,2026-09-19,1026,N,nominal,2.0NRT,309.93,18.96,D,VIIRS,4,Savannas & Grasslands
-21.4795,44.7371,347.97,0.46,0.47,2026-09-19,1026,N,nominal,2.0NRT,310.03,7.82,D,VIIRS,4,Savannas & Grasslands
-21.47458,44.74113,344.76,0.46,0.47,2026-09-19,1026,N,nominal,2.0NRT,309.9,7.57,D,VIIRS,4,Savannas & Grasslands
-21.37575,45.5669,333.96,0.41,0.45,2026-09-19,1026,N,low,2.0NRT,307.23,1.45,D,VIIRS,4,Savannas & Grasslands
-21.4707,44.73593,336.55,0.46,0.47,2026-09-19,1026,N,low,2.0NRT,309.32,7.61,D,VIIRS,4,Savannas & Grasslands
-21.47121,44.73133,346.84,0.46,0.47,2026-09-19,1026,N,nominal,2.0NRT,312.51,7.61,D,VIIRS,4,Savannas & Grasslands
-21.46887,44.71223,344.21,0.46,0.47,2026-09-19,1026,N,nominal,2.0NRT,307.22,6.17,D,VIIRS,4,Savannas & Grasslands
-21.46938,44.70763,336.68,0.46,0.47,2026-09-19,1026,N,low,2.0NRT,307.92,3.61,D,VIIRS,4,Savannas & Grasslands
-21.49021,44.51929,346.31,0.48,0.48,2026-09-19,1026,N,nominal,2.0NRT,307.43,8.92,D,VIIRS,4,Savannas & Grasslands
-21.46446,44.71164,348.17,0.46,0.47,2026-09-19,1026,N,nominal,2.0NRT,319.89,74.78,D,VIIRS,4,Savannas & Grasslands
-21.46497,44.70705,340.03,0.46,0.47,2026-09-19,1026,N,nominal,2.0NRT,309.07,7.22,D,VIIRS,4,Savannas & Grasslands
-21.47192,44.73271,367.0,0.46,0.47,2026-09-19,1026,N,high,2.0NRT,311.59,7.22,D,VIIRS,4,Savannas & Grasslands
-21.07685,47.83161,331.99,0.46,0.39,2026-09-19,1026,N,nominal,2.0NRT,294.14,2.69,D,VIIRS,4,Savannas & Grasslands
-21.47137,44.7373,338.47,0.46,0.47,2026-09-19,1026,N,nominal,2.0NRT,309.24,7.22,D,VIIRS,4,Savannas & Grasslands
-21.4708,44.70447,336.37,0.46,0.47,2026-09-19,1026,N,low,2.0NRT,308.55,3.24,D,VIIRS,4,Savannas & Grasslands
-21.4924,44.52124,340.98,0.48,0.48,2026-09-19,1026,N,low,2.0NRT,311.18,4.89,D,VIIRS,4,Savannas & Grasslands
-21.4653,44.71307,346.59,0.46,0.47,2026-09-19,1026,N,low,2.0NRT,318.38,67.36,D,VIIRS,4,Savannas & Grasslands
-21.46585,44.70848,349.84,0.46,0.47,2026-09-19,1026,N,nominal,2.0NRT,311.09,19.18,D,VIIRS,4,Savannas & Grasslands
-21.48795,44.52061,337.28,0.48,0.48,2026-09-19,1026,N,low,2.0NRT,308.12,6.63,D,VIIRS,4,Savannas & Grasslands
-21.29857,46.04601,335.24,0.38,0.44,2026-09-19,1026,N,low,2.0NRT,308.74,2.63,D,VIIRS,4,Savannas & Grasslands
-21.29922,46.00793,348.56,0.39,0.44,2026-09-19,1026,N,nominal,2.0NRT,310.32,3.56,D,VIIRS,4,Savannas & Grasslands
-21.45055,44.76233,342.77,0.46,0.47,2026-09-19,1026,N,nominal,2.0NRT,308.38,4.6,D,VIIRS,4,Savannas & Grasslands
-21.45108,44.75778,337.72,0.46,0.47,2026-09-19,1026,N,low,2.0NRT,309.42,4.6,D,VIIRS,4,Savannas & Grasslands
-21.29515,46.00752,341.17,0.39,0.44,2026-09-19,1026,N,nominal,2.0NRT,309.31,3.56,D,VIIRS,4,Savannas & Grasslands
-21.29562,46.00378,338.85,0.39,0.44,2026-09-19,1026,N,low,2.0NRT,309.79,4.4,D,VIIRS,4,Savannas & Grasslands
-21.44617,44.76165,335.79,0.46,0.47,2026-09-19,1026,N,low,2.0NRT,307.97,4.6,D,VIIRS,4,Savannas & Grasslands
-21.4467,44.75713,347.67,0.46,0.47,2026-09-19,1026,N,nominal,2.0NRT,311.32,4.6,D,VIIRS,4,Savannas & Grasslands
-21.44125,44.76555,338.44,0.46,0.47,2026-09-19,1026,N,low,2.0NRT,310.94,4.81,D,VIIRS,4,Savannas & Grasslands
-21.14925,47.08844,345.33,0.5,0.41,2026-09-19,1026,N,nominal,2.0NRT,302.87,15.32,D,VIIRS,4,Savannas & Grasslands
-21.40455,45.03907,338.75,0.44,0.46,2026-09-19,1026,N,nominal,2.0NRT,309.33,2.98,D,VIIRS,4,Savannas & Grasslands
-21.43739,44.76041,337.93,0.46,0.47,2026-09-19,1026,N,low,2.0NRT,309.68,5.28,D,VIIRS,4,Savannas & Grasslands
-21.32378,45.67436,353.72,0.4,0.45,2026-09-19,1026,N,nominal,2.0NRT,312.05,11.28,D,VIIRS,4,Savannas & Grasslands
-21.40128,45.02968,338.16,0.44,0.46,2026-09-19,1026,N,low,2.0NRT,310.87,2.63,D,VIIRS,4,Savannas & Grasslands
-21.3192,45.67748,341.28,0.4,0.45,2026-09-19,1026,N,nominal,2.0NRT,310.46,11.28,D,VIIRS,4,Savannas & Grasslands
-21.33737,45.52785,336.39,0.41,0.45,2026-09-19,1026,N,low,2.0NRT,306.8,2.95,D,VIIRS,4,Savannas & Grasslands
-21.26973,46.04653,343.09,0.38,0.43,2026-09-19,1026,N,nominal,2.0NRT,312.28,4.41,D,VIIRS,4,Savannas & Grasslands
-21.3146,45.68071,347.91,0.4,0.44,2026-09-19,1026,N,nominal,2.0NRT,310.22,8.36,D,VIIRS,4,Savannas & Grasslands
-21.52491,43.87199,340.9,0.52,0.5,2026-09-19,1026,N,nominal,2.0NRT,304.97,11.03,D,VIIRS,4,Savannas & Grasslands
-21.52548,43.86679,346.34,0.52,0.5,2026-09-19,1026,N,nominal,2.0NRT,311.77,11.03,D,VIIRS,4,Savannas & Grasslands
-21.26567,46.04611,343.07,0.38,0.43,2026-09-19,1026,N,nominal,2.0NRT,310.21,4.41,D,VIIRS,4,Savannas & Grasslands
-21.31051,45.67977,348.14,0.4,0.44,2026-09-19,1026,N,nominal,2.0NRT,310.12,8.36,D,VIIRS,4,Savannas & Grasslands
-21.31148,45.67183,350.73,0.4,0.45,2026-09-19,1026,N,nominal,2.0NRT,310.9,11.11,D,VIIRS,4,Savannas & Grasslands
-21.52082,43.86621,336.64,0.52,0.5,2026-09-19,1026,N,low,2.0NRT,309.98,11.03,D,VIIRS,4,Savannas & Grasslands
-21.30739,45.67086,344.79,0.4,0.45,2026-09-19,1026,N,nominal,2.0NRT,311.48,7.44,D,VIIRS,4,Savannas & Grasslands
-21.34871,45.21701,341.66,0.43,0.46,2026-09-19,1026,N,nominal,2.0NRT,307.0,4.73,D,VIIRS,4,Savannas & Grasslands
-21.38252,44.88881,336.01,0.45,0.47,2026-09-19,1026,N,low,2.0NRT,308.42,2.1,D,VIIRS,4,Savannas & Grasslands
-21.37663,44.90166,343.06,0.45,0.47,2026-09-19,1026,N,nominal,2.0NRT,308.36,6.49,D,VIIRS,4,Savannas & Grasslands
-21.05247,47.50795,332.96,0.48,0.4,2026-09-19,1026,N,nominal,2.0NRT,293.76,6.31,D,VIIRS,4,Savannas & Grasslands
-21.16915,46.4344,341.37,0.55,0.42,2026-09-19,1026,N,nominal,2.0NRT,310.54,8.81,D,VIIRS,4,Savannas & Grasslands
-21.16978,46.42932,342.04,0.55,0.42,2026-09-19,1026,N,nominal,2.0NRT,311.61,7.36,D,VIIRS,4,Savannas & Grasslands
-21.2103,46.02847,337.07,0.38,0.44,2026-09-19,1026,N,nominal,2.0NRT,309.73,1.64,D,VIIRS,4,Savannas & Grasslands
-21.19967,46.08284,337.88,0.57,0.43,2026-09-19,1026,N,low,2.0NRT,311.39,3.99,D,VIIRS,4,Savannas & Grasslands
-21.1963,46.07677,346.28,0.57,0.43,2026-09-19,1026,N,nominal,2.0NRT,312.8,5.88,D,VIIRS,4,Savannas & Grasslands
-21.35404,44.70844,342.25,0.46,0.47,2026-09-19,1026,N,nominal,2.0NRT,304.31,5.19,D,VIIRS,4,Savannas & Grasslands
-21.19094,46.08738,346.74,0.57,0.43,2026-09-19,1026,N,nominal,2.0NRT,313.29,5.03,D,VIIRS,4,Savannas & Grasslands
-21.10613,46.75285,336.89,0.53,0.42,2026-09-19,1026,N,nominal,2.0NRT,306.55,3.52,D,VIIRS,4,Savannas & Grasslands
-21.199,46.08183,337.83,0.57,0.43,2026-09-19,1026,N,low,2.0NRT,311.21,5.05,D,VIIRS,4,Savannas & Grasslands
-21.19567,46.07579,345.94,0.57,0.43,2026-09-19,1026,N,nominal,2.0NRT,313.3,5.05,D,VIIRS,4,Savannas & Grasslands
-21.10376,46.76126,336.18,0.52,0.42,2026-09-19,1026,N,low,2.0NRT,307.91,2.75,D,VIIRS,4,Savannas & Grasslands
-21.10442,46.7562,335.93,0.52,0.42,2026-09-19,1026,N,low,2.0NRT,310.05,31.1,D,VIIRS,4,Savannas & Grasslands
-21.19023,46.08636,342.1,0.57,0.43,2026-09-19,1026,N,low,2.0NRT,313.29,4.79,D,VIIRS,4,Savannas & Grasslands
-21.18897,46.06388,339.2,0.57,0.43,2026-09-19,1026,N,low,2.0NRT,313.32,7.73,D,VIIRS,4,Savannas & Grasslands
-21.18948,46.05978,336.46,0.38,0.43,2026-09-19,1026,N,low,2.0NRT,309.78,1.86,D,VIIRS,4,Savannas & Grasslands
-21.35406,44.71124,340.14,0.46,0.47,2026-09-19,1026,N,nominal,2.0NRT,304.16,2.25,D,VIIRS,4,Savannas & Grasslands
-21.43498,43.93253,336.22,0.52,0.5,2026-09-19,1026,N,low,2.0NRT,309.81,2.06,D,VIIRS,4,Savannas & Grasslands
-21.17617,46.0678,337.52,0.57,0.43,2026-09-19,1026,N,low,2.0NRT,311.69,4.61,D,VIIRS,4,Savannas & Grasslands
-21.19761,45.89581,339.32,0.39,0.44,2026-09-19,1026,N,nominal,2.0NRT,313.37,2.01,D,VIIRS,4,Savannas & Grasslands
-21.0011,47.33925,335.68,0.49,0.4,2026-09-19,1026,N,nominal,2.0NRT,295.42,7.7,D,VIIRS,4,Savannas & Grasslands
-21.10586,46.40258,336.54,0.55,0.43,2026-09-19,1026,N,low,2.0NRT,309.73,4.62,D,VIIRS,4,Savannas & Grasslands
-21.10654,46.39712,337.24,0.55,0.43,2026-09-19,1026,N,low,2.0NRT,311.6,4.62,D,VIIRS,4,Savannas & Grasslands
-21.37892,44.0985,335.74,0.5,0.49,2026-09-19,1026,N,low,2.0NRT,307.37,3.65,D,VIIRS,4,Savannas & Grasslands
-21.14946,45.98486,344.77,0.39,0.44,2026-09-19,1026,N,nominal,2.0NRT,313.37,2.72,D,VIIRS,4,Savannas & Grasslands
-21.376,43.95607,342.84,0.52,0.5,2026-09-19,1026,N,nominal,2.0NRT,310.08,4.16,D,VIIRS,4,Savannas & Grasslands
-21.36192,43.91274,331.48,0.52,0.5,2026-09-19,1026,N,low,2.0NRT,306.32,2.95,D,VIIRS,4,Savannas & Grasslands
-21.36303,43.90248,342.78,0.52,0.5,2026-09-19,1026,N,nominal,2.0NRT,307.21,7.72,D,VIIRS,4,Savannas & Grasslands
-21.36358,43.89735,350.48,0.52,0.5,2026-09-19,1026,N,nominal,2.0NRT,310.7,14.84,D,VIIRS,4,Savannas & Grasslands
-21.35894,43.89677,348.66,0.52,0.5,2026-09-19,1026,N,nominal,2.0NRT,309.72,10.44,D,VIIRS,4,Savannas & Grasslands
-21.18159,45.43636,349.33,0.42,0.45,2026-09-19,1026,N,nominal,2.0NRT,309.25,7.53,D,VIIRS,4,Savannas & Grasslands
-21.18299,45.42443,335.78,0.42,0.45,2026-09-19,1026,N,low,2.0NRT,308.03,2.34,D,VIIRS,4,Savannas & Grasslands
-21.27897,44.54371,351.89,0.47,0.48,2026-09-19,1026,N,nominal,2.0NRT,304.32,10.1,D,VIIRS,4,Savannas & Grasslands
-21.33601,43.93523,335.48,0.52,0.5,2026-09-19,1026,N,low,2.0NRT,309.22,4.89,D,VIIRS,4,Savannas & Grasslands
-21.06638,46.26515,337.4,0.56,0.43,2026-09-19,1026,N,low,2.0NRT,310.61,6.26,D,VIIRS,4,Savannas & Grasslands
-21.33138,43.93462,344.09,0.52,0.5,2026-09-19,1026,N,nominal,2.0NRT,309.1,4.89,D,VIIRS,4,Savannas & Grasslands
-21.069,46.263,342.12,0.56,0.43,2026-09-19,1026,N,nominal,2.0NRT,312.07,3.89,D,VIIRS,4,Savannas & Grasslands
-21.27626,44.54468,350.4,0.47,0.48,2026-09-19,1026,N,nominal,2.0NRT,303.95,8.29,D,VIIRS,4,Savannas & Grasslands
-21.33353,43.93197,345.85,0.52,0.5,2026-09-19,1026,N,nominal,2.0NRT,310.09,11.05,D,VIIRS,4,Savannas & Grasslands
-20.82976,47.90298,331.65,0.46,0.39,2026-09-19,1026,N,nominal,2.0NRT,297.92,4.82,D,VIIRS,4,Savannas & Grasslands
-21.10862,45.75211,338.94,0.4,0.44,2026-09-19,1026,N,nominal,2.0NRT,311.03,3.05,D,VIIRS,4,Savannas & Grasslands
-21.10599,45.73952,340.49,0.4,0.44,2026-09-19,1026,N,nominal,2.0NRT,309.83,4.96,D,VIIRS,4,Savannas & Grasslands
-21.1414,45.41528,330.74,0.42,0.45,2026-09-19,1026,N,low,2.0NRT,304.61,2.79,D,VIIRS,4,Savannas & Grasslands
-21.07603,45.9148,342.61,0.39,0.44,2026-09-19,1026,N,nominal,2.0NRT,309.73,3.62,D,VIIRS,4,Savannas & Grasslands
-21.13721,45.41463,339.86,0.42,0.45,2026-09-19,1026,N,nominal,2.0NRT,307.15,2.79,D,VIIRS,4,Savannas & Grasslands
-20.94845,46.8617,334.83,0.52,0.41,2026-09-19,1026,N,low,2.0NRT,307.66,1.15,D,VIIRS,4,Savannas & Grasslands
-21.13373,45.26485,333.25,0.43,0.46,2026-09-19,1026,N,low,2.0NRT,307.9,2.17,D,VIIRS,4,Savannas & Grasslands
-21.23865,44.11272,342.78,0.5,0.49,2026-09-19,1026,N,nominal,2.0NRT,308.69,3.62,D,VIIRS,4,Savannas & Grasslands
-21.04848,45.69651,341.87,0.4,0.44,2026-09-19,1026,N,low,2.0NRT,312.02,2.3,D,VIIRS,4,Savannas & Grasslands
-20.75462,47.99517,333.74,0.45,0.39,2026-09-19,1026,N,nominal,2.0NRT,295.52,3.57,D,VIIRS,4,Savannas & Grasslands
-20.92375,46.6856,348.49,0.53,0.42,2026-09-19,1026,N,nominal,2.0NRT,308.21,10.09,D,VIIRS,4,Savannas & Grasslands
-20.91597,46.68484,348.23,0.53,0.42,2026-09-19,1026,N,nominal,2.0NRT,307.0,11.49,D,VIIRS,4,Savannas & Grasslands
-21.1354,44.79695,335.94,0.45,0.47,2026-09-19,1026,N,low,2.0NRT,309.71,6.48,D,VIIRS,4,Savannas & Grasslands
-20.90044,46.68311,344.5,0.53,0.42,2026-09-19,1026,N,nominal,2.0NRT,308.09,8.88,D,VIIRS,4,Savannas & Grasslands
-20.90112,46.67764,349.76,0.53,0.42,2026-09-19,1026,N,nominal,2.0NRT,311.02,11.68,D,VIIRS,4,Savannas & Grasslands
-20.9159,46.67694,334.8,0.53,0.42,2026-09-19,1026,N,low,2.0NRT,306.31,7.07,D,VIIRS,4,Savannas & Grasslands
-20.90356,46.68092,341.17,0.53,0.42,2026-09-19,1026,N,nominal,2.0NRT,308.49,10.99,D,VIIRS,4,Savannas & Grasslands
-20.89897,46.68589,334.16,0.53,0.42,2026-09-19,1026,N,low,2.0NRT,306.11,6.66,D,VIIRS,4,Savannas & Grasslands
-21.13468,44.79822,340.75,0.45,0.47,2026-09-19,1026,N,nominal,2.0NRT,309.46,4.93,D,VIIRS,4,Savannas & Grasslands
-20.8958,46.67998,337.97,0.53,0.42,2026-09-19,1026,N,low,2.0NRT,309.64,10.97,D,VIIRS,4,Savannas & Grasslands
-21.00471,45.82558,336.39,0.39,0.44,2026-09-19,1026,N,low,2.0NRT,310.59,2.37,D,VIIRS,4,Savannas & Grasslands
-20.89194,46.67944,349.02,0.53,0.42,2026-09-19,1026,N,nominal,2.0NRT,306.06,8.31,D,VIIRS,4,Savannas & Grasslands
-21.00011,45.8291,341.51,0.39,0.44,2026-09-19,1026,N,nominal,2.0NRT,310.92,1.2,D,VIIRS,4,Savannas & Grasslands
-21.12768,44.59294,350.14,0.47,0.48,2026-09-19,1026,N,nominal,2.0NRT,301.29,5.08,D,VIIRS,4,Savannas & Grasslands
-21.11858,44.63267,338.61,0.46,0.47,2026-09-19,1026,N,nominal,2.0NRT,303.11,2.53,D,VIIRS,4,Savannas & Grasslands
-21.15882,44.24345,338.72,0.49,0.49,2026-09-19,1026,N,nominal,2.0NRT,308.68,4.45,D,VIIRS,4,Savannas & Grasslands
-21.18548,44.00772,331.73,0.51,0.49,2026-09-19,1026,N,low,2.0NRT,304.11,5.02,D,VIIRS,4,Savannas & Grasslands
-20.93255,46.07444,346.47,0.57,0.43,2026-09-19,1026,N,nominal,2.0NRT,313.05,9.46,D,VIIRS,4,Savannas & Grasslands
-21.01986,45.35789,350.42,0.42,0.45,2026-09-19,1026,N,nominal,2.0NRT,309.24,5.44,D,VIIRS,4,Savannas & Grasslands
-21.14181,44.23138,335.78,0.49,0.49,2026-09-19,1026,N,low,2.0NRT,308.4,2.93,D,VIIRS,4,Savannas & Grasslands
-21.02971,45.16636,335.49,0.43,0.46,2026-09-19,1026,N,low,2.0NRT,309.26,2.24,D,VIIRS,4,Savannas & Grasslands
-21.08027,44.53588,350.92,0.47,0.48,2026-09-19,1026,N,nominal,2.0NRT,304.85,4.53,D,VIIRS,4,Savannas & Grasslands
-20.99163,45.27068,340.16,0.42,0.45,2026-09-19,1026,N,nominal,2.0NRT,307.39,2.74,D,VIIRS,4,Savannas & Grasslands
-20.8904,46.0178,342.15,0.57,0.43,2026-09-19,1026,N,nominal,2.0NRT,311.26,2.69,D,VIIRS,4,Savannas & Grasslands
-20.83162,46.36899,354.15,0.55,0.42,2026-09-19,1026,N,nominal,2.0NRT,312.51,9.16,D,VIIRS,4,Savannas & Grasslands
-20.83228,46.36367,337.69,0.55,0.42,2026-09-19,1026,N,low,2.0NRT,311.41,9.16,D,VIIRS,4,Savannas & Grasslands
-20.76839,46.98386,337.51,0.51,0.41,2026-09-19,1026,N,nominal,2.0NRT,307.7,6.62,D,VIIRS,4,Savannas & Grasslands
-20.89046,46.01539,343.7,0.57,0.43,2026-09-19,1026,N,nominal,2.0NRT,312.56,5.25,D,VIIRS,4,Savannas & Grasslands
-20.83332,46.36676,367.0,0.55,0.42,2026-09-19,1026,N,high,2.0NRT,315.29,9.27,D,VIIRS,4,Savannas & Grasslands
-20.83264,46.37209,335.53,0.55,0.42,2026-09-19,1026,N,nominal,2.0NRT,309.14,9.27,D,VIIRS,4,Savannas & Grasslands
-20.88112,45.99205,338.53,0.38,0.43,2026-09-19,1026,N,nominal,2.0NRT,312.59,2.59,D,VIIRS,4,Savannas & Grasslands
-20.95163,45.32369,336.83,0.42,0.45,2026-09-19,1026,N,low,2.0NRT,310.62,1.11,D,VIIRS,4,Savannas & Grasslands
-20.96046,45.14423,333.29,0.43,0.46,2026-09-19,1026,N,low,2.0NRT,308.07,3.41,D,VIIRS,4,Savannas & Grasslands
-20.905,45.56637,333.3,0.41,0.45,2026-09-19,1026,N,low,2.0NRT,305.79,1.83,D,VIIRS,4,Savannas & Grasslands
-20.64036,47.48967,330.25,0.48,0.4,2026-09-19,1026,N,nominal,2.0NRT,297.6,3.17,D,VIIRS,4,Savannas & Grasslands
-20.93638,45.12841,346.19,0.43,0.46,2026-09-19,1026,N,nominal,2.0NRT,310.69,15.2,D,VIIRS,4,Savannas & Grasslands
-20.69552,46.94925,336.92,0.51,0.41,2026-09-19,1026,N,low,2.0NRT,307.57,30.22,D,VIIRS,4,Savannas & Grasslands
-20.98966,44.4774,341.86,0.47,0.48,2026-09-19,1026,N,nominal,2.0NRT,306.25,16.9,D,VIIRS,4,Savannas & Grasslands
-20.94768,44.72906,330.05,0.46,0.47,2026-09-19,1026,N,low,2.0NRT,303.84,3.63,D,VIIRS,4,Savannas & Grasslands
-20.92267,44.9095,342.84,0.44,0.46,2026-09-19,1026,N,nominal,2.0NRT,309.3,8.45,D,VIIRS,4,Savannas & Grasslands
-20.49907,48.26981,329.73,0.44,0.38,2026-09-19,1026,N,nominal,2.0NRT,297.21,1.38,D,VIIRS,4,Savannas & Grasslands
-20.66513,46.97535,344.68,0.51,0.41,2026-09-19,1026,N,nominal,2.0NRT,306.26,15.84,D,VIIRS,4,Savannas & Grasslands
-20.80832,45.81327,339.72,0.39,0.44,2026-09-19,1026,N,low,2.0NRT,311.56,2.84,D,VIIRS,4,Savannas & Grasslands
-20.80877,45.80948,342.24,0.39,0.44,2026-09-19,1026,N,nominal,2.0NRT,311.8,2.84,D,VIIRS,4,Savannas & Grasslands
-20.53282,47.96388,332.71,0.45,0.39,2026-09-19,1026,N,nominal,2.0NRT,298.6,2.39,D,VIIRS,4,Savannas & Grasslands
-20.79228,45.91273,343.79,0.39,0.44,2026-09-19,1026,N,nominal,2.0NRT,312.81,2.23,D,VIIRS,4,Savannas & Grasslands
-20.66221,46.97287,341.11,0.51,0.41,2026-09-19,1026,N,nominal,2.0NRT,304.53,6.0,D,VIIRS,4,Savannas & Grasslands
-20.79189,45.91373,337.63,0.39,0.44,2026-09-19,1026,N,low,2.0NRT,312.29,2.18,D,VIIRS,4,Savannas & Grasslands
-20.80502,45.8101,343.22,0.39,0.44,2026-09-19,1026,N,nominal,2.0NRT,314.77,2.78,D,VIIRS,4,Savannas & Grasslands
-20.87593,45.20682,337.99,0.43,0.46,2026-09-19,1026,N,low,2.0NRT,309.46,1.13,D,VIIRS,4,Savannas & Grasslands
-20.82038,45.58766,333.28,0.4,0.44,2026-09-19,1026,N,low,2.0NRT,307.99,3.24,D,VIIRS,4,Savannas & Grasslands
-20.44553,48.32331,333.26,0.44,0.38,2026-09-19,1026,N,nominal,2.0NRT,298.92,5.77,D,VIIRS,4,Savannas & Grasslands
-20.83263,45.35065,343.63,0.42,0.45,2026-09-19,1026,N,nominal,2.0NRT,310.54,3.05,D,VIIRS,4,Savannas & Grasslands
-20.46763,48.13662,329.95,0.44,0.39,2026-09-19,1026,N,nominal,2.0NRT,296.39,1.81,D,VIIRS,4,Savannas & Grasslands
-20.64263,46.76658,334.23,0.52,0.41,2026-09-19,1026,N,low,2.0NRT,308.68,3.26,D,VIIRS,4,Savannas & Grasslands
-20.72135,46.1488,344.72,0.56,0.43,2026-09-19,1026,N,nominal,2.0NRT,315.37,10.04,D,VIIRS,4,Savannas & Grasslands
-20.96229,43.97543,341.56,0.51,0.49,2026-09-19,1026,N,nominal,2.0NRT,305.43,5.53,D,VIIRS,4,Savannas & Grasslands
-20.96285,43.97043,344.27,0.51,0.49,2026-09-19,1026,N,nominal,2.0NRT,307.3,7.01,D,VIIRS,4,Savannas & Grasslands
-20.63561,46.66854,339.32,0.52,0.42,2026-09-19,1026,N,nominal,2.0NRT,308.44,21.28,D,VIIRS,4,Savannas & Grasslands
-20.63622,46.66375,351.94,0.52,0.42,2026-09-19,1026,N,nominal,2.0NRT,315.02,21.28,D,VIIRS,4,Savannas & Grasslands
-20.80004,45.33804,345.92,0.42,0.45,2026-09-19,1026,N,nominal,2.0NRT,309.67,3.38,D,VIIRS,4,Savannas & Grasslands
-20.63175,46.66805,346.23,0.52,0.42,2026-09-19,1026,N,nominal,2.0NRT,308.94,10.1,D,VIIRS,4,Savannas & Grasslands
-20.63237,46.6632,337.83,0.52,0.42,2026-09-19,1026,N,nominal,2.0NRT,308.18,10.1,D,VIIRS,4,Savannas & Grasslands
-20.79632,45.33345,345.75,0.42,0.45,2026-09-19,1026,N,nominal,2.0NRT,311.61,3.39,D,VIIRS,4,Savannas & Grasslands
-20.80953,45.22253,335.09,0.42,0.45,2026-09-19,1026,N,low,2.0NRT,307.29,4.2,D,VIIRS,4,Savannas & Grasslands
-20.62851,46.66262,346.74,0.52,0.42,2026-09-19,1026,N,nominal,2.0NRT,309.66,10.1,D,VIIRS,4,Savannas & Grasslands
-20.69374,45.94301,337.41,0.38,0.43,2026-09-19,1026,N,low,2.0NRT,312.25,2.49,D,VIIRS,4,Savannas & Grasslands
-20.74726,45.10441,339.12,0.43,0.46,2026-09-19,1026,N,nominal,2.0NRT,308.17,5.18,D,VIIRS,4,Savannas & Grasslands
-20.74777,45.10023,333.81,0.43,0.46,2026-09-19,1026,N,low,2.0NRT,308.78,3.65,D,VIIRS,4,Savannas & Grasslands
-20.62028,46.03783,340.99,0.57,0.43,2026-09-19,1026,N,nominal,2.0NRT,313.25,4.13,D,VIIRS,4,Savannas & Grasslands
-20.61829,46.02106,344.36,0.57,0.43,2026-09-19,1026,N,nominal,2.0NRT,313.1,6.24,D,VIIRS,4,Savannas & Grasslands
-20.72115,45.03245,349.57,0.43,0.46,2026-09-19,1026,N,nominal,2.0NRT,307.25,9.21,D,VIIRS,4,Savannas & Grasslands
-20.72165,45.02824,342.56,0.43,0.46,2026-09-19,1026,N,nominal,2.0NRT,307.21,4.75,D,VIIRS,4,Savannas & Grasslands
-20.68861,44.9375,341.78,0.44,0.46,2026-09-19,1026,N,nominal,2.0NRT,306.62,4.82,D,VIIRS,4,Savannas & Grasslands
-20.49942,46.24095,348.16,0.55,0.43,2026-09-19,1026,N,nominal,2.0NRT,313.72,7.83,D,VIIRS,4,Savannas & Grasslands
-20.29417,47.66644,337.71,0.46,0.39,2026-09-19,1026,N,nominal,2.0NRT,297.76,6.57,D,VIIRS,4,Savannas & Grasslands
-20.29478,47.66193,347.49,0.46,0.39,2026-09-19,1026,N,nominal,2.0NRT,298.4,6.57,D,VIIRS,4,Savannas & Grasslands
-20.51446,45.95968,339.64,0.57,0.43,2026-09-19,1026,N,low,2.0NRT,312.73,5.55,D,VIIRS,4,Savannas & Grasslands
-20.29053,47.6659,344.38,0.46,0.39,2026-09-19,1026,N,nominal,2.0NRT,295.98,6.57,D,VIIRS,4,Savannas & Grasslands
-20.6504,44.79741,343.76,0.45,0.47,2026-09-19,1026,N,nominal,2.0NRT,306.46,4.24,D,VIIRS,4,Savannas & Grasslands
-20.64074,44.80478,343.41,0.45,0.47,2026-09-19,1026,N,nominal,2.0NRT,307.85,5.11,D,VIIRS,4,Savannas & Grasslands
-20.15636,48.46652,332.39,0.43,0.38,2026-09-19,1026,N,nominal,2.0NRT,293.89,3.54,D,VIIRS,4,Savannas & Grasslands
-20.42003,46.45896,337.03,0.53,0.42,2026-09-19,1026,N,low,2.0NRT,309.93,3.6,D,VIIRS,4,Savannas & Grasslands
-20.61072,44.83627,343.6,0.44,0.46,2026-09-19,1026,N,nominal,2.0NRT,308.98,6.36,D,VIIRS,4,Savannas & Grasslands
-20.1859,48.14373,331.85,0.44,0.38,2026-09-19,1026,N,nominal,2.0NRT,295.01,2.89,D,VIIRS,4,Savannas & Grasslands
-20.17712,47.90262,334.17,0.45,0.39,2026-09-19,1026,N,nominal,2.0NRT,296.34,2.29,D,VIIRS,4,Savannas & Grasslands
-20.50817,45.3481,334.05,0.41,0.45,2026-09-19,1026,N,low,2.0NRT,307.62,1.68,D,VIIRS,4,Savannas & Grasslands
-20.59527,44.62514,332.76,0.46,0.47,2026-09-19,1026,N,low,2.0NRT,305.61,7.45,D,VIIRS,4,Savannas & Grasslands
-20.56624,44.83212,352.36,0.44,0.46,2026-09-19,1026,N,nominal,2.0NRT,305.99,5.25,D,VIIRS,4,Savannas & Grasslands
-20.52056,45.17624,342.86,0.42,0.45,2026-09-19,1026,N,nominal,2.0NRT,308.62,5.99,D,VIIRS,4,Savannas & Grasslands
-20.52106,45.17209,342.37,0.42,0.45,2026-09-19,1026,N,nominal,2.0NRT,308.16,3.93,D,VIIRS,4,Savannas & Grasslands
-20.36031,46.43108,339.02,0.54,0.42,2026-09-19,1026,N,low,2.0NRT,310.81,7.55,D,VIIRS,4,Savannas & Grasslands
-20.4998,45.27706,356.3,0.42,0.45,2026-09-19,1026,N,nominal,2.0NRT,311.67,11.04,D,VIIRS,4,Savannas & Grasslands
-20.26446,47.08178,351.6,0.49,0.41,2026-09-19,1026,N,nominal,2.0NRT,307.12,8.96,D,VIIRS,4,Savannas & Grasslands
-20.26069,47.08137,342.66,0.49,0.41,2026-09-19,1026,N,nominal,2.0NRT,306.95,8.96,D,VIIRS,4,Savannas & Grasslands
-20.25442,47.04136,336.11,0.5,0.41,2026-09-19,1026,N,nominal,2.0NRT,307.49,7.16,D,VIIRS,4,Savannas & Grasslands
-20.46897,45.28532,339.21,0.42,0.45,2026-09-19,1026,N,low,2.0NRT,310.3,3.63,D,VIIRS,4,Savannas & Grasslands
-20.3567,46.17414,337.7,0.55,0.43,2026-09-19,1026,N,low,2.0NRT,312.25,5.25,D,VIIRS,4,Savannas & Grasslands
-20.25066,46.9813,343.23,0.5,0.41,2026-09-19,1026,N,nominal,2.0NRT,310.88,5.75,D,VIIRS,4,Savannas & Grasslands
-20.35206,46.17906,340.28,0.55,0.43,2026-09-19,1026,N,low,2.0NRT,311.97,5.25,D,VIIRS,4,Savannas & Grasslands
-20.53484,44.53062,355.97,0.46,0.47,2026-09-19,1026,N,nominal,2.0NRT,308.7,16.2,D,VIIRS,4,Savannas & Grasslands
-20.24341,46.892,340.8,0.5,0.41,2026-09-19,1026,N,nominal,2.0NRT,312.86,3.16,D,VIIRS,4,Savannas & Grasslands
-20.53503,44.53208,344.01,0.46,0.47,2026-09-19,1026,N,nominal,2.0NRT,308.23,12.67,D,VIIRS,4,Savannas & Grasslands
-20.53557,44.52757,335.58,0.46,0.47,2026-09-19,1026,N,low,2.0NRT,306.5,5.82,D,VIIRS,4,Savannas & Grasslands
-20.26709,46.44332,346.17,0.53,0.42,2026-09-19,1026,N,nominal,2.0NRT,312.6,10.11,D,VIIRS,4,Savannas & Grasslands
-20.21497,46.7845,336.2,0.51,0.41,2026-09-19,1026,N,nominal,2.0NRT,308.61,4.33,D,VIIRS,4,Savannas & Grasslands
-20.47294,44.64172,333.04,0.45,0.47,2026-09-19,1026,N,low,2.0NRT,305.03,4.75,D,VIIRS,4,Savannas & Grasslands
-20.47346,44.6373,347.53,0.46,0.47,2026-09-19,1026,N,nominal,2.0NRT,306.87,12.35,D,VIIRS,4,Savannas & Grasslands
-20.46857,44.64114,350.4,0.45,0.47,2026-09-19,1026,N,nominal,2.0NRT,309.45,24.0,D,VIIRS,4,Savannas & Grasslands
-20.46909,44.63672,338.15,0.46,0.47,2026-09-19,1026,N,nominal,2.0NRT,305.2,10.67,D,VIIRS,4,Savannas & Grasslands
-20.4642,44.64056,342.86,0.45,0.47,2026-09-19,1026,N,nominal,2.0NRT,304.99,24.0,D,VIIRS,4,Savannas & Grasslands
-20.1154,47.33884,349.93,0.48,0.4,2026-09-19,1026,N,nominal,2.0NRT,302.0,13.08,D,VIIRS,4,Savannas & Grasslands
-20.42755,44.76497,337.84,0.45,0.47,2026-09-19,1026,N,low,2.0NRT,310.05,5.59,D,VIIRS,4,Savannas & Grasslands
-20.42322,44.76435,337.01,0.45,0.47,2026-09-19,1026,N,low,2.0NRT,309.49,5.59,D,VIIRS,4,Savannas & Grasslands
-19.94312,48.3473,330.6,0.43,0.38,2026-09-19,1026,N,nominal,2.0NRT,295.12,2.02,D,VIIRS,4,Savannas & Grasslands
-20.23716,45.93721,340.46,0.57,0.43,2026-09-19,1026,N,nominal,2.0NRT,308.91,2.93,D,VIIRS,4,Savannas & Grasslands
-20.25355,45.77567,337.29,0.39,0.44,2026-09-19,1026,N,nominal,2.0NRT,308.0,1.71,D,VIIRS,4,Savannas & Grasslands
-20.29985,45.33759,342.73,0.41,0.45,2026-09-19,1026,N,nominal,2.0NRT,310.37,2.19,D,VIIRS,4,Savannas & Grasslands
-20.33264,45.07,343.59,0.43,0.46,2026-09-19,1026,N,nominal,2.0NRT,307.44,3.51,D,VIIRS,4,Savannas & Grasslands
-19.85725,48.47754,337.73,0.43,0.38,2026-09-19,1026,N,nominal,2.0NRT,298.56,7.85,D,VIIRS,4,Savannas & Grasslands
-19.93888,47.74772,331.22,0.46,0.39,2026-09-19,1026,N,nominal,2.0NRT,297.0,4.11,D,VIIRS,4,Savannas & Grasslands
-20.10336,46.48582,337.47,0.53,0.42,2026-09-19,1026,N,low,2.0NRT,311.99,5.66,D,VIIRS,4,Savannas & Grasslands
-20.18176,45.65333,344.32,0.39,0.44,2026-09-19,1026,N,low,2.0NRT,314.6,7.25,D,VIIRS,4,Savannas & Grasslands
-20.18824,45.59919,337.18,0.4,0.44,2026-09-19,1026,N,low,2.0NRT,310.52,3.26,D,VIIRS,4,Savannas & Grasslands
-20.11399,46.17729,349.0,0.55,0.43,2026-09-19,1026,N,nominal,2.0NRT,315.3,6.49,D,VIIRS,4,Savannas & Grasslands
-20.11531,46.17497,342.82,0.55,0.43,2026-09-19,1026,N,low,2.0NRT,315.14,4.88,D,VIIRS,4,Savannas & Grasslands
-20.18233,45.65332,343.83,0.39,0.44,2026-09-19,1026,N,low,2.0NRT,314.49,7.68,D,VIIRS,4,Savannas & Grasslands
-20.1892,45.5993,337.22,0.4,0.44,2026-09-19,1026,N,low,2.0NRT,311.21,3.22,D,VIIRS,4,Savannas & Grasslands
-20.04209,46.64411,336.02,0.52,0.41,2026-09-19,1026,N,nominal,2.0NRT,309.51,2.39,D,VIIRS,4,Savannas & Grasslands
-20.0313,46.51643,337.57,0.53,0.42,2026-09-19,1026,N,nominal,2.0NRT,311.3,1.64,D,VIIRS,4,Savannas & Grasslands
-20.21222,44.89214,336.36,0.44,0.46,2026-09-19,1026,N,nominal,2.0NRT,305.9,4.2,D,VIIRS,4,Savannas & Grasslands
-19.83164,47.68859,334.3,0.46,0.39,2026-09-19,1026,N,nominal,2.0NRT,299.35,3.57,D,VIIRS,4,Savannas & Grasslands
-20.12255,45.32163,343.51,0.41,0.45,2026-09-19,1026,N,nominal,2.0NRT,309.37,2.99,D,VIIRS,4,Savannas & Grasslands
-20.17045,44.83939,340.08,0.44,0.46,2026-09-19,1026,N,nominal,2.0NRT,303.61,8.5,D,VIIRS,4,Savannas & Grasslands
-20.17343,44.83619,338.9,0.44,0.46,2026-09-19,1026,N,nominal,2.0NRT,305.67,8.99,D,VIIRS,4,Savannas & Grasslands
-20.10809,45.26051,367.0,0.41,0.45,2026-09-19,1026,N,high,2.0NRT,305.8,8.31,D,VIIRS,4,Savannas & Grasslands
-20.04662,45.75016,342.66,0.39,0.44,2026-09-19,1026,N,nominal,2.0NRT,309.19,3.02,D,VIIRS,4,Savannas & Grasslands
-20.11615,45.19557,335.1,0.42,0.45,2026-09-19,1026,N,low,2.0NRT,307.72,4.24,D,VIIRS,4,Savannas & Grasslands
-19.72984,47.91903,338.96,0.45,0.39,2026-09-19,1026,N,nominal,2.0NRT,296.22,5.92,D,VIIRS,4,Savannas & Grasslands
-20.12015,44.8071,346.31,0.44,0.46,2026-09-19,1026,N,nominal,2.0NRT,310.33,13.75,D,VIIRS,4,Savannas & Grasslands
-20.12066,44.80282,356.69,0.44,0.46,2026-09-19,1026,N,nominal,2.0NRT,311.3,13.75,D,VIIRS,4,Savannas & Grasslands
-20.11635,44.80227,338.62,0.44,0.46,2026-09-19,1026,N,nominal,2.0NRT,307.26,13.75,D,VIIRS,4,Savannas & Grasslands
-19.87741,46.54498,344.71,0.52,0.42,2026-09-19,1026,N,nominal,2.0NRT,309.33,4.43,D,VIIRS,4,Savannas & Grasslands
-19.77312,47.3212,336.13,0.48,0.4,2026-09-19,1026,N,nominal,2.0NRT,308.5,4.22,D,VIIRS,4,Savannas & Grasslands
-19.89757,45.85254,349.72,0.57,0.43,2026-09-19,1026,N,nominal,2.0NRT,310.29,8.0,D,VIIRS,4,Savannas & Grasslands
-19.80303,46.50066,348.17,0.52,0.42,2026-09-19,1026,N,nominal,2.0NRT,312.11,6.6,D,VIIRS,4,Savannas & Grasslands
-19.92754,45.51253,346.63,0.4,0.44,2026-09-19,1026,N,nominal,2.0NRT,315.08,6.86,D,VIIRS,4,Savannas & Grasslands
-19.79917,46.50018,339.99,0.52,0.42,2026-09-19,1026,N,nominal,2.0NRT,309.19,6.6,D,VIIRS,4,Savannas & Grasslands
-19.91475,45.51477,344.54,0.4,0.44,2026-09-19,1026,N,nominal,2.0NRT,312.78,3.58,D,VIIRS,4,Savannas & Grasslands
-19.92041,45.46843,353.33,0.4,0.44,2026-09-19,1026,N,nominal,2.0NRT,310.69,14.04,D,VIIRS,4,Savannas & Grasslands
-19.77026,46.63374,337.08,0.51,0.41,2026-09-19,1026,N,low,2.0NRT,311.18,3.13,D,VIIRS,4,Savannas & Grasslands
-19.87611,45.62711,343.64,0.39,0.44,2026-09-19,1026,N,nominal,2.0NRT,310.33,2.52,D,VIIRS,4,Savannas & Grasslands
-19.83918,45.86262,348.25,0.57,0.43,2026-09-19,1026,N,nominal,2.0NRT,313.17,8.22,D,VIIRS,4,Savannas & Grasslands
-19.83855,45.86116,351.9,0.57,0.43,2026-09-19,1026,N,nominal,2.0NRT,313.41,10.48,D,VIIRS,4,Savannas & Grasslands
-19.70232,46.77895,340.57,0.5,0.41,2026-09-19,1026,N,nominal,2.0NRT,308.62,5.56,D,VIIRS,4,Savannas & Grasslands
-19.69474,46.7779,337.35,0.5,0.41,2026-09-19,1026,N,low,2.0NRT,308.68,55.13,D,VIIRS,4,Savannas & Grasslands
-19.85839,45.51176,342.99,0.4,0.44,2026-09-19,1026,N,nominal,2.0NRT,311.31,2.84,D,VIIRS,4,Savannas & Grasslands
-19.88074,45.29962,335.94,0.41,0.45,2026-09-19,1026,N,low,2.0NRT,310.82,4.61,D,VIIRS,4,Savannas & Grasslands
-19.97117,44.56133,332.95,0.45,0.47,2026-09-19,1026,N,low,2.0NRT,307.16,6.57,D,VIIRS,4,Savannas & Grasslands
-19.70523,46.39836,344.45,0.53,0.42,2026-09-19,1026,N,low,2.0NRT,315.15,11.22,D,VIIRS,4,Savannas & Grasslands
-19.80649,45.59454,343.93,0.39,0.44,2026-09-19,1026,N,nominal,2.0NRT,309.6,3.51,D,VIIRS,4,Savannas & Grasslands
-19.80698,45.59057,338.84,0.39,0.44,2026-09-19,1026,N,low,2.0NRT,310.82,6.95,D,VIIRS,4,Savannas & Grasslands
-19.80747,45.58665,351.88,0.39,0.44,2026-09-19,1026,N,nominal,2.0NRT,311.95,6.95,D,VIIRS,4,Savannas & Grasslands
-19.89112,44.89939,344.11,0.43,0.46,2026-09-19,1026,N,nominal,2.0NRT,306.81,10.97,D,VIIRS,4,Savannas & Grasslands
-19.89161,44.89533,339.01,0.43,0.46,2026-09-19,1026,N,nominal,2.0NRT,307.43,10.97,D,VIIRS,4,Savannas & Grasslands
-19.70068,46.40309,334.61,0.53,0.42,2026-09-19,1026,N,low,2.0NRT,307.74,4.44,D,VIIRS,4,Savannas & Grasslands
-19.70137,46.3977,346.1,0.53,0.42,2026-09-19,1026,N,nominal,2.0NRT,309.11,4.44,D,VIIRS,4,Savannas & Grasslands
-19.89275,44.70169,348.07,0.44,0.46,2026-09-19,1026,N,nominal,2.0NRT,302.2,14.79,D,VIIRS,4,Savannas & Grasslands
-19.88893,44.69684,355.48,0.44,0.46,2026-09-19,1026,N,nominal,2.0NRT,305.94,14.79,D,VIIRS,4,Savannas & Grasslands
-19.82889,45.13268,336.09,0.42,0.45,2026-09-19,1026,N,low,2.0NRT,310.2,2.76,D,VIIRS,4,Savannas & Grasslands
-19.82146,45.12334,367.0,0.42,0.45,2026-09-19,1026,N,high,2.0NRT,311.7,13.62,D,VIIRS,4,Savannas & Grasslands
-19.59146,46.92161,339.76,0.5,0.41,2026-09-19,1026,N,nominal,2.0NRT,305.42,6.33,D,VIIRS,4,Savannas & Grasslands
-19.72424,45.86272,336.73,0.57,0.43,2026-09-19,1026,N,low,2.0NRT,308.78,14.23,D,VIIRS,4,Savannas & Grasslands
-19.59071,46.92349,334.63,0.49,0.41,2026-09-19,1026,N,low,2.0NRT,306.01,6.58,D,VIIRS,4,Savannas & Grasslands
-19.72713,45.86084,346.55,0.57,0.43,2026-09-19,1026,N,nominal,2.0NRT,307.32,13.58,D,VIIRS,4,Savannas & Grasslands
-19.821,45.12374,351.3,0.42,0.45,2026-09-19,1026,N,nominal,2.0NRT,311.24,13.7,D,VIIRS,4,Savannas & Grasslands
-19.7231,45.86045,348.99,0.57,0.43,2026-09-19,1026,N,nominal,2.0NRT,309.05,13.58,D,VIIRS,4,Savannas & Grasslands
-19.87504,44.581,334.43,0.45,0.47,2026-09-19,1026,N,low,2.0NRT,306.63,2.7,D,VIIRS,4,Savannas & Grasslands
-19.74075,45.00953,344.43,0.42,0.45,2026-09-19,1026,N,nominal,2.0NRT,308.3,9.13,D,VIIRS,4,Savannas & Grasslands
-19.74789,44.87605,340.37,0.43,0.46,2026-09-19,1026,N,nominal,2.0NRT,307.58,3.46,D,VIIRS,4,Savannas & Grasslands
-19.69913,45.10806,339.21,0.42,0.45,2026-09-19,1026,N,low,2.0NRT,311.82,5.16,D,VIIRS,4,Savannas & Grasslands
-19.30618,48.02741,331.96,0.44,0.38,2026-09-19,1026,N,nominal,2.0NRT,300.48,7.42,D,VIIRS,4,Savannas & Grasslands
-19.73629,44.66454,334.02,0.44,0.46,2026-09-19,1026,N,low,2.0NRT,305.49,3.94,D,VIIRS,4,Savannas & Grasslands
-19.64426,45.34508,340.76,0.4,0.44,2026-09-19,1026,N,low,2.0NRT,313.23,4.28,D,VIIRS,4,Savannas & Grasslands
-19.70664,44.76514,342.69,0.44,0.46,2026-09-19,1026,N,nominal,2.0NRT,305.18,36.12,D,VIIRS,4,Savannas & Grasslands
-19.70715,44.76093,349.46,0.44,0.46,2026-09-19,1026,N,nominal,2.0NRT,308.89,36.12,D,VIIRS,4,Savannas & Grasslands
-19.60738,45.54097,335.46,0.39,0.44,2026-09-19,1026,N,nominal,2.0NRT,308.15,1.33,D,VIIRS,4,Savannas & Grasslands
-19.67402,44.9636,351.75,0.42,0.46,2026-09-19,1026,N,nominal,2.0NRT,304.11,8.68,D,VIIRS,4,Savannas & Grasslands
-19.53833,45.83226,341.05,0.57,0.43,2026-09-19,1026,N,nominal,2.0NRT,310.25,3.65,D,VIIRS,4,Savannas & Grasslands
-19.22093,48.22628,342.88,0.43,0.38,2026-09-19,1026,N,nominal,2.0NRT,297.68,10.7,D,VIIRS,4,Savannas & Grasslands
-19.50627,46.05707,336.54,0.55,0.43,2026-09-19,1026,N,low,2.0NRT,310.67,5.8,D,VIIRS,4,Savannas & Grasslands
-19.53372,45.83658,336.81,0.56,0.43,2026-09-19,1026,N,low,2.0NRT,310.62,25.06,D,VIIRS,4,Savannas & Grasslands
-19.53435,45.83152,344.84,0.57,0.43,2026-09-19,1026,N,nominal,2.0NRT,311.43,25.06,D,VIIRS,4,Savannas & Grasslands
-19.50301,46.05105,352.92,0.55,0.43,2026-09-19,1026,N,nominal,2.0NRT,312.82,15.84,D,VIIRS,4,Savannas & Grasslands
-19.61806,45.07282,338.34,0.42,0.45,2026-09-19,1026,N,low,2.0NRT,310.71,1.67,D,VIIRS,4,Savannas & Grasslands
-19.44205,46.3134,353.61,0.53,0.42,2026-09-19,1026,N,nominal,2.0NRT,310.7,13.62,D,VIIRS,4,Savannas & Grasslands
-19.59426,45.02289,342.75,0.42,0.45,2026-09-19,1026,N,nominal,2.0NRT,309.71,5.87,D,VIIRS,4,Savannas & Grasslands
-19.58953,45.02644,341.83,0.42,0.45,2026-09-19,1026,N,nominal,2.0NRT,309.26,5.87,D,VIIRS,4,Savannas & Grasslands
-19.46885,45.88936,334.03,0.56,0.43,2026-09-19,1026,N,low,2.0NRT,308.22,0.92,D,VIIRS,4,Savannas & Grasslands
-19.47255,45.7961,336.9,0.57,0.43,2026-09-19,1026,N,nominal,2.0NRT,310.41,3.97,D,VIIRS,4,Savannas & Grasslands
-19.57984,44.71365,344.42,0.44,0.46,2026-09-19,1026,N,nominal,2.0NRT,306.49,13.05,D,VIIRS,4,Savannas & Grasslands
-19.58035,44.70934,347.77,0.44,0.46,2026-09-19,1026,N,nominal,2.0NRT,308.82,13.05,D,VIIRS,4,Savannas & Grasslands
-19.57554,44.71314,341.25,0.44,0.46,2026-09-19,1026,N,nominal,2.0NRT,304.85,13.05,D,VIIRS,4,Savannas & Grasslands
-19.57605,44.70882,336.06,0.44,0.46,2026-09-19,1026,N,nominal,2.0NRT,304.24,13.05,D,VIIRS,4,Savannas & Grasslands
-19.46277,45.61168,334.52,0.39,0.44,2026-09-19,1026,N,low,2.0NRT,307.1,2.51,D,VIIRS,4,Savannas & Grasslands
-19.54211,44.95783,340.75,0.42,0.45,2026-09-19,1026,N,nominal,2.0NRT,308.04,5.02,D,VIIRS,4,Savannas & Grasslands
-19.40702,45.99534,333.63,0.55,0.43,2026-09-19,1026,N,low,2.0NRT,308.12,1.68,D,VIIRS,4,Savannas & Grasslands
-19.48084,45.36161,336.19,0.4,0.44,2026-09-19,1026,N,low,2.0NRT,307.14,2.36,D,VIIRS,4,Savannas & Grasslands
-19.48224,45.35006,346.92,0.4,0.44,2026-09-19,1026,N,nominal,2.0NRT,310.43,21.86,D,VIIRS,4,Savannas & Grasslands
-19.53539,44.8692,350.78,0.43,0.46,2026-09-19,1026,N,nominal,2.0NRT,305.51,8.07,D,VIIRS,4,Savannas & Grasslands
-19.52748,44.82601,340.21,0.43,0.46,2026-09-19,1026,N,nominal,2.0NRT,300.18,5.02,D,VIIRS,4,Savannas & Grasslands
-19.0825,48.29666,332.35,0.43,0.38,2026-09-19,1026,N,nominal,2.0NRT,297.87,3.45,D,VIIRS,4,Savannas & Grasslands
-19.08188,48.29792,333.67,0.43,0.38,2026-09-19,1026,N,nominal,2.0NRT,297.47,3.63,D,VIIRS,4,Savannas & Grasslands
-19.53218,44.87067,333.27,0.43,0.46,2026-09-19,1026,N,nominal,2.0NRT,302.69,2.3,D,VIIRS,4,Savannas & Grasslands
-19.07309,48.259,336.78,0.43,0.38,2026-09-19,1026,N,nominal,2.0NRT,298.24,3.5,D,VIIRS,4,Savannas & Grasslands
-19.52882,44.82816,337.03,0.43,0.46,2026-09-19,1026,N,nominal,2.0NRT,301.18,4.68,D,VIIRS,4,Savannas & Grasslands
-19.49838,45.00374,345.13,0.42,0.45,2026-09-19,1026,N,nominal,2.0NRT,313.07,7.01,D,VIIRS,4,Savannas & Grasslands
-19.49891,44.99953,342.93,0.42,0.45,2026-09-19,1026,N,nominal,2.0NRT,309.83,4.99,D,VIIRS,4,Savannas & Grasslands
-19.07582,48.1632,333.05,0.43,0.38,2026-09-19,1026,N,nominal,2.0NRT,298.76,4.06,D,VIIRS,4,Savannas & Grasslands
-19.49417,45.00319,338.95,0.42,0.45,2026-09-19,1026,N,low,2.0NRT,311.08,7.01,D,VIIRS,4,Savannas & Grasslands
-19.49469,44.99902,339.15,0.42,0.45,2026-09-19,1026,N,low,2.0NRT,310.82,4.99,D,VIIRS,4,Savannas & Grasslands
-19.53505,44.67171,346.83,0.44,0.46,2026-09-19,1026,N,nominal,2.0NRT,307.5,5.19,D,VIIRS,4,Savannas & Grasslands
-19.0723,48.16265,333.26,0.43,0.38,2026-09-19,1026,N,nominal,2.0NRT,296.06,5.23,D,VIIRS,4,Savannas & Grasslands
-19.40704,45.66236,337.88,0.38,0.43,2026-09-19,1026,N,nominal,2.0NRT,307.33,4.85,D,VIIRS,4,Savannas & Grasslands
-19.04792,48.23421,337.6,0.43,0.38,2026-09-19,1026,N,nominal,2.0NRT,299.99,5.64,D,VIIRS,4,Savannas & Grasslands
-19.46968,44.95829,346.11,0.42,0.45,2026-09-19,1026,N,nominal,2.0NRT,305.83,3.7,D,VIIRS,4,Savannas & Grasslands
-19.48718,44.81438,333.28,0.43,0.46,2026-09-19,1026,N,nominal,2.0NRT,302.32,4.5,D,VIIRS,4,Savannas & Grasslands
-19.48769,44.81023,341.93,0.43,0.46,2026-09-19,1026,N,nominal,2.0NRT,302.03,4.5,D,VIIRS,4,Savannas & Grasslands
-19.50161,44.65876,337.77,0.44,0.46,2026-09-19,1026,N,nominal,2.0NRT,305.41,3.64,D,VIIRS,4,Savannas & Grasslands
-19.31047,46.03969,338.21,0.55,0.42,2026-09-19,1026,N,low,2.0NRT,311.05,3.03,D,VIIRS,4,Savannas & Grasslands
-19.39475,45.11944,336.9,0.41,0.45,2026-09-19,1026,N,nominal,2.0NRT,303.82,2.75,D,VIIRS,4,Savannas & Grasslands
-19.39524,45.11535,341.32,0.41,0.45,2026-09-19,1026,N,nominal,2.0NRT,303.27,2.75,D,VIIRS,4,Savannas & Grasslands
-19.39106,45.11478,343.08,0.41,0.45,2026-09-19,1026,N,nominal,2.0NRT,304.52,3.57,D,VIIRS,4,Savannas & Grasslands
-19.24006,46.31419,338.86,0.53,0.42,2026-09-19,1026,N,nominal,2.0NRT,311.91,4.32,D,VIIRS,4,Savannas & Grasslands
-19.00509,48.07624,346.49,0.43,0.38,2026-09-19,1026,N,nominal,2.0NRT,306.42,11.49,D,VIIRS,4,Savannas & Grasslands
-19.00516,48.07714,335.04,0.43,0.38,2026-09-19,1026,N,nominal,2.0NRT,304.33,5.74,D,VIIRS,4,Savannas & Grasslands
-19.00574,48.07303,333.5,0.43,0.38,2026-09-19,1026,N,nominal,2.0NRT,301.89,5.74,D,VIIRS,4,Savannas & Grasslands
-19.39357,45.11985,340.27,0.41,0.45,2026-09-19,1026,N,nominal,2.0NRT,305.07,3.85,D,VIIRS,4,Savannas & Grasslands
-19.39408,45.11578,348.91,0.41,0.45,2026-09-19,1026,N,nominal,2.0NRT,305.61,3.85,D,VIIRS,4,Savannas & Grasslands
-19.38991,45.11522,330.01,0.41,0.45,2026-09-19,1026,N,low,2.0NRT,304.29,3.85,D,VIIRS,4,Savannas & Grasslands
-19.38104,45.11822,345.28,0.41,0.45,2026-09-19,1026,N,nominal,2.0NRT,304.47,5.58,D,VIIRS,4,Savannas & Grasslands
-19.40289,44.90928,345.41,0.42,0.46,2026-09-19,1026,N,nominal,2.0NRT,307.55,4.99,D,VIIRS,4,Savannas & Grasslands
-19.26134,45.70601,337.39,0.57,0.43,2026-09-19,1026,N,low,2.0NRT,308.34,10.54,D,VIIRS,4,Savannas & Grasslands
-19.2621,45.7,334.37,0.57,0.43,2026-09-19,1026,N,low,2.0NRT,308.42,6.41,D,VIIRS,4,Savannas & Grasslands
-19.36229,44.85378,343.59,0.43,0.46,2026-09-19,1026,N,nominal,2.0NRT,305.86,5.93,D,VIIRS,4,Savannas & Grasslands
-19.36279,44.84961,337.12,0.43,0.46,2026-09-19,1026,N,nominal,2.0NRT,306.26,6.95,D,VIIRS,4,Savannas & Grasslands
-19.30261,45.30804,343.95,0.4,0.44,2026-09-19,1026,N,nominal,2.0NRT,309.97,6.47,D,VIIRS,4,Savannas & Grasslands
-19.30308,45.30422,343.54,0.4,0.44,2026-09-19,1026,N,nominal,2.0NRT,312.1,7.06,D,VIIRS,4,Savannas & Grasslands
-19.35855,44.84904,341.7,0.43,0.46,2026-09-19,1026,N,nominal,2.0NRT,303.69,4.74,D,VIIRS,4,Savannas & Grasslands
-19.26419,45.58498,349.09,0.39,0.44,2026-09-19,1026,N,nominal,2.0NRT,308.06,35.14,D,VIIRS,4,Savannas & Grasslands
-19.30272,45.27304,336.08,0.4,0.44,2026-09-19,1026,N,low,2.0NRT,308.57,2.49,D,VIIRS,4,Savannas & Grasslands
-19.28076,45.41761,347.16,0.39,0.44,2026-09-19,1026,N,nominal,2.0NRT,309.01,4.78,D,VIIRS,4,Savannas & Grasslands
-19.2986,45.27242,337.93,0.4,0.44,2026-09-19,1026,N,nominal,2.0NRT,307.29,3.32,D,VIIRS,4,Savannas & Grasslands
-19.23301,45.73683,354.32,0.57,0.43,2026-09-19,1026,N,nominal,2.0NRT,312.41,10.33,D,VIIRS,4,Savannas & Grasslands
-19.38839,44.45099,336.58,0.45,0.47,2026-09-19,1026,N,nominal,2.0NRT,304.43,6.85,D,VIIRS,4,Savannas & Grasslands
-19.26149,45.43919,339.04,0.39,0.44,2026-09-19,1026,N,nominal,2.0NRT,307.5,2.15,D,VIIRS,4,Savannas & Grasslands
-19.37202,44.51532,337.46,0.45,0.47,2026-09-19,1026,N,nominal,2.0NRT,302.6,4.65,D,VIIRS,4,Savannas & Grasslands
-19.37813,44.46299,351.87,0.45,0.47,2026-09-19,1026,N,nominal,2.0NRT,303.59,10.33,D,VIIRS,4,Savannas & Grasslands
-19.25737,45.43893,335.55,0.39,0.44,2026-09-19,1026,N,nominal,2.0NRT,306.94,2.15,D,VIIRS,4,Savannas & Grasslands
-19.36111,44.57094,343.21,0.45,0.47,2026-09-19,1026,N,nominal,2.0NRT,302.37,13.25,D,VIIRS,4,Savannas & Grasslands
-19.36161,44.56663,339.04,0.45,0.47,2026-09-19,1026,N,nominal,2.0NRT,304.48,13.03,D,VIIRS,4,Savannas & Grasslands
-19.37479,44.45365,332.69,0.45,0.47,2026-09-19,1026,N,low,2.0NRT,306.52,4.85,D,VIIRS,4,Savannas & Grasslands
-19.35678,44.57035,345.86,0.45,0.47,2026-09-19,1026,N,nominal,2.0NRT,304.51,6.82,D,VIIRS,4,Savannas & Grasslands
-19.22305,45.65213,344.67,0.38,0.43,2026-09-19,1026,N,nominal,2.0NRT,307.1,18.62,D,VIIRS,4,Savannas & Grasslands
-19.22775,45.58013,345.47,0.39,0.44,2026-09-19,1026,N,nominal,2.0NRT,309.34,8.62,D,VIIRS,4,Savannas & Grasslands
-19.22226,45.65458,344.96,0.57,0.43,2026-09-19,1026,N,nominal,2.0NRT,307.74,23.77,D,VIIRS,4,Savannas & Grasslands
-19.22783,45.57986,343.98,0.39,0.44,2026-09-19,1026,N,nominal,2.0NRT,309.41,5.22,D,VIIRS,4,Savannas & Grasslands
-19.3555,44.57111,343.06,0.44,0.46,2026-09-19,1026,N,nominal,2.0NRT,304.0,6.09,D,VIIRS,4,Savannas & Grasslands
-19.32367,44.72207,345.19,0.43,0.46,2026-09-19,1026,N,nominal,2.0NRT,300.75,6.12,D,VIIRS,4,Savannas & Grasslands
-19.29674,44.90406,336.93,0.42,0.45,2026-09-19,1026,N,nominal,2.0NRT,306.75,4.44,D,VIIRS,4,Savannas & Grasslands
-19.29251,44.90356,347.73,0.42,0.45,2026-09-19,1026,N,nominal,2.0NRT,305.8,4.44,D,VIIRS,4,Savannas & Grasslands
-19.28827,44.90303,332.76,0.42,0.45,2026-09-19,1026,N,nominal,2.0NRT,303.41,3.36,D,VIIRS,4,Savannas & Grasslands
-19.27608,44.89731,336.49,0.42,0.45,2026-09-19,1026,N,nominal,2.0NRT,304.73,6.18,D,VIIRS,4,Savannas & Grasslands
-19.27658,44.89325,344.09,0.42,0.46,2026-09-19,1026,N,nominal,2.0NRT,303.02,6.18,D,VIIRS,4,Savannas & Grasslands
-19.103,46.23253,336.14,0.53,0.42,2026-09-19,1026,N,low,2.0NRT,310.62,7.61,D,VIIRS,4,Savannas & Grasslands
-19.32111,44.49216,339.27,0.45,0.47,2026-09-19,1026,N,nominal,2.0NRT,301.85,3.79,D,VIIRS,4,Savannas & Grasslands
-19.0034,46.84444,336.26,0.49,0.4,2026-09-19,1026,N,nominal,2.0NRT,308.26,2.77,D,VIIRS,4,Savannas & Grasslands
-19.18281,45.3113,349.29,0.4,0.44,2026-09-19,1026,N,nominal,2.0NRT,313.76,3.83,D,VIIRS,4,Savannas & Grasslands
-19.17505,45.30631,352.96,0.4,0.44,2026-09-19,1026,N,nominal,2.0NRT,309.75,6.06,D,VIIRS,4,Savannas & Grasslands
-19.23474,44.81179,341.94,0.43,0.46,2026-09-19,1026,N,nominal,2.0NRT,303.43,6.46,D,VIIRS,4,Savannas & Grasslands
-19.08838,45.97304,346.71,0.55,0.43,2026-09-19,1026,N,nominal,2.0NRT,309.02,3.79,D,VIIRS,4,Savannas & Grasslands
-19.25833,44.57604,332.69,0.44,0.46,2026-09-19,1026,N,nominal,2.0NRT,301.08,6.96,D,VIIRS,4,Savannas & Grasslands
-19.25883,44.57173,345.88,0.44,0.46,2026-09-19,1026,N,nominal,2.0NRT,304.48,7.08,D,VIIRS,4,Savannas & Grasslands
-19.25934,44.56742,341.87,0.44,0.46,2026-09-19,1026,N,nominal,2.0NRT,304.25,7.08,D,VIIRS,4,Savannas & Grasslands
-19.16682,45.30519,342.87,0.4,0.44,2026-09-19,1026,N,nominal,2.0NRT,311.04,7.93,D,VIIRS,4,Savannas & Grasslands
-19.16729,45.30133,342.31,0.4,0.44,2026-09-19,1026,N,low,2.0NRT,312.4,5.74,D,VIIRS,4,Savannas & Grasslands
-19.12686,45.49736,351.88,0.39,0.44,2026-09-19,1026,N,nominal,2.0NRT,311.03,11.27,D,VIIRS,4,Savannas & Grasslands
-19.12677,45.49751,353.16,0.39,0.44,2026-09-19,1026,N,nominal,2.0NRT,310.7,9.62,D,VIIRS,4,Savannas & Grasslands
-19.19774,44.83702,331.69,0.43,0.46,2026-09-19,1026,N,low,2.0NRT,304.54,2.44,D,VIIRS,4,Savannas & Grasslands
-19.09873,45.55544,341.77,0.39,0.44,2026-09-19,1026,N,nominal,2.0NRT,305.2,8.03,D,VIIRS,4,Savannas & Grasslands
-19.09919,45.55181,340.42,0.39,0.44,2026-09-19,1026,N,nominal,2.0NRT,308.43,6.29,D,VIIRS,4,Savannas & Grasslands
-19.21989,44.51551,331.99,0.45,0.47,2026-09-19,1026,N,nominal,2.0NRT,299.21,1.38,D,VIIRS,4,Savannas & Grasslands
-19.22782,44.45025,352.85,0.45,0.47,2026-09-19,1026,N,nominal,2.0NRT,307.8,13.58,D,VIIRS,4,Savannas & Grasslands
-19.22835,44.44587,333.55,0.45,0.47,2026-09-19,1026,N,low,2.0NRT,305.65,3.34,D,VIIRS,4,Savannas & Grasslands
-19.06637,45.68067,335.41,0.57,0.43,2026-09-19,1026,N,low,2.0NRT,307.11,7.0,D,VIIRS,4,Savannas & Grasslands
-19.07952,45.47917,343.3,0.39,0.44,2026-09-19,1026,N,nominal,2.0NRT,308.79,6.82,D,VIIRS,4,Savannas & Grasslands
-19.08003,45.47506,341.99,0.39,0.44,2026-09-19,1026,N,nominal,2.0NRT,306.15,6.82,D,VIIRS,4,Savannas & Grasslands
-19.10282,45.29269,340.09,0.4,0.44,2026-09-19,1026,N,nominal,2.0NRT,307.03,3.73,D,VIIRS,4,Savannas & Grasslands
-19.08135,45.43141,330.33,0.39,0.44,2026-09-19,1026,N,low,2.0NRT,304.12,5.07,D,VIIRS,4,Savannas & Grasslands
-19.0987,45.29212,334.18,0.4,0.44,2026-09-19,1026,N,low,2.0NRT,307.16,2.12,D,VIIRS,4,Savannas & Grasslands
-19.16136,44.7818,343.46,0.43,0.46,2026-09-19,1026,N,nominal,2.0NRT,308.25,6.57,D,VIIRS,4,Savannas & Grasslands
-19.07681,45.43465,349.2,0.39,0.44,2026-09-19,1026,N,nominal,2.0NRT,305.65,8.87,D,VIIRS,4,Savannas & Grasslands
-19.07726,45.43098,353.78,0.39,0.44,2026-09-19,1026,N,nominal,2.0NRT,307.88,5.07,D,VIIRS,4,Savannas & Grasslands
-19.07771,45.42743,344.58,0.39,0.44,2026-09-19,1026,N,nominal,2.0NRT,306.19,5.07,D,VIIRS,4,Savannas & Grasslands
-18.76766,47.65899,341.63,0.45,0.39,2026-09-19,1026,N,nominal,2.0NRT,303.64,3.98,D,VIIRS,4,Savannas & Grasslands
-19.16765,44.39801,349.01,0.45,0.47,2026-09-19,1026,N,nominal,2.0NRT,311.34,50.15,D,VIIRS,4,Savannas & Grasslands
-19.16329,44.39744,335.13,0.45,0.47,2026-09-19,1026,N,nominal,2.0NRT,303.98,3.96,D,VIIRS,4,Savannas & Grasslands
-18.67879,48.17506,347.66,0.43,0.38,2026-09-19,1026,N,nominal,2.0NRT,306.46,5.75,D,VIIRS,4,Savannas & Grasslands
-19.08812,44.99803,333.14,0.42,0.45,2026-09-19,1026,N,nominal,2.0NRT,300.47,2.86,D,VIIRS,4,Savannas & Grasslands
-19.0886,44.99403,340.17,0.42,0.45,2026-09-19,1026,N,nominal,2.0NRT,301.72,2.86,D,VIIRS,4,Savannas & Grasslands
-19.15913,44.3568,339.22,0.46,0.47,2026-09-19,1026,N,nominal,2.0NRT,305.57,3.59,D,VIIRS,4,Savannas & Grasslands
-19.08834,44.99448,351.17,0.42,0.45,2026-09-19,1026,N,nominal,2.0NRT,301.39,4.11,D,VIIRS,4,Savannas & Grasslands
-19.15963,44.35373,337.15,0.46,0.47,2026-09-19,1026,N,nominal,2.0NRT,304.13,3.93,D,VIIRS,4,Savannas & Grasslands
-19.0624,44.96333,339.55,0.42,0.45,2026-09-19,1026,N,nominal,2.0NRT,305.37,2.79,D,VIIRS,4,Savannas & Grasslands
-18.96609,45.59615,332.87,0.57,0.43,2026-09-19,1026,N,low,2.0NRT,307.87,5.02,D,VIIRS,4,Savannas & Grasslands
-18.91964,45.8969,337.57,0.55,0.43,2026-09-19,1026,N,low,2.0NRT,311.57,3.97,D,VIIRS,4,Savannas & Grasslands
-18.90226,46.00122,336.76,0.54,0.42,2026-09-19,1026,N,low,2.0NRT,309.08,4.41,D,VIIRS,4,Savannas & Grasslands
-18.80968,46.65379,336.71,0.5,0.41,2026-09-19,1026,N,low,2.0NRT,309.93,6.04,D,VIIRS,4,Savannas & Grasslands
-19.0162,44.81523,334.91,0.43,0.46,2026-09-19,1026,N,nominal,2.0NRT,302.22,4.65,D,VIIRS,4,Savannas & Grasslands
-18.92286,45.54829,335.79,0.38,0.44,2026-09-19,1026,N,nominal,2.0NRT,308.01,1.89,D,VIIRS,4,Savannas & Grasslands
-19.01245,44.73793,332.64,0.43,0.46,2026-09-19,1026,N,nominal,2.0NRT,302.64,3.0,D,VIIRS,4,Savannas & Grasslands
-19.0059,44.72006,342.3,0.43,0.46,2026-09-19,1026,N,nominal,2.0NRT,304.4,4.51,D,VIIRS,4,Savannas & Grasslands
-18.94492,45.27654,332.05,0.4,0.44,2026-09-19,1026,N,low,2.0NRT,305.86,3.78,D,VIIRS,4,Savannas & Grasslands
-19.01307,44.74022,332.93,0.43,0.46,2026-09-19,1026,N,nominal,2.0NRT,304.24,3.54,D,VIIRS,4,Savannas & Grasslands
-19.00718,44.71813,331.16,0.43,0.46,2026-09-19,1026,N,low,2.0NRT,305.86,2.41,D,VIIRS,4,Savannas & Grasslands
-19.00292,44.71752,335.31,0.43,0.46,2026-09-19,1026,N,nominal,2.0NRT,302.38,2.41,D,VIIRS,4,Savannas & Grasslands
-18.88838,45.52324,344.1,0.39,0.44,2026-09-19,1026,N,nominal,2.0NRT,308.28,6.81,D,VIIRS,4,Savannas & Grasslands
-18.91155,45.34184,336.31,0.39,0.44,2026-09-19,1026,N,nominal,2.0NRT,306.97,2.5,D,VIIRS,4,Savannas & Grasslands
-18.84541,45.79417,334.06,0.56,0.43,2026-09-19,1026,N,nominal,2.0NRT,306.98,2.53,D,VIIRS,4,Savannas & Grasslands
-18.88584,45.4136,340.07,0.39,0.44,2026-09-19,1026,N,nominal,2.0NRT,306.44,3.47,D,VIIRS,4,Savannas & Grasslands
-18.88631,45.40985,339.46,0.39,0.44,2026-09-19,1026,N,nominal,2.0NRT,306.11,3.47,D,VIIRS,4,Savannas & Grasslands
-18.92634,45.05725,348.49,0.41,0.45,2026-09-19,1026,N,nominal,2.0NRT,307.95,8.38,D,VIIRS,4,Savannas & Grasslands
-18.90106,45.19262,333.43,0.4,0.44,2026-09-19,1026,N,low,2.0NRT,308.07,1.53,D,VIIRS,4,Savannas & Grasslands
-18.89169,45.23423,343.68,0.4,0.44,2026-09-19,1026,N,nominal,2.0NRT,306.61,4.63,D,VIIRS,4,Savannas & Grasslands
-18.91431,45.05175,345.54,0.41,0.45,2026-09-19,1026,N,nominal,2.0NRT,305.31,8.2,D,VIIRS,4,Savannas & Grasslands
-18.9148,45.04776,342.23,0.41,0.45,2026-09-19,1026,N,nominal,2.0NRT,304.34,6.05,D,VIIRS,4,Savannas & Grasslands
-18.94194,44.68448,336.52,0.43,0.46,2026-09-19,1026,N,nominal,2.0NRT,303.28,4.34,D,VIIRS,4,Savannas & Grasslands
-18.95019,44.35579,331.12,0.45,0.47,2026-09-19,1026,N,low,2.0NRT,302.31,4.2,D,VIIRS,4,Savannas & Grasslands
-18.94481,44.36392,354.0,0.45,0.47,2026-09-19,1026,N,nominal,2.0NRT,304.28,6.81,D,VIIRS,4,Savannas & Grasslands
-18.94532,44.35958,337.11,0.45,0.47,2026-09-19,1026,N,nominal,2.0NRT,302.98,7.27,D,VIIRS,4,Savannas & Grasslands
-18.76541,45.8202,334.54,0.55,0.43,2026-09-19,1026,N,low,2.0NRT,305.47,1.35,D,VIIRS,4,Savannas & Grasslands
-18.90305,44.68335,338.49,0.43,0.46,2026-09-19,1026,N,nominal,2.0NRT,307.48,5.44,D,VIIRS,4,Savannas & Grasslands
-18.94045,44.36335,334.63,0.45,0.47,2026-09-19,1026,N,nominal,2.0NRT,301.7,6.81,D,VIIRS,4,Savannas & Grasslands
-18.76291,45.82292,339.9,0.55,0.43,2026-09-19,1026,N,nominal,2.0NRT,307.95,3.59,D,VIIRS,4,Savannas & Grasslands
-18.94985,44.35688,332.91,0.45,0.47,2026-09-19,1026,N,nominal,2.0NRT,302.89,2.52,D,VIIRS,4,Savannas & Grasslands
-18.9047,44.68428,334.99,0.43,0.46,2026-09-19,1026,N,low,2.0NRT,305.9,2.76,D,VIIRS,4,Savannas & Grasslands
-18.90521,44.68017,330.07,0.43,0.46,2026-09-19,1026,N,low,2.0NRT,305.04,2.76,D,VIIRS,4,Savannas & Grasslands
-18.94441,44.36499,342.89,0.45,0.47,2026-09-19,1026,N,nominal,2.0NRT,304.08,9.12,D,VIIRS,4,Savannas & Grasslands
-18.94495,44.36064,341.07,0.45,0.47,2026-09-19,1026,N,nominal,2.0NRT,302.86,8.46,D,VIIRS,4,Savannas & Grasslands
-18.73103,46.00465,348.74,0.54,0.42,2026-09-19,1026,N,nominal,2.0NRT,314.36,25.56,D,VIIRS,4,Savannas & Grasslands
-18.72711,46.00408,335.73,0.54,0.42,2026-09-19,1026,N,low,2.0NRT,310.49,3.83,D,VIIRS,4,Savannas & Grasslands
-18.80544,45.3357,350.1,0.39,0.44,2026-09-19,1026,N,nominal,2.0NRT,306.16,5.35,D,VIIRS,4,Savannas & Grasslands
-18.89855,44.59387,347.65,0.44,0.46,2026-09-19,1026,N,nominal,2.0NRT,304.77,7.36,D,VIIRS,4,Savannas & Grasslands
-18.80134,45.33528,341.16,0.39,0.44,2026-09-19,1026,N,nominal,2.0NRT,304.52,5.35,D,VIIRS,4,Savannas & Grasslands
-18.87704,44.69757,335.4,0.43,0.46,2026-09-19,1026,N,low,2.0NRT,307.11,3.0,D,VIIRS,4,Savannas & Grasslands
-18.87279,44.69696,333.38,0.43,0.46,2026-09-19,1026,N,low,2.0NRT,307.11,3.0,D,VIIRS,4,Savannas & Grasslands
-18.8733,44.69278,334.75,0.43,0.46,2026-09-19,1026,N,nominal,2.0NRT,304.35,3.0,D,VIIRS,4,Savannas & Grasslands
-18.60488,46.75012,344.0,0.49,0.4,2026-09-19,1026,N,nominal,2.0NRT,310.81,17.91,D,VIIRS,4,Savannas & Grasslands
-18.71546,45.81573,335.92,0.55,0.43,2026-09-19,1026,N,low,2.0NRT,306.04,2.38,D,VIIRS,4,Savannas & Grasslands
-18.77731,45.32809,347.61,0.39,0.44,2026-09-19,1026,N,nominal,2.0NRT,308.04,4.03,D,VIIRS,4,Savannas & Grasslands
-18.81519,44.99007,330.03,0.41,0.45,2026-09-19,1026,N,low,2.0NRT,302.11,2.7,D,VIIRS,4,Savannas & Grasslands
-18.63625,46.36681,338.46,0.52,0.41,2026-09-19,1026,N,low,2.0NRT,309.47,2.57,D,VIIRS,4,Savannas & Grasslands
-18.84655,44.5913,342.8,0.44,0.46,2026-09-19,1026,N,nominal,2.0NRT,303.68,14.27,D,VIIRS,4,Savannas & Grasslands
-18.84706,44.58708,339.73,0.44,0.46,2026-09-19,1026,N,nominal,2.0NRT,304.14,14.27,D,VIIRS,4,Savannas & Grasslands
-18.86624,44.31498,330.2,0.46,0.47,2026-09-19,1026,N,low,2.0NRT,301.02,1.47,D,VIIRS,4,Savannas & Grasslands
-18.68851,45.7416,337.96,0.56,0.43,2026-09-19,1026,N,nominal,2.0NRT,305.2,6.23,D,VIIRS,4,Savannas & Grasslands
-18.68919,45.73617,334.59,0.56,0.43,2026-09-19,1026,N,low,2.0NRT,305.8,6.88,D,VIIRS,4,Savannas & Grasslands
-18.83141,44.57209,339.44,0.44,0.46,2026-09-19,1026,N,nominal,2.0NRT,304.51,4.68,D,VIIRS,4,Savannas & Grasslands
-18.68452,45.74115,335.95,0.56,0.43,2026-09-19,1026,N,nominal,2.0NRT,305.46,6.23,D,VIIRS,4,Savannas & Grasslands
-18.72337,45.39521,336.08,0.39,0.44,2026-09-19,1026,N,low,2.0NRT,307.42,2.21,D,VIIRS,4,Savannas & Grasslands
-18.33618,48.31422,337.25,0.42,0.38,2026-09-19,1026,N,nominal,2.0NRT,302.58,2.5,D,VIIRS,4,Savannas & Grasslands
-18.77706,44.91888,335.84,0.42,0.45,2026-09-19,1026,N,low,2.0NRT,308.38,5.51,D,VIIRS,4,Savannas & Grasslands
-18.82553,44.51101,356.83,0.44,0.46,2026-09-19,1026,N,nominal,2.0NRT,299.08,8.22,D,VIIRS,4,Savannas & Grasslands
-18.76019,45.02374,335.19,0.41,0.45,2026-09-19,1026,N,nominal,2.0NRT,307.27,2.9,D,VIIRS,4,Savannas & Grasslands
-18.82121,44.51043,334.15,0.44,0.46,2026-09-19,1026,N,nominal,2.0NRT,304.17,70.19,D,VIIRS,4,Savannas & Grasslands
-18.36002,48.09142,334.44,0.43,0.38,2026-09-19,1026,N,nominal,2.0NRT,301.09,2.93,D,VIIRS,4,Savannas & Grasslands
-18.64747,45.84409,349.0,0.55,0.43,2026-09-19,1026,N,nominal,2.0NRT,306.33,8.21,D,VIIRS,4,Savannas & Grasslands
-18.77636,44.91912,334.08,0.42,0.45,2026-09-19,1026,N,low,2.0NRT,307.42,4.61,D,VIIRS,4,Savannas & Grasslands
-18.75879,45.02381,333.07,0.41,0.45,2026-09-19,1026,N,low,2.0NRT,306.97,1.79,D,VIIRS,4,Savannas & Grasslands
-18.82342,44.51156,340.39,0.44,0.46,2026-09-19,1026,N,nominal,2.0NRT,307.1,52.97,D,VIIRS,4,Savannas & Grasslands
-18.82395,44.50732,333.84,0.44,0.46,2026-09-19,1026,N,nominal,2.0NRT,301.35,52.97,D,VIIRS,4,Savannas & Grasslands
-18.64884,45.84199,353.28,0.55,0.43,2026-09-19,1026,N,nominal,2.0NRT,307.42,8.63,D,VIIRS,4,Savannas & Grasslands
-18.70249,45.43001,356.89,0.39,0.44,2026-09-19,1026,N,nominal,2.0NRT,308.41,19.28,D,VIIRS,4,Savannas & Grasslands
-18.78816,44.58442,330.11,0.44,0.46,2026-09-19,1026,N,low,2.0NRT,304.57,2.07,D,VIIRS,4,Savannas & Grasslands
-18.4069,47.41573,338.97,0.46,0.39,2026-09-19,1026,N,low,2.0NRT,309.95,5.0,D,VIIRS,4,Savannas & Grasslands
-18.64058,45.62455,339.51,0.57,0.43,2026-09-19,1026,N,nominal,2.0NRT,307.56,3.48,D,VIIRS,4,Savannas & Grasslands
-18.69199,45.21916,340.26,0.4,0.44,2026-09-19,1026,N,nominal,2.0NRT,309.11,4.22,D,VIIRS,4,Savannas & Grasslands
-18.70274,45.09982,342.52,0.41,0.45,2026-09-19,1026,N,nominal,2.0NRT,307.33,2.31,D,VIIRS,4,Savannas & Grasslands
-18.62634,45.67236,334.99,0.56,0.43,2026-09-19,1026,N,low,2.0NRT,307.33,4.63,D,VIIRS,4,Savannas & Grasslands
-18.69859,45.09933,342.02,0.41,0.45,2026-09-19,1026,N,nominal,2.0NRT,305.99,2.31,D,VIIRS,4,Savannas & Grasslands
-18.73947,44.76886,350.85,0.43,0.46,2026-09-19,1026,N,nominal,2.0NRT,302.98,6.23,D,VIIRS,4,Savannas & Grasslands
-18.66984,45.29596,342.42,0.39,0.44,2026-09-19,1026,N,nominal,2.0NRT,307.04,5.99,D,VIIRS,4,Savannas & Grasslands
-18.67037,45.29171,335.14,0.39,0.44,2026-09-19,1026,N,low,2.0NRT,305.36,2.32,D,VIIRS,4,Savannas & Grasslands
-18.53027,46.35455,337.69,0.51,0.41,2026-09-19,1026,N,low,2.0NRT,310.38,3.32,D,VIIRS,4,Savannas & Grasslands
-18.64791,45.43755,347.78,0.39,0.44,2026-09-19,1026,N,nominal,2.0NRT,309.29,13.69,D,VIIRS,4,Savannas & Grasslands
-18.6851,45.14019,338.91,0.4,0.44,2026-09-19,1026,N,low,2.0NRT,309.55,3.57,D,VIIRS,4,Savannas & Grasslands
-18.45007,46.90382,341.93,0.48,0.4,2026-09-19,1026,N,nominal,2.0NRT,309.21,6.78,D,VIIRS,4,Savannas & Grasslands
-18.55707,46.08753,347.4,0.53,0.42,2026-09-19,1026,N,nominal,2.0NRT,308.24,5.17,D,VIIRS,4,Savannas & Grasslands
-18.65001,45.3549,347.94,0.39,0.44,2026-09-19,1026,N,nominal,2.0NRT,301.93,8.02,D,VIIRS,4,Savannas & Grasslands
-18.65047,45.35128,346.85,0.39,0.44,2026-09-19,1026,N,nominal,2.0NRT,306.43,9.12,D,VIIRS,4,Savannas & Grasslands
-18.44634,46.90339,337.78,0.48,0.4,2026-09-19,1026,N,nominal,2.0NRT,309.79,6.77,D,VIIRS,4,Savannas & Grasslands
-18.44692,46.89906,339.9,0.48,0.4,2026-09-19,1026,N,nominal,2.0NRT,310.04,6.77,D,VIIRS,4,Savannas & Grasslands
-18.50676,46.44514,345.45,0.51,0.41,2026-09-19,1026,N,nominal,2.0NRT,311.95,6.85,D,VIIRS,4,Savannas & Grasslands
-18.55317,46.08704,333.1,0.53,0.42,2026-09-19,1026,N,low,2.0NRT,306.89,1.55,D,VIIRS,4,Savannas & Grasslands
-18.64592,45.35451,352.2,0.39,0.44,2026-09-19,1026,N,nominal,2.0NRT,306.69,12.99,D,VIIRS,4,Savannas & Grasslands
-18.63456,45.41249,349.34,0.39,0.44,2026-09-19,1026,N,nominal,2.0NRT,311.25,40.54,D,VIIRS,4,Savannas & Grasslands
-18.56258,45.7928,340.57,0.55,0.43,2026-09-19,1026,N,nominal,2.0NRT,308.23,5.45,D,VIIRS,4,Savannas & Grasslands
-18.72805,44.42958,333.01,0.45,0.47,2026-09-19,1026,N,nominal,2.0NRT,301.0,2.19,D,VIIRS,4,Savannas & Grasslands
-18.72856,44.42529,331.15,0.45,0.47,2026-09-19,1026,N,nominal,2.0NRT,300.78,2.19,D,VIIRS,4,Savannas & Grasslands
-18.72752,44.42583,347.04,0.45,0.47,2026-09-19,1026,N,nominal,2.0NRT,302.46,4.58,D,VIIRS,4,Savannas & Grasslands
-18.34961,47.21333,355.88,0.46,0.39,2026-09-19,1026,N,nominal,2.0NRT,310.77,4.88,D,VIIRS,4,Savannas & Grasslands
-18.34598,47.2127,335.63,0.46,0.39,2026-09-19,1026,N,low,2.0NRT,309.43,4.88,D,VIIRS,4,Savannas & Grasslands
-18.60976,45.22318,342.6,0.4,0.44,2026-09-19,1026,N,nominal,2.0NRT,309.92,4.18,D,VIIRS,4,Savannas & Grasslands
-18.21916,48.09574,339.96,0.43,0.38,2026-09-19,1026,N,nominal,2.0NRT,306.19,4.05,D,VIIRS,4,Savannas & Grasslands
-18.27804,47.57186,333.93,0.45,0.39,2026-09-19,1026,N,nominal,2.0NRT,304.59,2.4,D,VIIRS,4,Savannas & Grasslands
-18.57746,45.11384,334.66,0.4,0.44,2026-09-19,1026,N,low,2.0NRT,309.66,5.65,D,VIIRS,4,Savannas & Grasslands
-18.61963,44.59324,331.96,0.43,0.46,2026-09-19,1026,N,low,2.0NRT,303.44,3.28,D,VIIRS,4,Savannas & Grasslands
-18.41792,46.15371,338.36,0.53,0.42,2026-09-19,1026,N,low,2.0NRT,309.75,4.33,D,VIIRS,4,Savannas & Grasslands
-18.54722,45.08626,347.57,0.4,0.45,2026-09-19,1026,N,nominal,2.0NRT,305.09,7.67,D,VIIRS,4,Savannas & Grasslands
-18.55288,45.03978,330.99,0.41,0.45,2026-09-19,1026,N,low,2.0NRT,305.4,1.6,D,VIIRS,4,Savannas & Grasslands
-18.23473,47.45989,334.57,0.45,0.39,2026-09-19,1026,N,low,2.0NRT,308.41,2.44,D,VIIRS,4,Savannas & Grasslands
-18.31414,46.83553,349.33,0.48,0.4,2026-09-19,1026,N,nominal,2.0NRT,314.06,9.75,D,VIIRS,4,Savannas & Grasslands
-18.41858,45.9929,348.59,0.54,0.42,2026-09-19,1026,N,nominal,2.0NRT,305.1,7.32,D,VIIRS,4,Savannas & Grasslands
-18.31276,46.8331,340.35,0.48,0.4,2026-09-19,1026,N,low,2.0NRT,312.18,7.56,D,VIIRS,4,Savannas & Grasslands
-18.41787,45.99641,333.15,0.54,0.42,2026-09-19,1026,N,nominal,2.0NRT,302.95,4.5,D,VIIRS,4,Savannas & Grasslands
-18.41855,45.99128,336.2,0.54,0.42,2026-09-19,1026,N,nominal,2.0NRT,303.89,4.5,D,VIIRS,4,Savannas & Grasslands
-18.40288,46.0197,347.97,0.53,0.42,2026-09-19,1026,N,nominal,2.0NRT,305.98,8.18,D,VIIRS,4,Savannas & Grasslands
-18.40354,46.01466,336.73,0.53,0.42,2026-09-19,1026,N,low,2.0NRT,307.37,5.49,D,VIIRS,4,Savannas & Grasslands
-18.51495,45.15742,332.67,0.4,0.44,2026-09-19,1026,N,low,2.0NRT,307.31,2.8,D,VIIRS,4,Savannas & Grasslands
-18.13162,47.97636,338.56,0.43,0.38,2026-09-19,1026,N,nominal,2.0NRT,303.22,1.96,D,VIIRS,4,Savannas & Grasslands
-18.50166,45.22873,343.44,0.4,0.44,2026-09-19,1026,N,nominal,2.0NRT,305.86,9.49,D,VIIRS,4,Savannas & Grasslands
-18.12811,47.97581,341.83,0.43,0.38,2026-09-19,1026,N,nominal,2.0NRT,308.04,5.58,D,VIIRS,4,Savannas & Grasslands
-18.38997,45.99712,333.44,0.54,0.42,2026-09-19,1026,N,low,2.0NRT,307.27,3.14,D,VIIRS,4,Savannas & Grasslands
-18.49129,45.21194,344.52,0.4,0.44,2026-09-19,1026,N,nominal,2.0NRT,305.88,2.88,D,VIIRS,4,Savannas & Grasslands
-18.51949,44.98893,343.96,0.41,0.45,2026-09-19,1026,N,nominal,2.0NRT,307.75,4.5,D,VIIRS,4,Savannas & Grasslands
-18.56681,44.61015,342.55,0.43,0.46,2026-09-19,1026,N,nominal,2.0NRT,306.11,4.86,D,VIIRS,4,Savannas & Grasslands
-18.5673,44.60615,336.91,0.43,0.46,2026-09-19,1026,N,low,2.0NRT,307.7,4.86,D,VIIRS,4,Savannas & Grasslands
-18.5168,44.97663,331.86,0.41,0.45,2026-09-19,1026,N,low,2.0NRT,305.58,1.89,D,VIIRS,4,Savannas & Grasslands
-18.61142,44.17436,340.6,0.46,0.47,2026-09-19,1026,N,nominal,2.0NRT,299.68,11.61,D,VIIRS,4,Savannas & Grasslands
-18.60702,44.17384,340.25,0.46,0.47,2026-09-19,1026,N,nominal,2.0NRT,298.15,11.61,D,VIIRS,4,Savannas & Grasslands
-18.60756,44.1694,335.53,0.46,0.47,2026-09-19,1026,N,nominal,2.0NRT,296.85,20.67,D,VIIRS,4,Savannas & Grasslands
-18.25925,46.86498,339.01,0.48,0.4,2026-09-19,1026,N,low,2.0NRT,312.01,3.31,D,VIIRS,4,Savannas & Grasslands
-18.54933,44.61132,330.54,0.43,0.46,2026-09-19,1026,N,low,2.0NRT,304.57,0.85,D,VIIRS,4,Savannas & Grasslands
-18.0712,48.17653,334.87,0.42,0.38,2026-09-19,1026,N,nominal,2.0NRT,305.73,2.56,D,VIIRS,4,Savannas & Grasslands
-18.09318,47.99471,332.47,0.43,0.38,2026-09-19,1026,N,low,2.0NRT,305.34,2.69,D,VIIRS,4,Savannas & Grasslands
-18.09372,47.99082,333.91,0.43,0.38,2026-09-19,1026,N,low,2.0NRT,307.02,2.69,D,VIIRS,4,Savannas & Grasslands
-18.0913,47.9825,342.39,0.43,0.38,2026-09-19,1026,N,nominal,2.0NRT,303.65,7.58,D,VIIRS,4,Savannas & Grasslands
-18.53427,44.5926,349.06,0.43,0.46,2026-09-19,1026,N,nominal,2.0NRT,310.89,17.19,D,VIIRS,4,Savannas & Grasslands
-18.23341,46.91691,340.02,0.48,0.4,2026-09-19,1026,N,nominal,2.0NRT,311.02,3.1,D,VIIRS,4,Savannas & Grasslands
-18.49027,44.91712,336.01,0.41,0.45,2026-09-19,1026,N,nominal,2.0NRT,305.42,6.86,D,VIIRS,4,Savannas & Grasslands
-18.49076,44.9132,344.35,0.41,0.45,2026-09-19,1026,N,nominal,2.0NRT,308.4,6.54,D,VIIRS,4,Savannas & Grasslands
-18.52952,44.59591,351.33,0.43,0.46,2026-09-19,1026,N,nominal,2.0NRT,306.08,17.19,D,VIIRS,4,Savannas & Grasslands
-18.53001,44.59192,348.03,0.43,0.46,2026-09-19,1026,N,nominal,2.0NRT,308.96,17.19,D,VIIRS,4,Savannas & Grasslands
-18.48658,44.91264,344.53,0.41,0.45,2026-09-19,1026,N,nominal,2.0NRT,305.27,5.65,D,VIIRS,4,Savannas & Grasslands
-18.52526,44.59527,346.67,0.43,0.46,2026-09-19,1026,N,nominal,2.0NRT,306.29,7.1,D,VIIRS,4,Savannas & Grasslands
-18.52575,44.59126,349.03,0.43,0.46,2026-09-19,1026,N,nominal,2.0NRT,304.81,7.1,D,VIIRS,4,Savannas & Grasslands
-18.0549,48.16585,335.09,0.42,0.38,2026-09-19,1026,N,low,2.0NRT,305.82,4.93,D,VIIRS,4,Savannas & Grasslands
-18.26459,46.6251,334.44,0.5,0.41,2026-09-19,1026,N,low,2.0NRT,309.14,2.37,D,VIIRS,4,Savannas & Grasslands
-18.3891,45.59705,345.22,0.56,0.43,2026-09-19,1026,N,nominal,2.0NRT,306.94,5.15,D,VIIRS,4,Savannas & Grasslands
-18.33609,45.98379,334.58,0.54,0.42,2026-09-19,1026,N,nominal,2.0NRT,304.66,2.11,D,VIIRS,4,Savannas & Grasslands
-18.50363,44.55848,330.89,0.44,0.46,2026-09-19,1026,N,low,2.0NRT,303.85,1.84,D,VIIRS,4,Savannas & Grasslands
-18.35776,45.71762,338.99,0.56,0.43,2026-09-19,1026,N,nominal,2.0NRT,306.66,8.59,D,VIIRS,4,Savannas & Grasslands
-18.40642,45.32604,335.09,0.39,0.44,2026-09-19,1026,N,nominal,2.0NRT,302.66,15.35,D,VIIRS,4,Savannas & Grasslands
-18.45495,44.92832,351.21,0.41,0.45,2026-09-19,1026,N,nominal,2.0NRT,304.77,6.68,D,VIIRS,4,Savannas & Grasslands
-18.48347,44.61865,335.85,0.43,0.46,2026-09-19,1026,N,low,2.0NRT,309.29,5.99,D,VIIRS,4,Savannas & Grasslands
-18.50727,44.41693,338.85,0.44,0.46,2026-09-19,1026,N,nominal,2.0NRT,300.51,4.4,D,VIIRS,4,Savannas & Grasslands
-18.02687,48.137,336.39,0.42,0.38,2026-09-19,1026,N,nominal,2.0NRT,304.2,6.88,D,VIIRS,4,Savannas & Grasslands
-18.02338,48.13646,350.3,0.42,0.38,2026-09-19,1026,N,nominal,2.0NRT,307.28,6.88,D,VIIRS,4,Savannas & Grasslands
-18.02615,48.13741,340.85,0.42,0.38,2026-09-19,1026,N,nominal,2.0NRT,307.16,6.51,D,VIIRS,4,Savannas & Grasslands
-18.02267,48.13686,345.06,0.42,0.38,2026-09-19,1026,N,nominal,2.0NRT,305.05,6.51,D,VIIRS,4,Savannas & Grasslands
-18.45426,44.92871,338.87,0.41,0.45,2026-09-19,1026,N,nominal,2.0NRT,304.21,2.34,D,VIIRS,4,Savannas & Grasslands
-18.08161,47.64486,337.66,0.44,0.39,2026-09-19,1026,N,nominal,2.0NRT,307.39,3.79,D,VIIRS,4,Savannas & Grasslands
-18.48495,44.61972,333.85,0.43,0.46,2026-09-19,1026,N,low,2.0NRT,308.27,3.35,D,VIIRS,4,Savannas & Grasslands
-18.48069,44.61916,333.2,0.43,0.46,2026-09-19,1026,N,low,2.0NRT,307.66,3.35,D,VIIRS,4,Savannas & Grasslands
-18.5059,44.41789,335.94,0.44,0.46,2026-09-19,1026,N,nominal,2.0NRT,301.13,2.3,D,VIIRS,4,Savannas & Grasslands
-18.50643,44.41364,334.9,0.44,0.46,2026-09-19,1026,N,nominal,2.0NRT,302.97,2.59,D,VIIRS,4,Savannas & Grasslands
-18.50696,44.4094,340.75,0.44,0.46,2026-09-19,1026,N,nominal,2.0NRT,304.11,2.59,D,VIIRS,4,Savannas & Grasslands
-18.30281,45.9666,340.34,0.54,0.42,2026-09-19,1026,N,nominal,2.0NRT,304.62,7.24,D,VIIRS,4,Savannas & Grasslands
-18.30346,45.96165,334.98,0.54,0.42,2026-09-19,1026,N,nominal,2.0NRT,304.91,5.27,D,VIIRS,4,Savannas & Grasslands
-18.31634,45.86398,337.64,0.54,0.42,2026-09-19,1026,N,low,2.0NRT,308.54,4.87,D,VIIRS,4,Savannas & Grasslands
-18.47713,44.54353,337.98,0.44,0.46,2026-09-19,1026,N,nominal,2.0NRT,306.34,3.33,D,VIIRS,4,Savannas & Grasslands
-18.00104,48.08839,337.99,0.43,0.38,2026-09-19,1026,N,low,2.0NRT,310.62,7.78,D,VIIRS,4,Savannas & Grasslands
-18.00161,48.08435,343.73,0.43,0.38,2026-09-19,1026,N,nominal,2.0NRT,306.09,7.78,D,VIIRS,4,Savannas & Grasslands
-18.47285,44.54306,334.2,0.44,0.46,2026-09-19,1026,N,low,2.0NRT,305.77,3.33,D,VIIRS,4,Savannas & Grasslands
-18.37923,45.15442,339.13,0.4,0.44,2026-09-19,1026,N,nominal,2.0NRT,307.18,5.81,D,VIIRS,4,Savannas & Grasslands
-18.44736,44.57354,331.01,0.43,0.46,2026-09-19,1026,N,low,2.0NRT,304.96,2.76,D,VIIRS,4,Savannas & Grasslands
-18.45241,44.53236,334.95,0.44,0.46,2026-09-19,1026,N,low,2.0NRT,308.95,6.25,D,VIIRS,4,Savannas & Grasslands
-18.37314,45.10299,339.15,0.4,0.44,2026-09-19,1026,N,nominal,2.0NRT,306.79,2.92,D,VIIRS,4,Savannas & Grasslands
-17.95823,48.13903,340.53,0.42,0.38,2026-09-19,1026,N,nominal,2.0NRT,308.4,6.14,D,VIIRS,4,Savannas & Grasslands
-18.45656,44.16908,343.11,0.46,0.47,2026-09-19,1026,N,nominal,2.0NRT,303.28,13.02,D,VIIRS,4,Savannas & Grasslands
-18.37536,44.81053,342.85,0.42,0.45,2026-09-19,1026,N,nominal,2.0NRT,302.8,5.24,D,VIIRS,4,Savannas & Grasslands
-18.23915,45.84235,337.43,0.54,0.42,2026-09-19,1026,N,nominal,2.0NRT,307.35,4.57,D,VIIRS,4,Savannas & Grasslands
-18.24707,45.77966,343.76,0.55,0.43,2026-09-19,1026,N,nominal,2.0NRT,308.2,8.41,D,VIIRS,4,Savannas & Grasslands
-17.94656,48.01823,331.64,0.43,0.38,2026-09-19,1026,N,low,2.0NRT,304.87,0.85,D,VIIRS,4,Savannas & Grasslands
-18.35629,44.82714,350.22,0.42,0.45,2026-09-19,1026,N,nominal,2.0NRT,303.39,7.31,D,VIIRS,4,Savannas & Grasslands
-18.2163,45.89679,335.88,0.54,0.42,2026-09-19,1026,N,low,2.0NRT,305.98,5.93,D,VIIRS,4,Savannas & Grasslands
-18.18473,46.11506,334.38,0.53,0.42,2026-09-19,1026,N,nominal,2.0NRT,306.11,2.25,D,VIIRS,4,Savannas & Grasslands
-18.21173,45.9014,336.47,0.54,0.42,2026-09-19,1026,N,nominal,2.0NRT,305.99,8.2,D,VIIRS,4,Savannas & Grasslands
-17.93974,47.93553,336.63,0.43,0.38,2026-09-19,1026,N,nominal,2.0NRT,304.44,4.23,D,VIIRS,4,Savannas & Grasslands
-18.21601,45.89951,339.85,0.54,0.42,2026-09-19,1026,N,nominal,2.0NRT,304.21,5.79,D,VIIRS,4,Savannas & Grasslands
-18.35558,44.82744,347.14,0.42,0.45,2026-09-19,1026,N,nominal,2.0NRT,303.07,5.79,D,VIIRS,4,Savannas & Grasslands
-17.99203,47.5139,335.97,0.45,0.39,2026-09-19,1026,N,nominal,2.0NRT,308.64,1.8,D,VIIRS,4,Savannas & Grasslands
-18.2121,45.89893,346.95,0.54,0.42,2026-09-19,1026,N,nominal,2.0NRT,306.17,8.02,D,VIIRS,4,Savannas & Grasslands
-17.8271,48.62155,332.77,0.41,0.37,2026-09-19,1026,N,nominal,2.0NRT,296.01,2.6,D,VIIRS,4,Savannas & Grasslands
-18.20847,45.83564,345.04,0.54,0.42,2026-09-19,1026,N,nominal,2.0NRT,308.5,20.84,D,VIIRS,4,Savannas & Grasslands
-18.33829,44.82926,354.93,0.42,0.45,2026-09-19,1026,N,nominal,2.0NRT,303.2,7.61,D,VIIRS,4,Savannas & Grasslands
-18.0337,47.10698,341.59,0.47,0.39,2026-09-19,1026,N,nominal,2.0NRT,307.98,6.78,D,VIIRS,4,Savannas & Grasslands
-18.14073,46.3171,335.54,0.51,0.41,2026-09-19,1026,N,low,2.0NRT,308.29,6.71,D,VIIRS,4,Savannas & Grasslands
-18.14139,46.3122,333.24,0.51,0.41,2026-09-19,1026,N,low,2.0NRT,307.11,6.71,D,VIIRS,4,Savannas & Grasslands
-17.94728,47.57315,335.52,0.44,0.39,2026-09-19,1026,N,low,2.0NRT,309.73,3.57,D,VIIRS,4,Savannas & Grasslands
-17.88501,47.99317,338.94,0.43,0.38,2026-09-19,1026,N,nominal,2.0NRT,307.73,2.11,D,VIIRS,4,Savannas & Grasslands
-17.88151,47.99261,335.07,0.43,0.38,2026-09-19,1026,N,nominal,2.0NRT,304.72,3.01,D,VIIRS,4,Savannas & Grasslands
-18.05268,46.68884,344.71,0.49,0.4,2026-09-19,1026,N,nominal,2.0NRT,309.46,5.53,D,VIIRS,4,Savannas & Grasslands
-18.18209,45.667,333.32,0.56,0.43,2026-09-19,1026,N,nominal,2.0NRT,303.12,5.66,D,VIIRS,4,Savannas & Grasslands
-18.37594,44.09676,341.9,0.46,0.47,2026-09-19,1026,N,nominal,2.0NRT,301.42,2.77,D,VIIRS,4,Savannas & Grasslands
-18.242,45.15956,339.37,0.4,0.44,2026-09-19,1026,N,nominal,2.0NRT,305.74,2.84,D,VIIRS,4,Savannas & Grasslands
-18.31947,44.49377,332.91,0.44,0.46,2026-09-19,1026,N,low,2.0NRT,307.58,2.53,D,VIIRS,4,Savannas & Grasslands
-17.85462,47.98018,340.69,0.43,0.38,2026-09-19,1026,N,nominal,2.0NRT,308.12,7.9,D,VIIRS,4,Savannas & Grasslands
-18.33883,44.22178,340.95,0.45,0.47,2026-09-19,1026,N,nominal,2.0NRT,300.97,3.25,D,VIIRS,4,Savannas & Grasslands
-17.83653,48.08417,345.94,0.42,0.38,2026-09-19,1026,N,nominal,2.0NRT,302.73,7.29,D,VIIRS,4,Savannas & Grasslands
-17.83304,48.08361,335.47,0.42,0.38,2026-09-19,1026,N,nominal,2.0NRT,309.56,38.47,D,VIIRS,4,Savannas & Grasslands
-17.83361,48.07958,333.88,0.42,0.38,2026-09-19,1026,N,nominal,2.0NRT,301.82,4.83,D,VIIRS,4,Savannas & Grasslands
-17.83795,48.02279,333.8,0.43,0.38,2026-09-19,1026,N,nominal,2.0NRT,304.84,1.5,D,VIIRS,4,Savannas & Grasslands
-18.07837,46.22821,335.54,0.52,0.41,2026-09-19,1026,N,low,2.0NRT,305.56,2.74,D,VIIRS,4,Savannas & Grasslands
-17.83445,48.02231,332.64,0.43,0.38,2026-09-19,1026,N,nominal,2.0NRT,304.45,1.51,D,VIIRS,4,Savannas & Grasslands
-18.08981,46.1086,337.55,0.52,0.42,2026-09-19,1026,N,low,2.0NRT,309.53,2.75,D,VIIRS,4,Savannas & Grasslands
-18.30866,44.32759,331.41,0.45,0.47,2026-09-19,1026,N,nominal,2.0NRT,299.59,1.87,D,VIIRS,4,Savannas & Grasslands
-17.89139,47.55571,338.36,0.44,0.39,2026-09-19,1026,N,low,2.0NRT,311.9,6.91,D,VIIRS,4,Savannas & Grasslands
-17.89379,47.55254,335.58,0.44,0.39,2026-09-19,1026,N,low,2.0NRT,309.82,5.38,D,VIIRS,4,Savannas & Grasslands
-18.08934,46.10587,336.84,0.52,0.42,2026-09-19,1026,N,low,2.0NRT,308.64,5.07,D,VIIRS,4,Savannas & Grasslands
-17.842,47.84172,333.58,0.43,0.38,2026-09-19,1026,N,nominal,2.0NRT,304.54,2.87,D,VIIRS,4,Savannas & Grasslands
-17.84255,47.83782,334.56,0.43,0.38,2026-09-19,1026,N,nominal,2.0NRT,304.67,2.87,D,VIIRS,4,Savannas & Grasslands
-18.28961,44.50716,330.95,0.44,0.46,2026-09-19,1026,N,low,2.0NRT,305.45,2.27,D,VIIRS,4,Savannas & Grasslands
-18.30772,44.32841,331.32,0.45,0.47,2026-09-19,1026,N,nominal,2.0NRT,300.35,2.12,D,VIIRS,4,Savannas & Grasslands
-18.12017,45.69362,339.87,0.55,0.43,2026-09-19,1026,N,nominal,2.0NRT,302.94,9.19,D,VIIRS,4,Savannas & Grasslands
-18.26247,44.58478,332.36,0.43,0.46,2026-09-19,1026,N,low,2.0NRT,302.43,4.33,D,VIIRS,4,Savannas & Grasslands
-18.00464,46.47591,336.38,0.5,0.41,2026-09-19,1026,N,low,2.0NRT,311.35,3.58,D,VIIRS,4,Savannas & Grasslands
-18.084,45.87787,338.93,0.54,0.42,2026-09-19,1026,N,nominal,2.0NRT,307.74,8.25,D,VIIRS,4,Savannas & Grasslands
-18.16453,45.25685,350.2,0.39,0.44,2026-09-19,1026,N,nominal,2.0NRT,305.32,7.31,D,VIIRS,4,Savannas & Grasslands
-18.03309,46.20426,331.71,0.52,0.41,2026-09-19,1026,N,low,2.0NRT,306.09,1.64,D,VIIRS,4,Savannas & Grasslands
-18.22137,44.70677,334.6,0.42,0.45,2026-09-19,1026,N,low,2.0NRT,305.19,8.54,D,VIIRS,4,Savannas & Grasslands
-18.28291,44.17101,351.86,0.46,0.47,2026-09-19,1026,N,nominal,2.0NRT,303.86,6.72,D,VIIRS,4,Savannas & Grasslands
-17.92738,46.8525,340.45,0.48,0.4,2026-09-19,1026,N,low,2.0NRT,312.08,3.8,D,VIIRS,4,Savannas & Grasslands
-18.16136,45.05154,353.43,0.4,0.44,2026-09-19,1026,N,nominal,2.0NRT,305.45,7.19,D,VIIRS,4,Savannas & Grasslands
-18.14136,45.11111,340.25,0.4,0.44,2026-09-19,1026,N,nominal,2.0NRT,302.21,3.47,D,VIIRS,4,Savannas & Grasslands
-18.14183,45.10732,331.25,0.4,0.44,2026-09-19,1026,N,low,2.0NRT,303.54,3.47,D,VIIRS,4,Savannas & Grasslands
-18.26088,44.1323,347.1,0.46,0.47,2026-09-19,1026,N,nominal,2.0NRT,303.25,6.12,D,VIIRS,4,Savannas & Grasslands
-18.05226,45.68932,336.1,0.55,0.43,2026-09-19,1026,N,nominal,2.0NRT,304.12,6.59,D,VIIRS,4,Savannas & Grasslands
-18.00451,46.03211,338.63,0.53,0.42,2026-09-19,1026,N,nominal,2.0NRT,308.55,7.14,D,VIIRS,4,Savannas & Grasslands
-18.15279,44.84771,334.88,0.41,0.45,2026-09-19,1026,N,nominal,2.0NRT,303.37,2.35,D,VIIRS,4,Savannas & Grasslands
-17.73059,48.04804,340.15,0.42,0.38,2026-09-19,1026,N,nominal,2.0NRT,304.0,28.2,D,VIIRS,4,Savannas & Grasslands
-17.73115,48.04402,335.44,0.42,0.38,2026-09-19,1026,N,nominal,2.0NRT,304.28,28.2,D,VIIRS,4,Savannas & Grasslands
-18.20534,44.37583,333.29,0.44,0.46,2026-09-19,1026,N,nominal,2.0NRT,302.39,2.2,D,VIIRS,4,Savannas & Grasslands
-17.7271,48.0475,340.28,0.42,0.38,2026-09-19,1026,N,nominal,2.0NRT,302.75,28.2,D,VIIRS,4,Savannas & Grasslands
-18.0065,45.95476,334.67,0.53,0.42,2026-09-19,1026,N,nominal,2.0NRT,304.19,2.38,D,VIIRS,4,Savannas & Grasslands
-18.03441,45.70324,335.82,0.55,0.43,2026-09-19,1026,N,nominal,2.0NRT,305.05,6.53,D,VIIRS,4,Savannas & Grasslands
-18.03045,45.70274,337.26,0.55,0.43,2026-09-19,1026,N,nominal,2.0NRT,304.81,6.53,D,VIIRS,4,Savannas & Grasslands
-17.73727,47.89713,332.74,0.43,0.38,2026-09-19,1026,N,low,2.0NRT,304.61,2.97,D,VIIRS,4,Savannas & Grasslands
-18.0056,45.95728,336.83,0.53,0.42,2026-09-19,1026,N,nominal,2.0NRT,305.14,4.45,D,VIIRS,4,Savannas & Grasslands
-18.03183,45.70056,336.34,0.55,0.43,2026-09-19,1026,N,nominal,2.0NRT,306.76,7.17,D,VIIRS,4,Savannas & Grasslands
-17.76293,47.6117,335.45,0.44,0.38,2026-09-19,1026,N,low,2.0NRT,308.74,27.66,D,VIIRS,4,Savannas & Grasslands
-18.12119,44.92009,349.77,0.41,0.45,2026-09-19,1026,N,nominal,2.0NRT,304.96,6.45,D,VIIRS,4,Savannas & Grasslands
-18.00393,45.75987,331.54,0.55,0.42,2026-09-19,1026,N,nominal,2.0NRT,300.41,2.62,D,VIIRS,4,Savannas & Grasslands
-18.08028,45.14104,343.53,0.4,0.44,2026-09-19,1026,N,nominal,2.0NRT,305.54,4.69,D,VIIRS,4,Savannas & Grasslands
-18.03077,45.49267,330.5,0.57,0.43,2026-09-19,1026,N,low,2.0NRT,304.7,3.87,D,VIIRS,4,Savannas & Grasslands
-18.03146,45.48733,334.12,0.57,0.43,2026-09-19,1026,N,low,2.0NRT,306.88,3.87,D,VIIRS,4,Savannas & Grasslands
-18.1638,44.341,336.81,0.44,0.46,2026-09-19,1026,N,nominal,2.0NRT,304.26,2.34,D,VIIRS,4,Savannas & Grasslands
-18.16433,44.3367,330.59,0.44,0.46,2026-09-19,1026,N,low,2.0NRT,303.74,2.94,D,VIIRS,4,Savannas & Grasslands
-18.14746,44.43803,331.72,0.44,0.46,2026-09-19,1026,N,low,2.0NRT,305.08,1.7,D,VIIRS,4,Savannas & Grasslands
-18.14318,44.43745,335.08,0.44,0.46,2026-09-19,1026,N,nominal,2.0NRT,304.57,2.09,D,VIIRS,4,Savannas & Grasslands
-17.94139,45.96368,338.96,0.53,0.42,2026-09-19,1026,N,nominal,2.0NRT,309.12,6.35,D,VIIRS,4,Savannas & Grasslands
-17.93751,45.96307,338.71,0.53,0.42,2026-09-19,1026,N,nominal,2.0NRT,306.84,6.35,D,VIIRS,4,Savannas & Grasslands
-18.16266,44.16955,331.52,0.46,0.47,2026-09-19,1026,N,low,2.0NRT,302.97,2.28,D,VIIRS,4,Savannas & Grasslands
-18.16319,44.1652,337.19,0.46,0.47,2026-09-19,1026,N,nominal,2.0NRT,303.57,2.28,D,VIIRS,4,Savannas & Grasslands
-18.13464,44.32821,337.24,0.44,0.46,2026-09-19,1026,N,nominal,2.0NRT,306.01,4.03,D,VIIRS,4,Savannas & Grasslands
-18.15218,44.14596,334.07,0.46,0.47,2026-09-19,1026,N,nominal,2.0NRT,301.5,2.32,D,VIIRS,4,Savannas & Grasslands
-18.07735,44.69222,331.33,0.42,0.45,2026-09-19,1026,N,low,2.0NRT,304.37,2.78,D,VIIRS,4,Savannas & Grasslands
-18.05676,44.79082,351.53,0.42,0.45,2026-09-19,1026,N,nominal,2.0NRT,309.6,6.28,D,VIIRS,4,Savannas & Grasslands
-17.67641,47.66037,339.41,0.44,0.38,2026-09-19,1026,N,nominal,2.0NRT,308.99,2.69,D,VIIRS,4,Savannas & Grasslands
-17.69283,47.48736,341.19,0.45,0.39,2026-09-19,1026,N,nominal,2.0NRT,310.51,8.24,D,VIIRS,4,Savannas & Grasslands
-17.62219,47.97443,336.68,0.43,0.38,2026-09-19,1026,N,nominal,2.0NRT,310.18,8.71,D,VIIRS,4,Savannas & Grasslands
-17.62276,47.97039,347.36,0.43,0.38,2026-09-19,1026,N,nominal,2.0NRT,307.34,8.71,D,VIIRS,4,Savannas & Grasslands
-17.6187,47.97388,334.87,0.43,0.38,2026-09-19,1026,N,nominal,2.0NRT,304.95,26.47,D,VIIRS,4,Savannas & Grasslands
-17.61926,47.96985,352.85,0.43,0.38,2026-09-19,1026,N,nominal,2.0NRT,319.06,26.47,D,VIIRS,4,Savannas & Grasslands
-17.61982,47.96583,332.62,0.43,0.38,2026-09-19,1026,N,nominal,2.0NRT,307.27,9.8,D,VIIRS,4,Savannas & Grasslands
-17.5543,48.40806,333.84,0.41,0.37,2026-09-19,1026,N,nominal,2.0NRT,299.54,136.4,D,VIIRS,4,Savannas & Grasslands
-17.94888,45.43069,331.49,0.57,0.43,2026-09-19,1026,N,low,2.0NRT,305.02,2.09,D,VIIRS,4,Savannas & Grasslands
-17.61884,47.97078,367.0,0.43,0.38,2026-09-19,1026,N,high,2.0NRT,308.06,33.35,D,VIIRS,4,Savannas & Grasslands
-17.55624,48.4051,339.61,0.41,0.37,2026-09-19,1026,N,nominal,2.0NRT,306.28,56.69,D,VIIRS,4,Savannas & Grasslands
-17.55279,48.40457,349.27,0.41,0.37,2026-09-19,1026,N,nominal,2.0NRT,297.71,56.69,D,VIIRS,4,Savannas & Grasslands
-17.80154,46.64235,339.89,0.49,0.4,2026-09-19,1026,N,low,2.0NRT,313.95,4.33,D,VIIRS,4,Savannas & Grasslands
-17.54935,48.40403,343.29,0.41,0.37,2026-09-19,1026,N,nominal,2.0NRT,294.99,5.38,D,VIIRS,4,Savannas & Grasslands
-17.54992,48.40014,336.52,0.41,0.37,2026-09-19,1026,N,nominal,2.0NRT,294.36,30.71,D,VIIRS,4,Savannas & Grasslands
-17.94677,45.47323,334.6,0.57,0.43,2026-09-19,1026,N,low,2.0NRT,307.95,4.6,D,VIIRS,4,Savannas & Grasslands
-17.77173,46.72149,339.96,0.48,0.4,2026-09-19,1026,N,low,2.0NRT,311.38,8.68,D,VIIRS,4,Savannas & Grasslands
-18.11378,44.09851,334.96,0.46,0.47,2026-09-19,1026,N,nominal,2.0NRT,304.27,7.93,D,VIIRS,4,Savannas & Grasslands
-18.11433,44.0941,345.13,0.46,0.47,2026-09-19,1026,N,nominal,2.0NRT,305.72,12.57,D,VIIRS,4,Savannas & Grasslands
-17.88896,45.8203,336.81,0.54,0.42,2026-09-19,1026,N,nominal,2.0NRT,297.89,4.85,D,VIIRS,4,Savannas & Grasslands
-17.88506,45.81965,332.4,0.54,0.42,2026-09-19,1026,N,nominal,2.0NRT,297.71,3.94,D,VIIRS,4,Savannas & Grasslands
-17.83863,46.11064,338.93,0.52,0.42,2026-09-19,1026,N,nominal,2.0NRT,303.34,5.75,D,VIIRS,4,Savannas & Grasslands
-17.87467,45.80763,334.86,0.54,0.42,2026-09-19,1026,N,nominal,2.0NRT,297.28,4.26,D,VIIRS,4,Savannas & Grasslands
-17.93376,45.28913,340.69,0.39,0.44,2026-09-19,1026,N,nominal,2.0NRT,307.07,3.37,D,VIIRS,4,Savannas & Grasslands
-18.00855,44.66377,337.97,0.42,0.45,2026-09-19,1026,N,nominal,2.0NRT,306.55,3.65,D,VIIRS,4,Savannas & Grasslands
-18.06805,44.18138,340.0,0.45,0.47,2026-09-19,1026,N,nominal,2.0NRT,304.38,4.22,D,VIIRS,4,Savannas & Grasslands
-17.83195,46.01242,340.05,0.53,0.42,2026-09-19,1026,N,nominal,2.0NRT,308.62,6.98,D,VIIRS,4,Savannas & Grasslands
-17.87586,45.67559,333.74,0.55,0.43,2026-09-19,1026,N,low,2.0NRT,306.37,5.8,D,VIIRS,4,Savannas & Grasslands
-17.82808,46.01189,342.45,0.53,0.42,2026-09-19,1026,N,nominal,2.0NRT,307.39,13.82,D,VIIRS,4,Savannas & Grasslands
-17.82874,46.00685,348.4,0.53,0.42,2026-09-19,1026,N,nominal,2.0NRT,308.87,7.53,D,VIIRS,4,Savannas & Grasslands
-18.03165,44.40689,335.91,0.44,0.46,2026-09-19,1026,N,nominal,2.0NRT,304.59,2.47,D,VIIRS,4,Savannas & Grasslands
-17.59492,47.70819,335.95,0.44,0.38,2026-09-19,1026,N,low,2.0NRT,306.64,2.18,D,VIIRS,4,Savannas & Grasslands
-17.82487,46.0063,334.87,0.53,0.42,2026-09-19,1026,N,low,2.0NRT,308.66,7.53,D,VIIRS,4,Savannas & Grasslands
-18.02738,44.40623,331.39,0.44,0.46,2026-09-19,1026,N,low,2.0NRT,306.03,2.47,D,VIIRS,4,Savannas & Grasslands
-17.59139,47.70766,337.21,0.44,0.38,2026-09-19,1026,N,low,2.0NRT,307.31,2.62,D,VIIRS,4,Savannas & Grasslands
-17.71677,46.76415,337.22,0.48,0.4,2026-09-19,1026,N,low,2.0NRT,310.0,7.25,D,VIIRS,4,Savannas & Grasslands
-17.92468,45.13203,336.33,0.4,0.44,2026-09-19,1026,N,nominal,2.0NRT,302.7,3.2,D,VIIRS,4,Savannas & Grasslands
-17.53132,48.05981,333.1,0.42,0.38,2026-09-19,1026,N,low,2.0NRT,304.23,4.85,D,VIIRS,4,Savannas & Grasslands
-17.62331,47.34447,335.84,0.45,0.39,2026-09-19,1026,N,low,2.0NRT,310.68,2.52,D,VIIRS,4,Savannas & Grasslands
-17.74749,46.41826,338.39,0.5,0.41,2026-09-19,1026,N,nominal,2.0NRT,309.83,3.09,D,VIIRS,4,Savannas & Grasslands
-17.85985,45.54852,337.01,0.56,0.43,2026-09-19,1026,N,low,2.0NRT,308.54,3.29,D,VIIRS,4,Savannas & Grasslands
-17.61974,47.34375,348.66,0.45,0.39,2026-09-19,1026,N,nominal,2.0NRT,313.61,14.08,D,VIIRS,4,Savannas & Grasslands
-17.58487,47.57175,337.39,0.44,0.38,2026-09-19,1026,N,nominal,2.0NRT,305.86,7.42,D,VIIRS,4,Savannas & Grasslands
-17.61677,47.33863,339.92,0.45,0.39,2026-09-19,1026,N,low,2.0NRT,310.11,5.37,D,VIIRS,4,Savannas & Grasslands
-17.58073,47.57542,346.26,0.44,0.38,2026-09-19,1026,N,nominal,2.0NRT,308.7,15.69,D,VIIRS,4,Savannas & Grasslands
-17.67705,46.72176,336.59,0.48,0.4,2026-09-19,1026,N,low,2.0NRT,308.51,3.64,D,VIIRS,4,Savannas & Grasslands
-17.49353,48.06637,333.79,0.42,0.38,2026-09-19,1026,N,low,2.0NRT,304.54,3.79,D,VIIRS,4,Savannas & Grasslands
-17.67943,46.71894,344.93,0.48,0.4,2026-09-19,1026,N,nominal,2.0NRT,307.73,3.23,D,VIIRS,4,Savannas & Grasslands
-17.43056,48.42938,331.92,0.41,0.37,2026-09-19,1026,N,nominal,2.0NRT,299.83,2.46,D,VIIRS,4,Savannas & Grasslands
-17.89292,45.06194,330.82,0.4,0.44,2026-09-19,1026,N,low,2.0NRT,304.19,2.01,D,VIIRS,4,Savannas & Grasslands
-17.89341,45.05815,330.44,0.4,0.44,2026-09-19,1026,N,low,2.0NRT,304.14,2.01,D,VIIRS,4,Savannas & Grasslands
-17.62309,47.04539,352.44,0.46,0.39,2026-09-19,1026,N,nominal,2.0NRT,312.46,17.74,D,VIIRS,4,Savannas & Grasslands
-17.62368,47.04113,344.49,0.47,0.39,2026-09-19,1026,N,nominal,2.0NRT,310.2,10.76,D,VIIRS,4,Savannas & Grasslands
-17.83347,45.45504,341.83,0.57,0.43,2026-09-19,1026,N,nominal,2.0NRT,309.5,7.43,D,VIIRS,4,Savannas & Grasslands
-17.52448,47.69826,341.81,0.44,0.38,2026-09-19,1026,N,nominal,2.0NRT,308.28,2.4,D,VIIRS,4,Savannas & Grasslands
-17.52094,47.69772,351.52,0.44,0.38,2026-09-19,1026,N,nominal,2.0NRT,311.67,9.18,D,VIIRS,4,Savannas & Grasslands
-17.5174,47.69721,351.79,0.44,0.38,2026-09-19,1026,N,nominal,2.0NRT,310.35,9.18,D,VIIRS,4,Savannas & Grasslands
-17.57978,47.25107,339.68,0.45,0.39,2026-09-19,1026,N,nominal,2.0NRT,312.48,2.69,D,VIIRS,4,Savannas & Grasslands
-17.65969,46.66933,334.64,0.48,0.4,2026-09-19,1026,N,low,2.0NRT,308.69,2.72,D,VIIRS,4,Savannas & Grasslands
-17.97401,44.21838,332.19,0.45,0.47,2026-09-19,1026,N,low,2.0NRT,303.16,3.4,D,VIIRS,4,Savannas & Grasslands
-17.59209,47.10847,342.4,0.46,0.39,2026-09-19,1026,N,nominal,2.0NRT,311.34,22.11,D,VIIRS,4,Savannas & Grasslands
-17.88227,44.84915,332.71,0.41,0.45,2026-09-19,1026,N,low,2.0NRT,307.53,3.34,D,VIIRS,4,Savannas & Grasslands
-17.78156,45.60469,335.31,0.55,0.43,2026-09-19,1026,N,low,2.0NRT,305.89,3.09,D,VIIRS,4,Savannas & Grasslands
-17.94979,44.27198,333.94,0.45,0.47,2026-09-19,1026,N,nominal,2.0NRT,300.26,3.05,D,VIIRS,4,Savannas & Grasslands
-17.46632,47.90672,332.48,0.43,0.38,2026-09-19,1026,N,low,2.0NRT,305.37,4.69,D,VIIRS,4,Savannas & Grasslands
-17.77691,45.60938,334.02,0.55,0.43,2026-09-19,1026,N,low,2.0NRT,307.06,2.29,D,VIIRS,4,Savannas & Grasslands
-17.93555,44.35213,355.35,0.44,0.46,2026-09-19,1026,N,nominal,2.0NRT,307.66,7.49,D,VIIRS,4,Savannas & Grasslands
-17.93606,44.348,337.61,0.44,0.46,2026-09-19,1026,N,nominal,2.0NRT,305.41,7.49,D,VIIRS,4,Savannas & Grasslands
-17.81,45.32027,337.3,0.38,0.43,2026-09-19,1026,N,low,2.0NRT,308.36,2.46,D,VIIRS,4,Savannas & Grasslands
-17.81939,45.24661,333.56,0.39,0.44,2026-09-19,1026,N,low,2.0NRT,306.17,3.62,D,VIIRS,4,Savannas & Grasslands
-17.93126,44.35152,334.69,0.44,0.46,2026-09-19,1026,N,low,2.0NRT,305.35,4.95,D,VIIRS,4,Savannas & Grasslands
-17.5034,47.59053,343.34,0.44,0.38,2026-09-19,1026,N,nominal,2.0NRT,306.75,10.65,D,VIIRS,4,Savannas & Grasslands
-17.49984,47.59009,336.79,0.44,0.38,2026-09-19,1026,N,nominal,2.0NRT,308.94,2.92,D,VIIRS,4,Savannas & Grasslands
-17.8264,45.12596,347.0,0.39,0.44,2026-09-19,1026,N,nominal,2.0NRT,310.14,18.18,D,VIIRS,4,Savannas & Grasslands
-17.87826,44.71116,334.64,0.42,0.45,2026-09-19,1026,N,low,2.0NRT,305.49,3.81,D,VIIRS,4,Savannas & Grasslands
-17.44501,47.9565,336.43,0.43,0.38,2026-09-19,1026,N,nominal,2.0NRT,305.06,1.44,D,VIIRS,4,Savannas & Grasslands
-17.64428,46.50065,335.68,0.49,0.41,2026-09-19,1026,N,low,2.0NRT,306.99,3.74,D,VIIRS,4,Savannas & Grasslands
-17.87456,44.7066,341.23,0.42,0.45,2026-09-19,1026,N,nominal,2.0NRT,304.04,3.81,D,VIIRS,4,Savannas & Grasslands
-17.58776,46.89423,332.61,0.47,0.4,2026-09-19,1026,N,low,2.0NRT,306.77,3.93,D,VIIRS,4,Savannas & Grasslands
-17.67589,46.23242,337.15,0.51,0.41,2026-09-19,1026,N,nominal,2.0NRT,305.79,3.49,D,VIIRS,4,Savannas & Grasslands
-17.87036,44.70601,343.59,0.42,0.45,2026-09-19,1026,N,nominal,2.0NRT,305.22,9.74,D,VIIRS,4,Savannas & Grasslands
-17.93114,44.20816,344.24,0.45,0.47,2026-09-19,1026,N,nominal,2.0NRT,302.69,6.9,D,VIIRS,4,Savannas & Grasslands
-17.59796,46.76235,334.74,0.48,0.4,2026-09-19,1026,N,low,2.0NRT,308.01,2.02,D,VIIRS,4,Savannas & Grasslands
-17.43481,47.90184,338.99,0.43,0.38,2026-09-19,1026,N,nominal,2.0NRT,309.21,6.46,D,VIIRS,4,Savannas & Grasslands
-17.57673,46.86465,345.55,0.47,0.4,2026-09-19,1026,N,nominal,2.0NRT,314.02,23.02,D,VIIRS,4,Savannas & Grasslands
-17.59722,46.68281,343.07,0.48,0.4,2026-09-19,1026,N,nominal,2.0NRT,311.01,18.89,D,VIIRS,4,Savannas & Grasslands
-17.73277,45.63951,339.65,0.55,0.43,2026-09-19,1026,N,nominal,2.0NRT,306.93,3.86,D,VIIRS,4,Savannas & Grasslands
-17.8398,44.74665,342.6,0.42,0.45,2026-09-19,1026,N,nominal,2.0NRT,305.29,9.87,D,VIIRS,4,Savannas & Grasslands
-17.71536,45.71347,336.68,0.55,0.42,2026-09-19,1026,N,nominal,2.0NRT,306.22,4.61,D,VIIRS,4,Savannas & Grasslands
-17.57027,46.77207,337.76,0.48,0.4,2026-09-19,1026,N,nominal,2.0NRT,307.05,2.75,D,VIIRS,4,Savannas & Grasslands
-17.85199,44.53962,343.63,0.43,0.46,2026-09-19,1026,N,nominal,2.0NRT,303.82,4.55,D,VIIRS,4,Savannas & Grasslands
-17.71681,45.71119,336.63,0.55,0.42,2026-09-19,1026,N,nominal,2.0NRT,305.86,5.42,D,VIIRS,4,Savannas & Grasslands
-17.46151,47.48583,338.74,0.44,0.39,2026-09-19,1026,N,low,2.0NRT,310.46,11.52,D,VIIRS,4,Savannas & Grasslands
-17.58491,46.59862,333.77,0.49,0.4,2026-09-19,1026,N,low,2.0NRT,308.38,2.61,D,VIIRS,4,Savannas & Grasslands
-17.61705,46.36332,334.6,0.5,0.41,2026-09-19,1026,N,low,2.0NRT,307.47,1.2,D,VIIRS,4,Savannas & Grasslands
-17.34823,48.20571,347.48,0.42,0.37,2026-09-19,1026,N,nominal,2.0NRT,304.23,4.58,D,VIIRS,4,Savannas & Grasslands
-17.49846,47.14339,348.66,0.46,0.39,2026-09-19,1026,N,nominal,2.0NRT,310.77,14.53,D,VIIRS,4,Savannas & Grasslands
-17.53022,46.91399,343.13,0.47,0.4,2026-09-19,1026,N,nominal,2.0NRT,310.2,4.91,D,VIIRS,4,Savannas & Grasslands
-17.55058,46.73854,345.17,0.48,0.4,2026-09-19,1026,N,nominal,2.0NRT,312.35,11.14,D,VIIRS,4,Savannas & Grasslands
-17.56631,46.59554,347.12,0.49,0.4,2026-09-19,1026,N,nominal,2.0NRT,310.86,14.73,D,VIIRS,4,Savannas & Grasslands
-17.5956,46.37945,336.96,0.5,0.41,2026-09-19,1026,N,low,2.0NRT,308.88,5.58,D,VIIRS,4,Savannas & Grasslands
-17.70144,45.58463,343.27,0.55,0.43,2026-09-19,1026,N,nominal,2.0NRT,311.1,5.61,D,VIIRS,4,Savannas & Grasslands
-17.389,47.84542,332.66,0.43,0.38,2026-09-19,1026,N,low,2.0NRT,307.12,3.5,D,VIIRS,4,Savannas & Grasslands
-17.38955,47.84147,341.65,0.43,0.38,2026-09-19,1026,N,nominal,2.0NRT,307.58,3.93,D,VIIRS,4,Savannas & Grasslands
-17.38442,47.85245,343.68,0.43,0.38,2026-09-19,1026,N,nominal,2.0NRT,309.15,2.87,D,VIIRS,4,Savannas & Grasslands
-17.7004,45.53073,335.83,0.56,0.43,2026-09-19,1026,N,low,2.0NRT,308.25,5.97,D,VIIRS,4,Savannas & Grasslands
-17.38092,47.85186,337.44,0.43,0.38,2026-09-19,1026,N,low,2.0NRT,307.75,2.87,D,VIIRS,4,Savannas & Grasslands
-17.48257,47.12447,335.41,0.46,0.39,2026-09-19,1026,N,low,2.0NRT,306.85,2.2,D,VIIRS,4,Savannas & Grasslands
-17.65034,45.82138,334.11,0.54,0.42,2026-09-19,1026,N,low,2.0NRT,305.14,3.9,D,VIIRS,4,Savannas & Grasslands
-17.84815,44.26769,349.18,0.44,0.46,2026-09-19,1026,N,nominal,2.0NRT,304.55,6.47,D,VIIRS,4,Savannas & Grasslands
-17.73391,45.14406,331.0,0.39,0.44,2026-09-19,1026,N,nominal,2.0NRT,300.27,3.92,D,VIIRS,4,Savannas & Grasslands
-17.84383,44.26712,346.73,0.44,0.46,2026-09-19,1026,N,nominal,2.0NRT,303.97,3.16,D,VIIRS,4,Savannas & Grasslands
-17.84435,44.26285,332.01,0.44,0.46,2026-09-19,1026,N,low,2.0NRT,303.92,1.28,D,VIIRS,4,Savannas & Grasslands
-17.3508,47.96371,335.18,0.42,0.38,2026-09-19,1026,N,low,2.0NRT,306.1,3.28,D,VIIRS,4,Savannas & Grasslands
-17.5009,46.8821,338.04,0.47,0.4,2026-09-19,1026,N,nominal,2.0NRT,309.59,2.88,D,VIIRS,4,Savannas & Grasslands
-17.83427,44.30911,330.53,0.44,0.46,2026-09-19,1026,N,low,2.0NRT,304.28,3.02,D,VIIRS,4,Savannas & Grasslands
-17.6407,45.77317,349.61,0.54,0.42,2026-09-19,1026,N,nominal,2.0NRT,307.67,11.43,D,VIIRS,4,Savannas & Grasslands
-18.63329,36.36607,335.62,0.73,0.76,2026-09-19,1026,N,nominal,2.0NRT,293.8,6.79,D,VIIRS,4,Savannas & Grasslands
-17.76097,44.79654,342.28,0.41,0.45,2026-09-19,1026,N,nominal,2.0NRT,304.36,11.2,D,VIIRS,4,Savannas & Grasslands
-17.76146,44.7926,335.12,0.41,0.45,2026-09-19,1026,N,low,2.0NRT,305.78,10.36,D,VIIRS,4,Savannas & Grasslands
-17.35175,47.85548,338.88,0.43,0.38,2026-09-19,1026,N,nominal,2.0NRT,310.48,5.46,D,VIIRS,4,Savannas & Grasslands
-17.34475,47.85438,338.48,0.43,0.38,2026-09-19,1026,N,low,2.0NRT,312.03,3.89,D,VIIRS,4,Savannas & Grasslands
-17.49459,46.76196,338.18,0.48,0.4,2026-09-19,1026,N,nominal,2.0NRT,309.32,2.52,D,VIIRS,4,Savannas & Grasslands
-17.8038,44.34382,339.55,0.44,0.46,2026-09-19,1026,N,nominal,2.0NRT,306.01,6.04,D,VIIRS,4,Savannas & Grasslands
-17.34124,47.85384,337.46,0.43,0.38,2026-09-19,1026,N,low,2.0NRT,310.15,5.27,D,VIIRS,4,Savannas & Grasslands
-17.3418,47.84983,342.38,0.43,0.38,2026-09-19,1026,N,nominal,2.0NRT,311.4,6.96,D,VIIRS,4,Savannas & Grasslands
-17.34236,47.84583,350.64,0.43,0.38,2026-09-19,1026,N,nominal,2.0NRT,311.74,6.96,D,VIIRS,4,Savannas & Grasslands
-17.34292,47.84181,337.21,0.43,0.38,2026-09-19,1026,N,low,2.0NRT,308.91,6.47,D,VIIRS,4,Savannas & Grasslands
-17.49089,46.76146,341.32,0.48,0.4,2026-09-19,1026,N,nominal,2.0NRT,309.36,4.76,D,VIIRS,4,Savannas & Grasslands
-17.73508,44.86871,331.52,0.41,0.45,2026-09-19,1026,N,low,2.0NRT,305.32,2.24,D,VIIRS,4,Savannas & Grasslands
-17.74524,44.78664,335.45,0.41,0.45,2026-09-19,1026,N,nominal,2.0NRT,303.88,2.77,D,VIIRS,4,Savannas & Grasslands
-17.33773,47.85329,341.29,0.43,0.38,2026-09-19,1026,N,nominal,2.0NRT,312.09,5.27,D,VIIRS,4,Savannas & Grasslands
-17.33829,47.84929,335.89,0.43,0.38,2026-09-19,1026,N,low,2.0NRT,308.66,6.96,D,VIIRS,4,Savannas & Grasslands
-17.79316,44.35958,343.11,0.44,0.46,2026-09-19,1026,N,nominal,2.0NRT,306.19,4.57,D,VIIRS,4,Savannas & Grasslands
-17.79367,44.35537,339.95,0.44,0.46,2026-09-19,1026,N,nominal,2.0NRT,304.44,4.57,D,VIIRS,4,Savannas & Grasslands
-17.33423,47.85274,347.71,0.43,0.38,2026-09-19,1026,N,nominal,2.0NRT,308.86,4.73,D,VIIRS,4,Savannas & Grasslands
-17.57376,46.07546,336.16,0.52,0.41,2026-09-19,1026,N,low,2.0NRT,306.39,2.99,D,VIIRS,4,Savannas & Grasslands
-17.47917,46.76459,334.62,0.48,0.4,2026-09-19,1026,N,low,2.0NRT,306.66,2.45,D,VIIRS,4,Savannas & Grasslands
-17.73276,44.78465,335.76,0.41,0.45,2026-09-19,1026,N,nominal,2.0NRT,302.29,2.56,D,VIIRS,4,Savannas & Grasslands
-17.79934,44.23549,343.78,0.45,0.47,2026-09-19,1026,N,nominal,2.0NRT,304.28,5.83,D,VIIRS,4,Savannas & Grasslands
-17.45812,46.89383,339.09,0.47,0.4,2026-09-19,1026,N,nominal,2.0NRT,308.95,2.1,D,VIIRS,4,Savannas & Grasslands
-17.55271,46.14737,334.1,0.51,0.41,2026-09-19,1026,N,low,2.0NRT,308.64,2.87,D,VIIRS,4,Savannas & Grasslands
-17.78276,44.26405,337.86,0.44,0.46,2026-09-19,1026,N,nominal,2.0NRT,302.92,5.91,D,VIIRS,4,Savannas & Grasslands
-17.39194,47.30215,332.48,0.45,0.39,2026-09-19,1026,N,low,2.0NRT,307.44,1.12,D,VIIRS,4,Savannas & Grasslands
-17.38834,47.30167,338.39,0.45,0.39,2026-09-19,1026,N,low,2.0NRT,310.15,3.9,D,VIIRS,4,Savannas & Grasslands
-17.46914,46.69797,336.02,0.48,0.4,2026-09-19,1026,N,low,2.0NRT,308.54,1.04,D,VIIRS,4,Savannas & Grasslands
-17.39037,47.30282,339.44,0.45,0.39,2026-09-19,1026,N,nominal,2.0NRT,308.57,2.71,D,VIIRS,4,Savannas & Grasslands
-17.24552,48.24227,333.7,0.41,0.37,2026-09-19,1026,N,nominal,2.0NRT,302.49,4.46,D,VIIRS,4,Savannas & Grasslands
-17.3844,47.24071,338.99,0.45,0.39,2026-09-19,1026,N,low,2.0NRT,312.93,3.61,D,VIIRS,4,Savannas & Grasslands
-17.78082,44.26459,331.15,0.44,0.46,2026-09-19,1026,N,low,2.0NRT,301.76,3.43,D,VIIRS,4,Savannas & Grasslands
-17.78135,44.26036,334.53,0.44,0.46,2026-09-19,1026,N,nominal,2.0NRT,301.41,3.43,D,VIIRS,4,Savannas & Grasslands
-17.37897,47.25324,348.29,0.45,0.39,2026-09-19,1026,N,nominal,2.0NRT,312.56,7.33,D,VIIRS,4,Savannas & Grasslands
-17.3808,47.24018,333.53,0.45,0.39,2026-09-19,1026,N,low,2.0NRT,307.96,3.61,D,VIIRS,4,Savannas & Grasslands
-17.41084,47.02446,337.28,0.46,0.39,2026-09-19,1026,N,low,2.0NRT,310.5,3.46,D,VIIRS,4,Savannas & Grasslands
-17.76376,44.3304,333.59,0.44,0.46,2026-09-19,1026,N,low,2.0NRT,305.0,3.31,D,VIIRS,4,Savannas & Grasslands
-17.76522,44.28397,335.15,0.44,0.46,2026-09-19,1026,N,nominal,2.0NRT,303.91,2.91,D,VIIRS,4,Savannas & Grasslands
-17.23389,48.20045,335.42,0.42,0.37,2026-09-19,1028,N,nominal,2.0NRT,305.2,7.7,D,VIIRS,4,Savannas & Grasslands
-17.24409,48.12944,342.24,0.42,0.38,2026-09-19,1028,N,nominal,2.0NRT,308.76,4.56,D,VIIRS,4,Savannas & Grasslands
-17.4593,46.59013,338.95,0.49,0.4,2026-09-19,1028,N,low,2.0NRT,310.69,3.52,D,VIIRS,4,Savannas & Grasslands
-17.6269,45.33242,335.99,0.57,0.43,2026-09-19,1028,N,low,2.0NRT,307.45,5.12,D,VIIRS,4,Savannas & Grasslands
-17.77104,44.20235,333.8,0.45,0.47,2026-09-19,1028,N,nominal,2.0NRT,302.53,2.79,D,VIIRS,4,Savannas & Grasslands
-17.22987,48.20389,338.64,0.42,0.37,2026-09-19,1028,N,nominal,2.0NRT,304.49,6.29,D,VIIRS,4,Savannas & Grasslands
-17.23043,48.19994,348.9,0.42,0.37,2026-09-19,1028,N,nominal,2.0NRT,307.29,7.7,D,VIIRS,4,Savannas & Grasslands
-17.41163,46.91088,337.17,0.47,0.4,2026-09-19,1028,N,nominal,2.0NRT,310.62,3.38,D,VIIRS,4,Savannas & Grasslands
-17.63843,45.11568,342.35,0.39,0.44,2026-09-19,1028,N,nominal,2.0NRT,304.17,8.66,D,VIIRS,4,Savannas & Grasslands
-17.32286,47.39312,341.15,0.45,0.39,2026-09-19,1028,N,low,2.0NRT,312.49,4.02,D,VIIRS,4,Savannas & Grasslands
-17.60747,45.22843,331.49,0.39,0.44,2026-09-19,1028,N,low,2.0NRT,304.6,3.16,D,VIIRS,4,Savannas & Grasslands
-17.23315,47.98184,340.95,0.42,0.38,2026-09-19,1028,N,nominal,2.0NRT,310.03,2.41,D,VIIRS,4,Savannas & Grasslands
-17.22968,47.9812,345.1,0.42,0.38,2026-09-19,1028,N,nominal,2.0NRT,307.94,10.9,D,VIIRS,4,Savannas & Grasslands
-17.50083,45.99045,338.03,0.52,0.42,2026-09-19,1028,N,nominal,2.0NRT,306.39,3.0,D,VIIRS,4,Savannas & Grasslands
-17.48666,46.03873,340.36,0.52,0.42,2026-09-19,1028,N,nominal,2.0NRT,306.58,5.07,D,VIIRS,4,Savannas & Grasslands
-17.59456,45.20026,335.29,0.39,0.44,2026-09-19,1028,N,low,2.0NRT,308.7,2.51,D,VIIRS,4,Savannas & Grasslands
-18.50133,36.44096,334.63,0.72,0.76,2026-09-19,1028,N,nominal,2.0NRT,294.71,6.6,D,VIIRS,4,Savannas & Grasslands
-17.66907,44.56914,349.64,0.42,0.45,2026-09-19,1028,N,nominal,2.0NRT,306.55,7.76,D,VIIRS,4,Savannas & Grasslands
-17.72673,44.0953,347.87,0.45,0.47,2026-09-19,1028,N,nominal,2.0NRT,300.51,7.49,D,VIIRS,4,Savannas & Grasslands
-17.72184,44.09909,341.73,0.45,0.47,2026-09-19,1028,N,nominal,2.0NRT,301.01,11.95,D,VIIRS,4,Savannas & Grasslands
-17.24935,47.66155,348.39,0.43,0.38,2026-09-19,1028,N,nominal,2.0NRT,313.07,5.74,D,VIIRS,4,Savannas & Grasslands
-17.61808,44.84502,344.98,0.41,0.45,2026-09-19,1028,N,nominal,2.0NRT,303.54,4.87,D,VIIRS,4,Savannas & Grasslands
-17.21309,47.89629,342.27,0.43,0.38,2026-09-19,1028,N,low,2.0NRT,312.62,15.44,D,VIIRS,4,Savannas & Grasslands
-17.24583,47.66099,335.75,0.43,0.38,2026-09-19,1028,N,low,2.0NRT,309.34,3.19,D,VIIRS,4,Savannas & Grasslands
-17.7075,44.07066,343.48,0.46,0.47,2026-09-19,1028,N,nominal,2.0NRT,300.45,3.63,D,VIIRS,4,Savannas & Grasslands
-17.20959,47.89574,338.76,0.43,0.38,2026-09-19,1028,N,low,2.0NRT,310.66,15.44,D,VIIRS,4,Savannas & Grasslands
-17.36404,46.67857,347.7,0.48,0.4,2026-09-19,1028,N,nominal,2.0NRT,311.58,15.31,D,VIIRS,4,Savannas & Grasslands
-17.36618,46.68095,338.14,0.48,0.4,2026-09-19,1028,N,low,2.0NRT,310.08,6.99,D,VIIRS,4,Savannas & Grasslands
-17.36681,46.67637,347.61,0.48,0.4,2026-09-19,1028,N,nominal,2.0NRT,310.81,8.19,D,VIIRS,4,Savannas & Grasslands
-17.36309,46.67591,337.53,0.48,0.4,2026-09-19,1028,N,nominal,2.0NRT,306.07,1.61,D,VIIRS,4,Savannas & Grasslands
-17.70732,44.07258,346.74,0.46,0.47,2026-09-19,1028,N,nominal,2.0NRT,300.26,5.27,D,VIIRS,4,Savannas & Grasslands
-17.6478,44.47253,334.6,0.43,0.46,2026-09-19,1028,N,low,2.0NRT,304.87,2.1,D,VIIRS,4,Savannas & Grasslands
-17.1572,48.06002,335.4,0.42,0.38,2026-09-19,1028,N,low,2.0NRT,308.36,2.98,D,VIIRS,4,Savannas & Grasslands
-17.15373,48.05948,336.39,0.42,0.38,2026-09-19,1028,N,low,2.0NRT,307.3,1.12,D,VIIRS,4,Savannas & Grasslands
-17.28494,47.07842,337.14,0.46,0.39,2026-09-19,1028,N,nominal,2.0NRT,305.83,3.6,D,VIIRS,4,Savannas & Grasslands
-17.62851,44.4198,337.53,0.43,0.46,2026-09-19,1028,N,nominal,2.0NRT,303.2,1.57,D,VIIRS,4,Savannas & Grasslands
