latitude,longitude,brightness,scan,track,acq_date,acq_time,satellite,confidence,version,bright_t31,frp,daynight,source_sensor,fire_class_id,biome_name
-8.82654,33.52508,300.75,2.87,1.62,2026-09-19,52.0,A,33.0,6.1NRT,281.53,31.85,N,MODIS,4,Savannas & Grasslands
-9.42606,34.14828,306.61,2.49,1.52,2026-09-19,52.0,A,60.0,6.1NRT,284.25,34.35,N,MODIS,4,Savannas & Grasslands
-9.44306,34.16798,302.15,2.48,1.52,2026-09-19,52.0,A,22.0,6.1NRT,284.41,24.05,N,MODIS,4,Savannas & Grasslands
-16.58521,35.77323,301.46,1.38,1.16,2026-09-19,54.0,A,41.0,6.1NRT,290.07,8.12,N,MODIS,4,Savannas & Grasslands
-17.67436,30.69832,302.51,3.13,1.68,2026-09-19,54.0,A,50.0,6.1NRT,285.42,40.27,N,MODIS,4,Savannas & Grasslands
-20.11683,29.09931,303.16,3.64,1.79,2026-09-19,54.0,A,54.0,6.1NRT,285.3,46.8,N,MODIS,4,Savannas & Grasslands
-20.12815,29.09188,302.03,3.64,1.79,2026-09-19,54.0,A,46.0,6.1NRT,285.17,45.77,N,MODIS,4,Savannas & Grasslands
-6.6168,14.65804,302.21,1.17,1.08,2026-09-19,228.0,A,47.0,6.1NRT,289.03,7.12,N,MODIS,4,Savannas & Grasslands
-14.84661,18.96225,301.25,1.38,1.16,2026-09-19,230.0,A,39.0,6.1NRT,287.83,8.08,N,MODIS,4,Savannas & Grasslands
-17.32781,20.85374,322.26,2.07,1.4,2026-09-19,232.0,A,100.0,6.1NRT,285.64,62.7,N,MODIS,4,Savannas & Grasslands
-17.01536,18.3796,303.71,1.35,1.15,2026-09-19,232.0,A,57.0,6.1NRT,289.32,9.21,N,MODIS,4,Savannas & Grasslands
-17.01697,18.39196,304.38,1.36,1.15,2026-09-19,232.0,A,60.0,6.1NRT,289.49,9.69,N,MODIS,4,Savannas & Grasslands
-17.33165,20.84822,317.71,2.07,1.4,2026-09-19,232.0,A,96.0,6.1NRT,287.34,49.86,N,MODIS,4,Savannas & Grasslands
-19.34468,17.00775,303.21,1.2,1.09,2026-09-19,232.0,A,54.0,6.1NRT,284.44,10.26,N,MODIS,4,Savannas & Grasslands
-19.44056,17.72859,330.9,1.33,1.14,2026-09-19,232.0,A,100.0,6.1NRT,280.38,49.14,N,MODIS,4,Savannas & Grasslands
-19.45062,17.72736,308.7,1.33,1.14,2026-09-19,232.0,A,75.0,6.1NRT,280.0,17.32,N,MODIS,4,Savannas & Grasslands
-20.22615,15.20702,309.16,1.04,1.02,2026-09-19,232.0,A,77.0,6.1NRT,282.39,12.15,N,MODIS,4,Savannas & Grasslands
-20.22755,15.21669,303.87,1.04,1.02,2026-09-19,232.0,A,9.0,6.1NRT,282.49,7.82,N,MODIS,4,Savannas & Grasslands
-20.23033,15.23587,306.23,1.04,1.02,2026-09-19,232.0,A,33.0,6.1NRT,282.49,9.6,N,MODIS,4,Savannas & Grasslands
-22.45182,45.82482,308.57,2.16,1.43,2026-09-19,457.0,T,60.0,6.1NRT,293.53,17.34,D,MODIS,4,Savannas & Grasslands
-22.45559,45.84517,304.98,2.15,1.43,2026-09-19,457.0,T,42.0,6.1NRT,293.35,10.46,D,MODIS,4,Savannas & Grasslands
-23.93036,46.43971,308.92,1.82,1.32,2026-09-19,457.0,T,60.0,6.1NRT,296.62,11.28,D,MODIS,4,Savannas & Grasslands
-14.63033,48.25969,311.16,2.03,1.39,2026-09-19,453.0,T,61.0,6.1NRT,297.64,14.22,D,MODIS,4,Savannas & Grasslands
-15.7447,48.07677,309.81,2.0,1.38,2026-09-19,453.0,T,60.0,6.1NRT,296.92,13.27,D,MODIS,4,Savannas & Grasslands
-16.00613,47.76184,314.96,2.09,1.41,2026-09-19,453.0,T,70.0,6.1NRT,298.68,20.88,D,MODIS,4,Savannas & Grasslands
-4.90782,28.84347,324.07,1.24,1.11,2026-09-19,629.0,T,81.0,6.1NRT,290.66,23.77,D,MODIS,4,Savannas & Grasslands
-5.71221,33.21438,317.67,1.08,1.04,2026-09-19,629.0,T,71.0,6.1NRT,296.25,10.45,D,MODIS,4,Savannas & Grasslands
-5.71692,31.49379,323.42,1.0,1.0,2026-09-19,629.0,T,80.0,6.1NRT,288.17,17.94,D,MODIS,4,Savannas & Grasslands
-5.71817,31.50257,326.28,1.0,1.0,2026-09-19,629.0,T,82.0,6.1NRT,288.3,21.35,D,MODIS,4,Savannas & Grasslands
-6.24897,32.63879,318.09,1.04,1.02,2026-09-19,629.0,T,70.0,6.1NRT,298.15,8.47,D,MODIS,4,Savannas & Grasslands
-6.25027,32.64796,320.66,1.04,1.02,2026-09-19,629.0,T,74.0,6.1NRT,298.47,11.2,D,MODIS,4,Savannas & Grasslands
-6.01942,30.82666,311.36,1.01,1.01,2026-09-19,629.0,T,64.0,6.1NRT,294.08,5.22,D,MODIS,4,Savannas & Grasslands
-6.12716,29.91771,314.32,1.07,1.03,2026-09-19,629.0,T,69.0,6.1NRT,285.56,12.02,D,MODIS,4,Savannas & Grasslands
-6.41675,31.87338,332.48,1.01,1.0,2026-09-19,629.0,T,85.0,6.1NRT,299.27,24.54,D,MODIS,4,Savannas & Grasslands
-6.2978,30.58685,306.13,1.02,1.01,2026-09-19,629.0,T,23.0,6.1NRT,287.25,2.58,D,MODIS,4,Savannas & Grasslands
-6.51779,32.12534,319.1,1.02,1.01,2026-09-19,629.0,T,51.0,6.1NRT,297.87,10.15,D,MODIS,4,Savannas & Grasslands
-6.61248,30.85035,312.32,1.01,1.0,2026-09-19,629.0,T,50.0,6.1NRT,290.26,5.21,D,MODIS,4,Savannas & Grasslands
-7.10994,34.08211,318.59,1.24,1.1,2026-09-19,629.0,T,55.0,6.1NRT,298.36,11.79,D,MODIS,4,Savannas & Grasslands
-6.20075,25.73598,309.8,1.98,1.37,2026-09-19,629.0,T,41.0,6.1NRT,290.15,13.38,D,MODIS,4,Savannas & Grasslands
-6.20341,25.75324,308.83,1.97,1.37,2026-09-19,629.0,T,40.0,6.1NRT,288.9,11.07,D,MODIS,4,Savannas & Grasslands
-7.19152,31.67416,332.91,1.01,1.0,2026-09-19,629.0,T,85.0,6.1NRT,292.96,25.41,D,MODIS,4,Savannas & Grasslands
-7.17141,31.46968,316.9,1.0,1.0,2026-09-19,629.0,T,45.0,6.1NRT,296.89,8.16,D,MODIS,4,Savannas & Grasslands
-7.43379,33.26423,315.84,1.13,1.06,2026-09-19,629.0,T,67.0,6.1NRT,297.53,8.59,D,MODIS,4,Savannas & Grasslands
-6.95021,29.67959,317.48,1.07,1.03,2026-09-19,629.0,T,72.0,6.1NRT,294.72,10.98,D,MODIS,4,Savannas & Grasslands
-6.96148,29.62996,315.28,1.08,1.04,2026-09-19,629.0,T,72.0,6.1NRT,293.55,11.25,D,MODIS,4,Savannas & Grasslands
-7.03689,29.25885,312.0,1.12,1.05,2026-09-19,629.0,T,63.0,6.1NRT,290.85,9.2,D,MODIS,4,Savannas & Grasslands
-7.21114,30.0745,307.92,1.04,1.02,2026-09-19,629.0,T,55.0,6.1NRT,276.17,7.61,D,MODIS,4,Savannas & Grasslands
-7.09487,28.9589,311.0,1.15,1.07,2026-09-19,629.0,T,66.0,6.1NRT,292.99,8.11,D,MODIS,4,Savannas & Grasslands
-7.23137,29.45537,314.31,1.09,1.04,2026-09-19,629.0,T,71.0,6.1NRT,290.62,9.1,D,MODIS,4,Savannas & Grasslands
-7.50021,29.96995,328.86,1.04,1.02,2026-09-19,629.0,T,85.0,6.1NRT,288.79,26.59,D,MODIS,4,Savannas & Grasslands
-7.50917,29.96873,318.87,1.04,1.02,2026-09-19,629.0,T,77.0,6.1NRT,289.29,15.86,D,MODIS,4,Savannas & Grasslands
-7.51051,29.97803,307.15,1.04,1.02,2026-09-19,629.0,T,43.0,6.1NRT,286.78,5.83,D,MODIS,4,Savannas & Grasslands
-7.54294,29.88176,305.43,1.05,1.02,2026-09-19,629.0,T,52.0,6.1NRT,287.75,5.32,D,MODIS,4,Savannas & Grasslands
-7.65296,30.19943,319.25,1.02,1.01,2026-09-19,629.0,T,60.0,6.1NRT,297.34,10.97,D,MODIS,4,Savannas & Grasslands
-7.54886,28.97463,308.27,1.14,1.06,2026-09-19,629.0,T,51.0,6.1NRT,289.99,6.67,D,MODIS,4,Savannas & Grasslands
-7.5582,28.97325,310.34,1.14,1.06,2026-09-19,629.0,T,62.0,6.1NRT,289.36,8.79,D,MODIS,4,Savannas & Grasslands
-7.77005,30.23514,314.78,1.02,1.01,2026-09-19,629.0,T,52.0,6.1NRT,295.32,7.3,D,MODIS,4,Savannas & Grasslands
-7.78024,30.24284,325.23,1.02,1.01,2026-09-19,629.0,T,82.0,6.1NRT,297.64,16.54,D,MODIS,4,Savannas & Grasslands
-7.87135,30.29679,318.49,1.02,1.01,2026-09-19,629.0,T,57.0,6.1NRT,299.79,10.2,D,MODIS,4,Savannas & Grasslands
-7.29751,26.3544,310.21,1.69,1.28,2026-09-19,629.0,T,60.0,6.1NRT,293.14,10.09,D,MODIS,4,Savannas & Grasslands
-7.90073,29.99813,319.38,1.03,1.02,2026-09-19,629.0,T,76.0,6.1NRT,296.68,12.31,D,MODIS,4,Savannas & Grasslands
-4.36684,34.73958,311.33,1.25,1.11,2026-09-19,629.0,T,55.0,6.1NRT,295.94,6.58,D,MODIS,4,Savannas & Grasslands
-7.91107,29.99951,311.81,1.03,1.02,2026-09-19,629.0,T,63.0,6.1NRT,297.4,5.89,D,MODIS,4,Savannas & Grasslands
-8.40578,32.44061,319.31,1.06,1.03,2026-09-19,629.0,T,65.0,6.1NRT,300.23,10.18,D,MODIS,4,Savannas & Grasslands
-4.02977,30.21363,348.18,1.08,1.04,2026-09-19,629.0,T,95.0,6.1NRT,289.99,60.47,D,MODIS,4,Savannas & Grasslands
-8.06941,29.75834,325.34,1.05,1.02,2026-09-19,629.0,T,80.0,6.1NRT,298.59,18.44,D,MODIS,4,Savannas & Grasslands
-4.03114,30.22309,331.19,1.08,1.04,2026-09-19,629.0,T,84.0,6.1NRT,286.6,28.65,D,MODIS,4,Savannas & Grasslands
-8.07839,29.75704,321.14,1.05,1.02,2026-09-19,629.0,T,76.0,6.1NRT,297.85,13.9,D,MODIS,4,Savannas & Grasslands
-4.03889,30.21235,342.31,1.08,1.04,2026-09-19,629.0,T,92.0,6.1NRT,278.38,48.93,D,MODIS,4,Savannas & Grasslands
-8.19005,30.08546,312.57,1.02,1.01,2026-09-19,629.0,T,45.0,6.1NRT,298.46,4.29,D,MODIS,4,Savannas & Grasslands
-4.04026,30.22181,323.06,1.08,1.04,2026-09-19,629.0,T,79.0,6.1NRT,282.43,19.01,D,MODIS,4,Savannas & Grasslands
-8.58728,32.28896,323.99,1.05,1.02,2026-09-19,629.0,T,78.0,6.1NRT,300.09,13.67,D,MODIS,4,Savannas & Grasslands
-4.1682,30.66101,309.9,1.04,1.02,2026-09-19,629.0,T,46.0,6.1NRT,290.44,4.06,D,MODIS,4,Savannas & Grasslands
-8.59681,32.02617,313.15,1.03,1.02,2026-09-19,629.0,T,61.0,6.1NRT,297.25,5.93,D,MODIS,4,Savannas & Grasslands
-4.45837,32.68819,310.29,1.02,1.01,2026-09-19,629.0,T,44.0,6.1NRT,289.83,4.23,D,MODIS,4,Savannas & Grasslands
-8.51465,31.31445,322.6,1.0,1.0,2026-09-19,629.0,T,75.0,6.1NRT,295.84,16.45,D,MODIS,4,Savannas & Grasslands
-4.5892,33.4188,313.86,1.08,1.04,2026-09-19,629.0,T,60.0,6.1NRT,294.79,7.02,D,MODIS,4,Savannas & Grasslands
-8.55241,31.51731,319.19,1.01,1.0,2026-09-19,629.0,T,71.0,6.1NRT,293.36,12.52,D,MODIS,4,Savannas & Grasslands
-4.59054,33.42823,313.83,1.08,1.04,2026-09-19,629.0,T,60.0,6.1NRT,295.43,7.03,D,MODIS,4,Savannas & Grasslands
-8.10939,27.97694,310.96,1.27,1.12,2026-09-19,629.0,T,66.0,6.1NRT,290.77,7.53,D,MODIS,4,Savannas & Grasslands
-4.20928,30.69242,312.17,1.04,1.02,2026-09-19,629.0,T,65.0,6.1NRT,289.88,7.05,D,MODIS,4,Savannas & Grasslands
-8.78877,32.14684,320.02,1.05,1.02,2026-09-19,629.0,T,73.0,6.1NRT,298.38,12.07,D,MODIS,4,Savannas & Grasslands
-4.54796,32.9986,314.01,1.04,1.02,2026-09-19,629.0,T,60.0,6.1NRT,297.58,5.77,D,MODIS,4,Savannas & Grasslands
-8.78605,31.73757,312.86,1.02,1.01,2026-09-19,629.0,T,55.0,6.1NRT,298.66,5.91,D,MODIS,4,Savannas & Grasslands
-4.73241,34.29665,312.48,1.19,1.09,2026-09-19,629.0,T,53.0,6.1NRT,295.49,7.17,D,MODIS,4,Savannas & Grasslands
-8.43255,28.90399,322.45,1.12,1.06,2026-09-19,629.0,T,79.0,6.1NRT,297.77,14.71,D,MODIS,4,Savannas & Grasslands
-5.10404,34.31854,316.91,1.21,1.09,2026-09-19,629.0,T,71.0,6.1NRT,297.39,10.72,D,MODIS,4,Savannas & Grasslands
-8.71147,30.75407,316.07,1.0,1.0,2026-09-19,629.0,T,61.0,6.1NRT,298.2,8.62,D,MODIS,4,Savannas & Grasslands
-4.74815,31.17055,311.39,1.01,1.0,2026-09-19,629.0,T,65.0,6.1NRT,292.06,5.22,D,MODIS,4,Savannas & Grasslands
-8.72027,30.75287,311.98,1.0,1.0,2026-09-19,629.0,T,31.0,6.1NRT,297.11,5.16,D,MODIS,4,Savannas & Grasslands
-4.74941,31.17939,317.15,1.01,1.0,2026-09-19,629.0,T,74.0,6.1NRT,291.48,10.15,D,MODIS,4,Savannas & Grasslands
-8.88977,31.8188,312.46,1.03,1.01,2026-09-19,629.0,T,55.0,6.1NRT,297.7,4.99,D,MODIS,4,Savannas & Grasslands
-4.75376,30.88219,307.33,1.02,1.01,2026-09-19,629.0,T,57.0,6.1NRT,286.33,4.55,D,MODIS,4,Savannas & Grasslands
-7.74324,23.98897,311.82,2.56,1.54,2026-09-19,629.0,T,63.0,6.1NRT,290.59,26.78,D,MODIS,4,Savannas & Grasslands
-4.76136,30.87199,305.37,1.02,1.01,2026-09-19,629.0,T,43.0,6.1NRT,285.77,3.51,D,MODIS,4,Savannas & Grasslands
-7.73717,23.98286,313.97,2.56,1.54,2026-09-19,629.0,T,67.0,6.1NRT,290.75,35.03,D,MODIS,4,Savannas & Grasslands
-4.999,31.69705,312.95,1.0,1.0,2026-09-19,629.0,T,66.0,6.1NRT,294.26,6.34,D,MODIS,4,Savannas & Grasslands
-5.40234,33.95739,312.76,1.16,1.07,2026-09-19,629.0,T,57.0,6.1NRT,284.47,8.07,D,MODIS,4,Savannas & Grasslands
-9.09011,32.52378,315.92,1.08,1.04,2026-09-19,629.0,T,68.0,6.1NRT,297.41,8.72,D,MODIS,4,Savannas & Grasslands
-5.25209,32.56018,315.7,1.03,1.01,2026-09-19,629.0,T,69.0,6.1NRT,298.03,7.3,D,MODIS,4,Savannas & Grasslands
-9.13134,32.42479,312.94,1.07,1.03,2026-09-19,629.0,T,61.0,6.1NRT,298.25,4.93,D,MODIS,4,Savannas & Grasslands
-5.59132,34.34575,325.4,1.23,1.1,2026-09-19,629.0,T,80.0,6.1NRT,297.07,25.5,D,MODIS,4,Savannas & Grasslands
-5.59279,34.35649,311.81,1.23,1.1,2026-09-19,629.0,T,56.0,6.1NRT,295.03,8.76,D,MODIS,4,Savannas & Grasslands
-9.17401,32.73387,320.52,1.11,1.05,2026-09-19,629.0,T,75.0,6.1NRT,299.65,11.49,D,MODIS,4,Savannas & Grasslands
-4.79657,28.64702,315.36,1.28,1.12,2026-09-19,629.0,T,63.0,6.1NRT,297.24,9.66,D,MODIS,4,Savannas & Grasslands
-9.12852,32.27145,313.29,1.06,1.03,2026-09-19,629.0,T,62.0,6.1NRT,298.63,5.38,D,MODIS,4,Savannas & Grasslands
-8.91314,30.68606,324.67,1.0,1.0,2026-09-19,629.0,T,78.0,6.1NRT,296.97,17.37,D,MODIS,4,Savannas & Grasslands
-9.1975,32.57512,314.6,1.09,1.04,2026-09-19,629.0,T,62.0,6.1NRT,298.83,6.5,D,MODIS,4,Savannas & Grasslands
-9.15599,32.2041,316.5,1.06,1.03,2026-09-19,629.0,T,68.0,6.1NRT,299.31,8.85,D,MODIS,4,Savannas & Grasslands
-9.15087,32.03442,317.57,1.04,1.02,2026-09-19,629.0,T,70.0,6.1NRT,298.57,8.92,D,MODIS,4,Savannas & Grasslands
-9.33226,32.89124,314.93,1.13,1.06,2026-09-19,629.0,T,67.0,6.1NRT,299.37,7.37,D,MODIS,4,Savannas & Grasslands
-8.94612,29.06656,318.15,1.09,1.04,2026-09-19,631.0,T,72.0,6.1NRT,298.29,10.05,D,MODIS,4,Savannas & Grasslands
-9.12269,30.15601,318.22,1.01,1.01,2026-09-19,631.0,T,71.0,6.1NRT,298.8,9.94,D,MODIS,4,Savannas & Grasslands
-9.51669,32.82349,316.23,1.12,1.06,2026-09-19,631.0,T,69.0,6.1NRT,298.99,8.82,D,MODIS,4,Savannas & Grasslands
-9.33195,30.12596,313.69,1.01,1.01,2026-09-19,631.0,T,64.0,6.1NRT,298.01,5.5,D,MODIS,4,Savannas & Grasslands
-9.39875,30.5888,323.6,1.0,1.0,2026-09-19,631.0,T,78.0,6.1NRT,297.81,16.19,D,MODIS,4,Savannas & Grasslands
-9.78793,33.04344,317.61,1.16,1.07,2026-09-19,631.0,T,71.0,6.1NRT,298.51,10.7,D,MODIS,4,Savannas & Grasslands
-9.83986,33.28065,315.1,1.2,1.09,2026-09-19,631.0,T,52.0,6.1NRT,297.49,8.3,D,MODIS,4,Savannas & Grasslands
-9.8445,33.28438,323.77,1.2,1.09,2026-09-19,631.0,T,78.0,6.1NRT,297.47,19.93,D,MODIS,4,Savannas & Grasslands
-8.9528,26.78169,310.94,1.48,1.2,2026-09-19,631.0,T,61.0,6.1NRT,294.29,10.27,D,MODIS,4,Savannas & Grasslands
-9.47682,30.05294,346.23,1.01,1.01,2026-09-19,631.0,T,94.0,6.1NRT,300.75,48.4,D,MODIS,4,Savannas & Grasslands
-9.47811,30.0619,322.38,1.01,1.01,2026-09-19,631.0,T,77.0,6.1NRT,299.79,12.99,D,MODIS,4,Savannas & Grasslands
-9.54197,30.30211,313.58,1.01,1.0,2026-09-19,631.0,T,53.0,6.1NRT,298.4,5.86,D,MODIS,4,Savannas & Grasslands
-9.18245,27.41206,316.83,1.33,1.14,2026-09-19,631.0,T,71.0,6.1NRT,295.5,14.39,D,MODIS,4,Savannas & Grasslands
-9.57286,30.07874,318.94,1.01,1.01,2026-09-19,631.0,T,73.0,6.1NRT,298.66,10.36,D,MODIS,4,Savannas & Grasslands
-9.57415,30.08773,318.12,1.01,1.01,2026-09-19,631.0,T,71.0,6.1NRT,299.03,9.56,D,MODIS,4,Savannas & Grasslands
-9.18098,27.40577,311.41,1.33,1.14,2026-09-19,631.0,T,51.0,6.1NRT,295.42,7.51,D,MODIS,4,Savannas & Grasslands
-9.60448,30.15928,312.96,1.01,1.0,2026-09-19,631.0,T,62.0,6.1NRT,298.51,5.77,D,MODIS,4,Savannas & Grasslands
-9.41638,28.82068,313.29,1.11,1.05,2026-09-19,631.0,T,40.0,6.1NRT,293.87,7.2,D,MODIS,4,Savannas & Grasslands
-9.51362,29.16186,314.91,1.07,1.03,2026-09-19,631.0,T,66.0,6.1NRT,294.59,9.21,D,MODIS,4,Savannas & Grasslands
-9.52133,29.15106,314.82,1.07,1.03,2026-09-19,631.0,T,65.0,6.1NRT,294.27,9.35,D,MODIS,4,Savannas & Grasslands
-9.66566,30.00706,312.66,1.01,1.01,2026-09-19,631.0,T,62.0,6.1NRT,298.33,5.4,D,MODIS,4,Savannas & Grasslands
-9.70721,30.29329,316.28,1.0,1.0,2026-09-19,631.0,T,35.0,6.1NRT,297.51,8.71,D,MODIS,4,Savannas & Grasslands
-9.7085,30.3022,320.04,1.0,1.0,2026-09-19,631.0,T,74.0,6.1NRT,297.12,12.17,D,MODIS,4,Savannas & Grasslands
-9.57662,29.21412,313.96,1.06,1.03,2026-09-19,631.0,T,64.0,6.1NRT,295.54,8.94,D,MODIS,4,Savannas & Grasslands
-10.10396,32.8724,326.89,1.15,1.07,2026-09-19,631.0,T,81.0,6.1NRT,300.54,20.7,D,MODIS,4,Savannas & Grasslands
-10.10535,32.88266,320.95,1.15,1.07,2026-09-19,631.0,T,75.0,6.1NRT,299.95,13.0,D,MODIS,4,Savannas & Grasslands
-10.07175,32.43001,314.97,1.09,1.04,2026-09-19,631.0,T,67.0,6.1NRT,294.96,10.38,D,MODIS,4,Savannas & Grasslands
-9.5226,28.23519,321.17,1.18,1.08,2026-09-19,631.0,T,76.0,6.1NRT,294.55,18.7,D,MODIS,4,Savannas & Grasslands
-9.61896,28.87806,323.9,1.1,1.04,2026-09-19,631.0,T,78.0,6.1NRT,294.14,18.94,D,MODIS,4,Savannas & Grasslands
-9.65755,29.13802,317.87,1.07,1.03,2026-09-19,631.0,T,71.0,6.1NRT,297.9,11.04,D,MODIS,4,Savannas & Grasslands
-9.65896,29.14754,320.95,1.07,1.03,2026-09-19,631.0,T,75.0,6.1NRT,297.6,13.92,D,MODIS,4,Savannas & Grasslands
-9.52427,28.18166,314.57,1.19,1.08,2026-09-19,631.0,T,66.0,6.1NRT,297.53,8.45,D,MODIS,4,Savannas & Grasslands
-9.85622,30.43805,313.79,1.0,1.0,2026-09-19,631.0,T,65.0,6.1NRT,298.41,5.65,D,MODIS,4,Savannas & Grasslands
-9.85749,30.44692,341.39,1.0,1.0,2026-09-19,631.0,T,91.0,6.1NRT,299.11,39.22,D,MODIS,4,Savannas & Grasslands
-9.96366,30.87546,318.97,1.0,1.0,2026-09-19,631.0,T,74.0,6.1NRT,299.78,10.35,D,MODIS,4,Savannas & Grasslands
-9.96493,30.88434,315.71,1.0,1.0,2026-09-19,631.0,T,60.0,6.1NRT,298.68,7.55,D,MODIS,4,Savannas & Grasslands
-10.0838,31.52022,323.66,1.02,1.01,2026-09-19,631.0,T,78.0,6.1NRT,297.33,16.43,D,MODIS,4,Savannas & Grasslands
-10.0927,31.51901,337.23,1.02,1.01,2026-09-19,631.0,T,89.0,6.1NRT,295.86,33.84,D,MODIS,4,Savannas & Grasslands
-9.89024,29.97155,342.58,1.01,1.01,2026-09-19,631.0,T,92.0,6.1NRT,297.3,40.9,D,MODIS,4,Savannas & Grasslands
-9.89779,29.9613,323.19,1.01,1.01,2026-09-19,631.0,T,74.0,6.1NRT,296.87,13.86,D,MODIS,4,Savannas & Grasslands
-9.8991,29.9703,321.31,1.01,1.01,2026-09-19,631.0,T,66.0,6.1NRT,296.4,11.94,D,MODIS,4,Savannas & Grasslands
-9.90665,29.96005,341.25,1.01,1.01,2026-09-19,631.0,T,91.0,6.1NRT,298.25,37.86,D,MODIS,4,Savannas & Grasslands
-9.93669,29.96766,315.8,1.01,1.01,2026-09-19,631.0,T,62.0,6.1NRT,300.03,8.99,D,MODIS,4,Savannas & Grasslands
-9.93801,29.97666,328.11,1.01,1.01,2026-09-19,631.0,T,82.0,6.1NRT,298.63,21.94,D,MODIS,4,Savannas & Grasslands
-10.0771,30.62954,311.47,1.0,1.0,2026-09-19,631.0,T,57.0,6.1NRT,296.32,5.72,D,MODIS,4,Savannas & Grasslands
-9.97154,29.83389,317.12,1.02,1.01,2026-09-19,631.0,T,70.0,6.1NRT,299.02,8.78,D,MODIS,4,Savannas & Grasslands
-9.97285,29.84292,341.14,1.02,1.01,2026-09-19,631.0,T,91.0,6.1NRT,299.55,39.76,D,MODIS,4,Savannas & Grasslands
-9.99424,29.80294,320.85,1.02,1.01,2026-09-19,631.0,T,75.0,6.1NRT,298.92,12.33,D,MODIS,4,Savannas & Grasslands
-9.99555,29.81202,329.95,1.02,1.01,2026-09-19,631.0,T,84.0,6.1NRT,298.43,22.78,D,MODIS,4,Savannas & Grasslands
-10.43132,32.78335,314.32,1.14,1.07,2026-09-19,631.0,T,60.0,6.1NRT,298.71,6.57,D,MODIS,4,Savannas & Grasslands
-9.94546,29.08648,322.44,1.07,1.03,2026-09-19,631.0,T,77.0,6.1NRT,297.47,15.45,D,MODIS,4,Savannas & Grasslands
-10.064,29.89733,317.29,1.01,1.01,2026-09-19,631.0,T,70.0,6.1NRT,299.33,8.23,D,MODIS,4,Savannas & Grasslands
-10.28444,31.31362,311.44,1.02,1.01,2026-09-19,631.0,T,58.0,6.1NRT,297.47,4.69,D,MODIS,4,Savannas & Grasslands
-10.3422,31.3913,334.77,1.02,1.01,2026-09-19,631.0,T,87.0,6.1NRT,297.89,30.68,D,MODIS,4,Savannas & Grasslands
-10.24353,30.56623,314.51,1.0,1.0,2026-09-19,631.0,T,65.0,6.1NRT,298.95,6.88,D,MODIS,4,Savannas & Grasslands
-10.2448,30.57511,316.66,1.0,1.0,2026-09-19,631.0,T,69.0,6.1NRT,298.48,8.6,D,MODIS,4,Savannas & Grasslands
-10.32069,31.04568,320.65,1.01,1.0,2026-09-19,631.0,T,75.0,6.1NRT,297.27,12.63,D,MODIS,4,Savannas & Grasslands
-10.32195,31.05462,323.19,1.01,1.0,2026-09-19,631.0,T,78.0,6.1NRT,297.73,15.27,D,MODIS,4,Savannas & Grasslands
-10.64161,32.83671,313.49,1.16,1.07,2026-09-19,631.0,T,63.0,6.1NRT,299.77,5.31,D,MODIS,4,Savannas & Grasslands
-10.38121,30.82182,315.26,1.0,1.0,2026-09-19,631.0,T,66.0,6.1NRT,298.26,7.66,D,MODIS,4,Savannas & Grasslands
-10.15493,29.12995,314.12,1.06,1.03,2026-09-19,631.0,T,65.0,6.1NRT,294.58,6.59,D,MODIS,4,Savannas & Grasslands
-10.82901,33.94266,310.37,1.35,1.15,2026-09-19,631.0,T,48.0,6.1NRT,292.38,13.49,D,MODIS,4,Savannas & Grasslands
-10.27449,29.82661,309.83,1.02,1.01,2026-09-19,631.0,T,48.0,6.1NRT,296.65,4.38,D,MODIS,4,Savannas & Grasslands
-10.24497,29.49022,323.06,1.03,1.02,2026-09-19,631.0,T,77.0,6.1NRT,297.77,16.3,D,MODIS,4,Savannas & Grasslands
-10.50987,31.33706,345.55,1.02,1.01,2026-09-19,631.0,T,93.0,6.1NRT,298.31,49.49,D,MODIS,4,Savannas & Grasslands
-10.51114,31.34612,319.45,1.02,1.01,2026-09-19,631.0,T,73.0,6.1NRT,296.87,12.19,D,MODIS,4,Savannas & Grasslands
-10.46946,30.92117,317.94,1.0,1.0,2026-09-19,631.0,T,71.0,6.1NRT,297.32,10.1,D,MODIS,4,Savannas & Grasslands
-10.24994,29.02262,318.06,1.07,1.03,2026-09-19,631.0,T,71.0,6.1NRT,296.55,13.21,D,MODIS,4,Savannas & Grasslands
-10.25132,29.03206,321.65,1.07,1.03,2026-09-19,631.0,T,76.0,6.1NRT,295.61,16.81,D,MODIS,4,Savannas & Grasslands
-10.28336,28.8751,320.64,1.08,1.04,2026-09-19,631.0,T,75.0,6.1NRT,297.26,14.26,D,MODIS,4,Savannas & Grasslands
-10.61724,31.12275,311.84,1.01,1.01,2026-09-19,631.0,T,58.0,6.1NRT,298.58,4.68,D,MODIS,4,Savannas & Grasslands
-10.38498,29.37902,313.07,1.04,1.02,2026-09-19,631.0,T,61.0,6.1NRT,297.38,6.12,D,MODIS,4,Savannas & Grasslands
-10.54737,30.50443,312.25,1.0,1.0,2026-09-19,631.0,T,58.0,6.1NRT,297.28,5.42,D,MODIS,4,Savannas & Grasslands
-10.89637,32.67906,318.81,1.14,1.06,2026-09-19,631.0,T,72.0,6.1NRT,300.73,10.89,D,MODIS,4,Savannas & Grasslands
-10.89775,32.68927,316.07,1.14,1.07,2026-09-19,631.0,T,67.0,6.1NRT,299.36,8.22,D,MODIS,4,Savannas & Grasslands
-10.96387,32.9654,321.62,1.18,1.08,2026-09-19,631.0,T,75.0,6.1NRT,302.31,12.29,D,MODIS,4,Savannas & Grasslands
-10.9653,32.97595,318.74,1.18,1.08,2026-09-19,631.0,T,72.0,6.1NRT,302.43,8.79,D,MODIS,4,Savannas & Grasslands
-10.93346,32.48218,309.32,1.12,1.05,2026-09-19,631.0,T,35.0,6.1NRT,296.78,4.88,D,MODIS,4,Savannas & Grasslands
-10.48061,29.21023,312.59,1.05,1.02,2026-09-19,631.0,T,62.0,6.1NRT,296.81,6.31,D,MODIS,4,Savannas & Grasslands
-10.44445,28.77921,311.06,1.09,1.04,2026-09-19,631.0,T,44.0,6.1NRT,295.84,6.22,D,MODIS,4,Savannas & Grasslands
-10.58671,29.74692,328.68,1.02,1.01,2026-09-19,631.0,T,83.0,6.1NRT,295.29,23.02,D,MODIS,4,Savannas & Grasslands
-10.58802,29.75596,314.09,1.02,1.01,2026-09-19,631.0,T,61.0,6.1NRT,296.49,7.89,D,MODIS,4,Savannas & Grasslands
-10.89499,31.92375,313.03,1.06,1.03,2026-09-19,631.0,T,52.0,6.1NRT,298.52,6.13,D,MODIS,4,Savannas & Grasslands
-10.8963,31.93324,324.59,1.06,1.03,2026-09-19,631.0,T,78.0,6.1NRT,297.63,18.01,D,MODIS,4,Savannas & Grasslands
-10.84338,31.42031,320.61,1.03,1.01,2026-09-19,631.0,T,74.0,6.1NRT,298.14,12.87,D,MODIS,4,Savannas & Grasslands
-10.58529,29.4872,312.02,1.03,1.01,2026-09-19,631.0,T,59.0,6.1NRT,295.47,6.04,D,MODIS,4,Savannas & Grasslands
-10.87019,31.48182,313.29,1.03,1.01,2026-09-19,631.0,T,61.0,6.1NRT,297.81,6.35,D,MODIS,4,Savannas & Grasslands
-10.90767,31.74966,328.12,1.05,1.02,2026-09-19,631.0,T,82.0,6.1NRT,297.84,22.6,D,MODIS,4,Savannas & Grasslands
-10.90897,31.75897,315.3,1.05,1.02,2026-09-19,631.0,T,65.0,6.1NRT,297.09,8.61,D,MODIS,4,Savannas & Grasslands
-10.86242,31.36184,318.01,1.02,1.01,2026-09-19,631.0,T,71.0,6.1NRT,298.61,10.14,D,MODIS,4,Savannas & Grasslands
-10.9337,31.87025,315.08,1.06,1.03,2026-09-19,631.0,T,64.0,6.1NRT,297.79,7.97,D,MODIS,4,Savannas & Grasslands
-10.90349,31.5174,314.98,1.03,1.02,2026-09-19,631.0,T,65.0,6.1NRT,298.14,8.24,D,MODIS,4,Savannas & Grasslands
-11.47959,35.89686,314.62,1.91,1.35,2026-09-19,631.0,T,55.0,6.1NRT,290.13,19.04,D,MODIS,4,Savannas & Grasslands
-11.52383,35.96109,313.75,1.94,1.36,2026-09-19,631.0,T,30.0,6.1NRT,292.24,13.98,D,MODIS,4,Savannas & Grasslands
-10.27162,26.89217,311.23,1.39,1.17,2026-09-19,631.0,T,61.0,6.1NRT,296.71,7.26,D,MODIS,4,Savannas & Grasslands
-11.53581,35.95952,318.05,1.94,1.36,2026-09-19,631.0,T,70.0,6.1NRT,291.49,23.74,D,MODIS,4,Savannas & Grasslands
-10.55167,28.62725,311.1,1.1,1.05,2026-09-19,631.0,T,54.0,6.1NRT,297.01,5.02,D,MODIS,4,Savannas & Grasslands
-11.21692,33.25823,314.37,1.24,1.1,2026-09-19,631.0,T,63.0,6.1NRT,299.77,8.3,D,MODIS,4,Savannas & Grasslands
-11.2189,33.25209,312.78,1.24,1.1,2026-09-19,631.0,T,60.0,6.1NRT,299.9,6.7,D,MODIS,4,Savannas & Grasslands
-11.0754,31.89595,310.61,1.06,1.03,2026-09-19,631.0,T,50.0,6.1NRT,296.38,5.93,D,MODIS,4,Savannas & Grasslands
-10.90694,30.62811,328.91,1.0,1.0,2026-09-19,631.0,T,83.0,6.1NRT,296.77,22.57,D,MODIS,4,Savannas & Grasslands
-10.9082,30.63703,312.51,1.0,1.0,2026-09-19,631.0,T,62.0,6.1NRT,296.25,6.71,D,MODIS,4,Savannas & Grasslands
-10.76226,29.56066,314.88,1.02,1.01,2026-09-19,631.0,T,62.0,6.1NRT,295.6,9.01,D,MODIS,4,Savannas & Grasslands
-10.76359,29.56975,311.18,1.02,1.01,2026-09-19,631.0,T,43.0,6.1NRT,294.08,6.49,D,MODIS,4,Savannas & Grasslands
-11.24258,32.98528,321.68,1.19,1.09,2026-09-19,631.0,T,75.0,6.1NRT,301.97,13.2,D,MODIS,4,Savannas & Grasslands
-11.24401,32.99591,315.81,1.2,1.09,2026-09-19,631.0,T,67.0,6.1NRT,302.09,6.27,D,MODIS,4,Savannas & Grasslands
-10.70676,28.99167,315.84,1.06,1.03,2026-09-19,631.0,T,69.0,6.1NRT,297.7,9.06,D,MODIS,4,Savannas & Grasslands
-11.25454,32.60593,310.87,1.14,1.06,2026-09-19,631.0,T,50.0,6.1NRT,298.84,5.83,D,MODIS,4,Savannas & Grasslands
-11.89484,37.41302,313.39,2.56,1.54,2026-09-19,631.0,T,53.0,6.1NRT,289.62,17.86,D,MODIS,4,Savannas & Grasslands
-11.10634,30.98901,351.33,1.01,1.0,2026-09-19,631.0,T,96.0,6.1NRT,298.05,60.57,D,MODIS,4,Savannas & Grasslands
-11.1076,30.998,338.29,1.01,1.0,2026-09-19,631.0,T,90.0,6.1NRT,298.23,35.49,D,MODIS,4,Savannas & Grasslands
-10.52565,26.94728,313.34,1.36,1.16,2026-09-19,631.0,T,66.0,6.1NRT,296.7,10.34,D,MODIS,4,Savannas & Grasslands
-10.52753,26.95936,312.22,1.36,1.16,2026-09-19,631.0,T,64.0,6.1NRT,295.8,9.06,D,MODIS,4,Savannas & Grasslands
-10.93144,29.39271,323.1,1.03,1.01,2026-09-19,631.0,T,78.0,6.1NRT,297.44,16.51,D,MODIS,4,Savannas & Grasslands
-10.93278,29.40186,310.24,1.03,1.01,2026-09-19,631.0,T,55.0,6.1NRT,296.44,4.46,D,MODIS,4,Savannas & Grasslands
-11.14541,30.81871,321.2,1.01,1.0,2026-09-19,631.0,T,76.0,6.1NRT,299.19,13.17,D,MODIS,4,Savannas & Grasslands
-10.82192,28.51833,311.88,1.11,1.05,2026-09-19,631.0,T,60.0,6.1NRT,297.63,6.08,D,MODIS,4,Savannas & Grasslands
-11.21976,31.20628,311.12,1.02,1.01,2026-09-19,631.0,T,59.0,6.1NRT,298.75,4.97,D,MODIS,4,Savannas & Grasslands
-10.9802,29.40726,313.89,1.03,1.01,2026-09-19,631.0,T,65.0,6.1NRT,297.01,7.37,D,MODIS,4,Savannas & Grasslands
-10.99894,29.53511,311.84,1.02,1.01,2026-09-19,631.0,T,60.0,6.1NRT,296.78,6.95,D,MODIS,4,Savannas & Grasslands
-12.05633,37.59398,317.44,2.66,1.57,2026-09-19,631.0,T,42.0,6.1NRT,293.45,43.68,D,MODIS,4,Savannas & Grasslands
-11.30768,31.57744,316.73,1.04,1.02,2026-09-19,631.0,T,69.0,6.1NRT,296.09,11.72,D,MODIS,4,Savannas & Grasslands
-11.03944,29.5013,311.37,1.02,1.01,2026-09-19,631.0,T,59.0,6.1NRT,296.51,5.87,D,MODIS,4,Savannas & Grasslands
-11.44638,32.38272,331.69,1.12,1.05,2026-09-19,631.0,T,85.0,6.1NRT,300.54,28.2,D,MODIS,4,Savannas & Grasslands
-11.44775,32.39277,320.26,1.12,1.05,2026-09-19,631.0,T,74.0,6.1NRT,299.43,12.53,D,MODIS,4,Savannas & Grasslands
-11.47538,32.59526,314.98,1.15,1.07,2026-09-19,631.0,T,66.0,6.1NRT,299.82,7.7,D,MODIS,4,Savannas & Grasslands
-11.47678,32.6055,319.11,1.15,1.07,2026-09-19,631.0,T,73.0,6.1NRT,300.57,11.74,D,MODIS,4,Savannas & Grasslands
-11.0253,29.27864,310.56,1.04,1.02,2026-09-19,631.0,T,57.0,6.1NRT,296.73,4.8,D,MODIS,4,Savannas & Grasslands
-10.86112,27.92968,312.61,1.18,1.08,2026-09-19,631.0,T,61.0,6.1NRT,295.93,8.73,D,MODIS,4,Savannas & Grasslands
-11.45462,32.04357,315.35,1.08,1.04,2026-09-19,631.0,T,66.0,6.1NRT,295.42,11.16,D,MODIS,4,Savannas & Grasslands
-11.59782,32.89126,319.06,1.19,1.09,2026-09-19,631.0,T,73.0,6.1NRT,302.59,10.25,D,MODIS,4,Savannas & Grasslands
-10.72045,26.74181,357.13,1.4,1.17,2026-09-19,631.0,T,98.0,6.1NRT,297.38,122.43,D,MODIS,4,Savannas & Grasslands
-10.72236,26.7543,312.1,1.4,1.17,2026-09-19,631.0,T,62.0,6.1NRT,294.99,10.54,D,MODIS,4,Savannas & Grasslands
-11.56327,32.49444,314.97,1.13,1.06,2026-09-19,631.0,T,58.0,6.1NRT,299.98,6.98,D,MODIS,4,Savannas & Grasslands
-11.58183,32.51662,313.29,1.14,1.06,2026-09-19,631.0,T,62.0,6.1NRT,300.44,6.32,D,MODIS,4,Savannas & Grasslands
-12.06265,35.98227,314.94,1.98,1.37,2026-09-19,631.0,T,67.0,6.1NRT,290.58,23.14,D,MODIS,4,Savannas & Grasslands
-12.06481,36.00013,317.47,1.99,1.38,2026-09-19,631.0,T,71.0,6.1NRT,291.41,28.81,D,MODIS,4,Savannas & Grasslands
-11.02331,28.26573,317.88,1.13,1.06,2026-09-19,631.0,T,71.0,6.1NRT,296.39,11.88,D,MODIS,4,Savannas & Grasslands
-11.02481,28.27577,331.24,1.13,1.06,2026-09-19,631.0,T,85.0,6.1NRT,297.75,29.46,D,MODIS,4,Savannas & Grasslands
-11.39879,30.84628,341.9,1.01,1.0,2026-09-19,631.0,T,92.0,6.1NRT,298.36,41.93,D,MODIS,4,Savannas & Grasslands
-11.03263,28.2643,312.53,1.13,1.06,2026-09-19,631.0,T,56.0,6.1NRT,295.8,6.83,D,MODIS,4,Savannas & Grasslands
-11.03413,28.27436,319.31,1.13,1.06,2026-09-19,631.0,T,74.0,6.1NRT,296.15,13.75,D,MODIS,4,Savannas & Grasslands
-11.57405,31.97194,310.09,1.08,1.04,2026-09-19,631.0,T,45.0,6.1NRT,296.51,6.69,D,MODIS,4,Savannas & Grasslands
-11.43802,30.93249,315.77,1.01,1.0,2026-09-19,631.0,T,70.0,6.1NRT,297.99,8.94,D,MODIS,4,Savannas & Grasslands
-12.05469,35.43451,314.83,1.8,1.31,2026-09-19,631.0,T,49.0,6.1NRT,290.96,19.33,D,MODIS,4,Savannas & Grasslands
-12.05347,35.44526,311.98,1.8,1.32,2026-09-19,631.0,T,51.0,6.1NRT,290.07,15.39,D,MODIS,4,Savannas & Grasslands
-12.07057,35.20353,312.34,1.73,1.29,2026-09-19,631.0,T,27.0,6.1NRT,293.25,11.1,D,MODIS,4,Savannas & Grasslands
-11.29364,29.40816,310.45,1.03,1.01,2026-09-19,631.0,T,58.0,6.1NRT,294.89,4.55,D,MODIS,4,Savannas & Grasslands
-11.78967,32.95035,310.73,1.21,1.09,2026-09-19,631.0,T,53.0,6.1NRT,298.69,5.1,D,MODIS,4,Savannas & Grasslands
-11.15001,28.24067,308.55,1.13,1.06,2026-09-19,631.0,T,46.0,6.1NRT,295.32,5.17,D,MODIS,4,Savannas & Grasslands
-11.25716,28.23264,316.99,1.13,1.06,2026-09-19,631.0,T,71.0,6.1NRT,296.32,12.28,D,MODIS,4,Savannas & Grasslands
-11.2602,28.25271,310.52,1.12,1.06,2026-09-19,631.0,T,17.0,6.1NRT,296.26,5.78,D,MODIS,4,Savannas & Grasslands
-11.38565,28.7145,320.67,1.07,1.03,2026-09-19,631.0,T,76.0,6.1NRT,296.47,15.37,D,MODIS,4,Savannas & Grasslands
-11.82432,31.58267,318.32,1.05,1.02,2026-09-19,631.0,T,71.0,6.1NRT,297.51,12.57,D,MODIS,4,Savannas & Grasslands
-11.55103,29.08767,312.16,1.04,1.02,2026-09-19,631.0,T,64.0,6.1NRT,295.81,6.46,D,MODIS,4,Savannas & Grasslands
-10.91334,24.89305,309.9,1.9,1.35,2026-09-19,631.0,T,64.0,6.1NRT,293.42,14.06,D,MODIS,4,Savannas & Grasslands
-11.3113,27.38192,312.59,1.25,1.11,2026-09-19,631.0,T,65.0,6.1NRT,295.47,9.74,D,MODIS,4,Savannas & Grasslands
-11.21236,26.61557,308.96,1.4,1.17,2026-09-19,631.0,T,57.0,6.1NRT,294.77,7.83,D,MODIS,4,Savannas & Grasslands
-11.3998,27.63631,316.75,1.21,1.09,2026-09-19,631.0,T,71.0,6.1NRT,296.62,12.62,D,MODIS,4,Savannas & Grasslands
-11.60816,29.03518,308.2,1.04,1.02,2026-09-19,631.0,T,51.0,6.1NRT,295.73,4.12,D,MODIS,4,Savannas & Grasslands
-12.17745,32.63005,314.49,1.17,1.08,2026-09-19,631.0,T,63.0,6.1NRT,300.7,6.48,D,MODIS,4,Savannas & Grasslands
-12.03824,31.0634,311.01,1.02,1.01,2026-09-19,631.0,T,56.0,6.1NRT,297.77,4.71,D,MODIS,4,Savannas & Grasslands
-11.79138,29.21288,322.55,1.03,1.01,2026-09-19,631.0,T,78.0,6.1NRT,297.12,15.91,D,MODIS,4,Savannas & Grasslands
-11.79273,29.22207,310.63,1.03,1.01,2026-09-19,631.0,T,59.0,6.1NRT,296.52,4.95,D,MODIS,4,Savannas & Grasslands
-11.82308,29.18003,308.92,1.03,1.01,2026-09-19,631.0,T,53.0,6.1NRT,296.01,4.19,D,MODIS,4,Savannas & Grasslands
-11.82393,29.12327,319.56,1.04,1.02,2026-09-19,631.0,T,75.0,6.1NRT,297.7,12.66,D,MODIS,4,Savannas & Grasslands
-12.22631,31.95919,316.72,1.09,1.04,2026-09-19,631.0,T,55.0,6.1NRT,299.87,7.18,D,MODIS,4,Savannas & Grasslands
-12.22764,31.96892,334.48,1.09,1.04,2026-09-19,631.0,T,86.0,6.1NRT,300.3,30.42,D,MODIS,4,Savannas & Grasslands
-12.22899,31.97871,320.31,1.09,1.04,2026-09-19,631.0,T,59.0,6.1NRT,300.06,10.67,D,MODIS,4,Savannas & Grasslands
-12.24753,31.98983,315.4,1.09,1.04,2026-09-19,631.0,T,51.0,6.1NRT,300.54,6.48,D,MODIS,4,Savannas & Grasslands
-12.31166,32.47269,312.64,1.15,1.07,2026-09-19,631.0,T,53.0,6.1NRT,299.11,5.55,D,MODIS,4,Savannas & Grasslands
-12.13019,30.86784,319.83,1.01,1.01,2026-09-19,631.0,T,74.0,6.1NRT,296.73,13.41,D,MODIS,4,Savannas & Grasslands
-12.02183,29.08438,307.22,1.03,1.02,2026-09-19,631.0,T,39.0,6.1NRT,295.75,3.66,D,MODIS,4,Savannas & Grasslands
-12.51292,32.17398,320.73,1.12,1.05,2026-09-19,631.0,T,75.0,6.1NRT,300.73,11.88,D,MODIS,4,Savannas & Grasslands
-12.51428,32.18404,319.46,1.12,1.06,2026-09-19,631.0,T,73.0,6.1NRT,301.37,9.95,D,MODIS,4,Savannas & Grasslands
-12.09065,28.92576,310.64,1.04,1.02,2026-09-19,631.0,T,59.0,6.1NRT,296.11,5.84,D,MODIS,4,Savannas & Grasslands
-12.01778,28.18988,307.35,1.11,1.05,2026-09-19,631.0,T,45.0,6.1NRT,295.71,4.8,D,MODIS,4,Savannas & Grasslands
-12.01928,28.19983,309.07,1.11,1.05,2026-09-19,631.0,T,55.0,6.1NRT,296.01,6.04,D,MODIS,4,Savannas & Grasslands
-12.51209,30.64106,308.66,1.01,1.0,2026-09-19,631.0,T,48.0,6.1NRT,296.47,4.17,D,MODIS,4,Savannas & Grasslands
-12.3798,29.63695,362.56,1.01,1.0,2026-09-19,631.0,T,100.0,6.1NRT,300.07,89.11,D,MODIS,4,Savannas & Grasslands
-12.38111,29.64595,336.88,1.01,1.0,2026-09-19,631.0,T,89.0,6.1NRT,297.44,33.42,D,MODIS,4,Savannas & Grasslands
-12.38863,29.63566,335.01,1.01,1.0,2026-09-19,631.0,T,88.0,6.1NRT,297.1,31.69,D,MODIS,4,Savannas & Grasslands
-12.38994,29.64466,319.98,1.01,1.0,2026-09-19,631.0,T,76.0,6.1NRT,297.04,13.27,D,MODIS,4,Savannas & Grasslands
-12.7775,32.08889,324.75,1.12,1.05,2026-09-19,631.0,T,79.0,6.1NRT,300.33,16.44,D,MODIS,4,Savannas & Grasslands
-12.78543,32.07762,326.74,1.12,1.05,2026-09-19,631.0,T,81.0,6.1NRT,300.66,18.5,D,MODIS,4,Savannas & Grasslands
-12.78679,32.08762,326.73,1.12,1.05,2026-09-19,631.0,T,81.0,6.1NRT,300.79,18.32,D,MODIS,4,Savannas & Grasslands
-12.79746,32.09636,316.0,1.12,1.05,2026-09-19,631.0,T,35.0,6.1NRT,300.63,6.0,D,MODIS,4,Savannas & Grasslands
-12.81088,32.12519,315.84,1.12,1.06,2026-09-19,631.0,T,68.0,6.1NRT,300.44,6.04,D,MODIS,4,Savannas & Grasslands
-12.29761,28.45889,316.69,1.08,1.04,2026-09-19,631.0,T,72.0,6.1NRT,297.0,11.47,D,MODIS,4,Savannas & Grasslands
-12.2163,27.73535,311.47,1.16,1.07,2026-09-19,631.0,T,54.0,6.1NRT,296.46,6.36,D,MODIS,4,Savannas & Grasslands
-12.21789,27.74578,324.03,1.16,1.07,2026-09-19,631.0,T,80.0,6.1NRT,297.0,20.56,D,MODIS,4,Savannas & Grasslands
-12.07894,26.38965,314.61,1.41,1.17,2026-09-19,631.0,T,70.0,6.1NRT,295.17,14.24,D,MODIS,4,Savannas & Grasslands
-12.08096,26.40235,322.28,1.4,1.17,2026-09-19,631.0,T,79.0,6.1NRT,295.04,26.01,D,MODIS,4,Savannas & Grasslands
-12.52391,29.29788,307.74,1.02,1.01,2026-09-19,631.0,T,49.0,6.1NRT,295.46,4.47,D,MODIS,4,Savannas & Grasslands
-12.42741,28.52186,317.14,1.07,1.03,2026-09-19,631.0,T,73.0,6.1NRT,295.6,11.98,D,MODIS,4,Savannas & Grasslands
-12.42884,28.53143,317.55,1.07,1.03,2026-09-19,631.0,T,73.0,6.1NRT,295.66,12.5,D,MODIS,4,Savannas & Grasslands
-12.40773,28.07525,313.43,1.12,1.05,2026-09-19,631.0,T,67.0,6.1NRT,297.19,8.26,D,MODIS,4,Savannas & Grasslands
-12.40922,28.08526,310.73,1.12,1.05,2026-09-19,631.0,T,56.0,6.1NRT,296.57,5.47,D,MODIS,4,Savannas & Grasslands
-12.4535,28.32057,309.69,1.09,1.04,2026-09-19,631.0,T,59.0,6.1NRT,296.81,5.44,D,MODIS,4,Savannas & Grasslands
-12.54864,28.90231,310.71,1.04,1.02,2026-09-19,631.0,T,61.0,6.1NRT,294.83,7.92,D,MODIS,4,Savannas & Grasslands
-13.6961,37.36556,313.04,2.7,1.57,2026-09-19,631.0,T,62.0,6.1NRT,294.86,29.03,D,MODIS,4,Savannas & Grasslands
-13.69883,37.38992,309.79,2.71,1.58,2026-09-19,631.0,T,44.0,6.1NRT,294.26,19.02,D,MODIS,4,Savannas & Grasslands
-12.50319,28.03358,307.65,1.12,1.05,2026-09-19,631.0,T,51.0,6.1NRT,295.39,4.47,D,MODIS,4,Savannas & Grasslands
-13.37733,33.45997,316.49,1.35,1.15,2026-09-19,631.0,T,67.0,6.1NRT,297.27,13.42,D,MODIS,4,Savannas & Grasslands
-13.33307,33.03386,313.87,1.27,1.12,2026-09-19,631.0,T,54.0,6.1NRT,297.33,10.17,D,MODIS,4,Savannas & Grasslands
-13.25101,32.18916,316.09,1.14,1.06,2026-09-19,631.0,T,64.0,6.1NRT,299.91,7.11,D,MODIS,4,Savannas & Grasslands
-12.90988,29.47555,309.69,1.01,1.0,2026-09-19,631.0,T,58.0,6.1NRT,295.72,5.54,D,MODIS,4,Savannas & Grasslands
-12.80871,28.47845,316.48,1.07,1.03,2026-09-19,631.0,T,72.0,6.1NRT,297.17,10.46,D,MODIS,4,Savannas & Grasslands
-12.84537,28.4173,315.53,1.07,1.03,2026-09-19,631.0,T,70.0,6.1NRT,297.5,9.47,D,MODIS,4,Savannas & Grasslands
-13.08572,29.93058,308.58,1.0,1.0,2026-09-19,631.0,T,45.0,6.1NRT,295.79,4.68,D,MODIS,4,Savannas & Grasslands
-12.80932,27.99223,312.26,1.12,1.05,2026-09-19,631.0,T,65.0,6.1NRT,295.99,7.71,D,MODIS,4,Savannas & Grasslands
-12.77561,27.70688,306.37,1.15,1.07,2026-09-19,631.0,T,41.0,6.1NRT,295.04,4.29,D,MODIS,4,Savannas & Grasslands
-13.29884,31.05836,310.1,1.04,1.02,2026-09-19,631.0,T,50.0,6.1NRT,292.72,8.13,D,MODIS,4,Savannas & Grasslands
-13.30015,31.06771,312.13,1.04,1.02,2026-09-19,631.0,T,59.0,6.1NRT,291.93,9.73,D,MODIS,4,Savannas & Grasslands
-12.60367,26.00391,305.82,1.47,1.2,2026-09-19,631.0,T,47.0,6.1NRT,294.76,6.35,D,MODIS,4,Savannas & Grasslands
-13.08439,29.15871,307.41,1.02,1.01,2026-09-19,631.0,T,47.0,6.1NRT,295.29,4.2,D,MODIS,4,Savannas & Grasslands
-12.40051,24.66667,307.53,1.86,1.33,2026-09-19,631.0,T,56.0,6.1NRT,294.38,11.52,D,MODIS,4,Savannas & Grasslands
-14.10554,36.84143,311.47,2.49,1.52,2026-09-19,631.0,T,54.0,6.1NRT,293.47,23.19,D,MODIS,4,Savannas & Grasslands
-12.44653,24.53202,311.15,1.9,1.35,2026-09-19,631.0,T,66.0,6.1NRT,294.96,18.58,D,MODIS,4,Savannas & Grasslands
-12.44934,24.54905,311.66,1.89,1.34,2026-09-19,631.0,T,67.0,6.1NRT,293.62,19.8,D,MODIS,4,Savannas & Grasslands
-13.98863,35.37777,310.79,1.9,1.35,2026-09-19,631.0,T,51.0,6.1NRT,291.44,13.6,D,MODIS,4,Savannas & Grasslands
-13.1752,28.83773,310.35,1.03,1.02,2026-09-19,631.0,T,59.0,6.1NRT,297.05,5.1,D,MODIS,4,Savannas & Grasslands
-13.00344,27.38436,309.79,1.19,1.08,2026-09-19,631.0,T,57.0,6.1NRT,296.74,5.49,D,MODIS,4,Savannas & Grasslands
-13.38557,29.84093,308.38,1.0,1.0,2026-09-19,631.0,T,50.0,6.1NRT,295.85,3.91,D,MODIS,4,Savannas & Grasslands
-12.64538,24.89387,307.54,1.77,1.3,2026-09-19,631.0,T,42.0,6.1NRT,293.87,11.35,D,MODIS,4,Savannas & Grasslands
-12.66572,24.87392,308.46,1.77,1.3,2026-09-19,631.0,T,39.0,6.1NRT,293.87,11.49,D,MODIS,4,Savannas & Grasslands
-14.53786,39.05198,311.06,3.78,1.82,2026-09-19,631.0,T,45.0,6.1NRT,295.6,29.92,D,MODIS,4,Savannas & Grasslands
-13.69921,30.88677,309.21,1.03,1.01,2026-09-19,631.0,T,38.0,6.1NRT,296.9,4.1,D,MODIS,4,Savannas & Grasslands
-13.50605,29.0739,316.05,1.02,1.01,2026-09-19,631.0,T,70.0,6.1NRT,296.72,10.11,D,MODIS,4,Savannas & Grasslands
-14.45019,36.33348,316.62,2.29,1.47,2026-09-19,631.0,T,51.0,6.1NRT,295.72,23.56,D,MODIS,4,Savannas & Grasslands
-13.54204,29.13397,308.32,1.02,1.01,2026-09-19,631.0,T,46.0,6.1NRT,296.05,4.97,D,MODIS,4,Savannas & Grasslands
-13.39962,28.0462,312.03,1.1,1.04,2026-09-19,631.0,T,57.0,6.1NRT,297.55,6.25,D,MODIS,4,Savannas & Grasslands
-13.40881,28.0448,312.79,1.1,1.04,2026-09-19,631.0,T,64.0,6.1NRT,297.48,6.93,D,MODIS,4,Savannas & Grasslands
-13.50109,28.668,309.14,1.04,1.02,2026-09-19,631.0,T,51.0,6.1NRT,296.76,3.97,D,MODIS,4,Savannas & Grasslands
-13.51007,28.66665,309.76,1.04,1.02,2026-09-19,631.0,T,54.0,6.1NRT,296.46,4.55,D,MODIS,4,Savannas & Grasslands
-13.44747,28.17895,331.87,1.08,1.04,2026-09-19,631.0,T,85.0,6.1NRT,298.63,28.92,D,MODIS,4,Savannas & Grasslands
-13.37395,27.64359,309.43,1.14,1.06,2026-09-19,631.0,T,54.0,6.1NRT,297.66,5.23,D,MODIS,4,Savannas & Grasslands
-13.36727,27.47512,310.55,1.16,1.07,2026-09-19,631.0,T,58.0,6.1NRT,297.77,5.7,D,MODIS,4,Savannas & Grasslands
-13.68225,29.5886,310.59,1.0,1.0,2026-09-19,631.0,T,54.0,6.1NRT,295.41,6.4,D,MODIS,4,Savannas & Grasslands
-13.56138,28.45048,310.72,1.06,1.03,2026-09-19,631.0,T,52.0,6.1NRT,296.38,5.24,D,MODIS,4,Savannas & Grasslands
-13.56278,28.45996,321.42,1.05,1.03,2026-09-19,631.0,T,76.0,6.1NRT,297.69,15.28,D,MODIS,4,Savannas & Grasslands
-14.20876,32.94578,313.63,1.29,1.13,2026-09-19,631.0,T,62.0,6.1NRT,299.45,7.46,D,MODIS,4,Savannas & Grasslands
-13.81056,29.90376,313.13,1.0,1.0,2026-09-19,631.0,T,61.0,6.1NRT,296.31,7.62,D,MODIS,4,Savannas & Grasslands
-13.91524,30.64889,327.51,1.02,1.01,2026-09-19,631.0,T,81.0,6.1NRT,299.02,20.37,D,MODIS,4,Savannas & Grasslands
-13.81038,29.83941,313.91,1.0,1.0,2026-09-19,631.0,T,63.0,6.1NRT,296.18,8.01,D,MODIS,4,Savannas & Grasslands
-13.81166,29.84841,314.1,1.0,1.0,2026-09-19,631.0,T,64.0,6.1NRT,296.59,8.08,D,MODIS,4,Savannas & Grasslands
-13.66672,28.72596,311.25,1.03,1.02,2026-09-19,631.0,T,58.0,6.1NRT,297.55,5.32,D,MODIS,4,Savannas & Grasslands
-13.29416,26.15009,307.19,1.4,1.17,2026-09-19,631.0,T,48.0,6.1NRT,295.33,7.17,D,MODIS,4,Savannas & Grasslands
-13.56696,27.8045,313.09,1.12,1.05,2026-09-19,631.0,T,64.0,6.1NRT,298.66,7.38,D,MODIS,4,Savannas & Grasslands
-13.89239,29.83059,313.28,1.0,1.0,2026-09-19,631.0,T,61.0,6.1NRT,296.93,7.1,D,MODIS,4,Savannas & Grasslands
-13.30113,25.88033,306.9,1.46,1.19,2026-09-19,631.0,T,46.0,6.1NRT,295.49,6.13,D,MODIS,4,Savannas & Grasslands
-13.61758,27.84211,315.18,1.11,1.05,2026-09-19,631.0,T,68.0,6.1NRT,298.35,8.91,D,MODIS,4,Savannas & Grasslands
-13.61909,27.85207,315.74,1.11,1.05,2026-09-19,631.0,T,69.0,6.1NRT,298.59,9.41,D,MODIS,4,Savannas & Grasslands
-13.69874,28.13204,314.26,1.08,1.04,2026-09-19,631.0,T,45.0,6.1NRT,297.54,7.19,D,MODIS,4,Savannas & Grasslands
-13.06427,23.98519,324.9,2.04,1.39,2026-09-19,631.0,T,81.0,6.1NRT,295.58,53.88,D,MODIS,4,Savannas & Grasslands
-13.70786,28.13062,321.32,1.08,1.04,2026-09-19,631.0,T,76.0,6.1NRT,297.78,14.8,D,MODIS,4,Savannas & Grasslands
-13.7093,28.1403,311.32,1.08,1.04,2026-09-19,631.0,T,52.0,6.1NRT,296.98,5.25,D,MODIS,4,Savannas & Grasslands
-13.06732,23.97773,318.82,2.04,1.39,2026-09-19,631.0,T,75.0,6.1NRT,294.91,35.95,D,MODIS,4,Savannas & Grasslands
-13.07041,23.99589,316.89,2.03,1.39,2026-09-19,631.0,T,73.0,6.1NRT,294.54,31.28,D,MODIS,4,Savannas & Grasslands
-14.15185,31.03062,327.33,1.05,1.02,2026-09-19,631.0,T,81.0,6.1NRT,299.94,19.89,D,MODIS,4,Savannas & Grasslands
-14.06983,30.30657,313.57,1.01,1.0,2026-09-19,631.0,T,61.0,6.1NRT,299.49,4.87,D,MODIS,4,Savannas & Grasslands
-13.38328,25.61376,308.62,1.52,1.22,2026-09-19,631.0,T,55.0,6.1NRT,296.23,7.73,D,MODIS,4,Savannas & Grasslands
-14.99401,37.08601,316.59,2.68,1.57,2026-09-19,631.0,T,67.0,6.1NRT,296.88,30.43,D,MODIS,4,Savannas & Grasslands
-15.00018,37.07972,318.15,2.68,1.57,2026-09-19,631.0,T,70.0,6.1NRT,296.79,38.4,D,MODIS,4,Savannas & Grasslands
-14.22826,30.52063,322.86,1.02,1.01,2026-09-19,631.0,T,76.0,6.1NRT,299.79,13.24,D,MODIS,4,Savannas & Grasslands
-14.22955,30.52983,325.11,1.02,1.01,2026-09-19,631.0,T,79.0,6.1NRT,300.23,15.92,D,MODIS,4,Savannas & Grasslands
-14.23083,30.53904,314.21,1.02,1.01,2026-09-19,631.0,T,17.0,6.1NRT,299.61,4.81,D,MODIS,4,Savannas & Grasslands
-14.12699,29.53774,322.18,1.0,1.0,2026-09-19,631.0,T,76.0,6.1NRT,297.86,15.08,D,MODIS,4,Savannas & Grasslands
-13.68112,26.46156,311.38,1.32,1.14,2026-09-19,631.0,T,60.0,6.1NRT,296.77,9.36,D,MODIS,4,Savannas & Grasslands
-13.68298,26.47339,313.67,1.31,1.14,2026-09-19,631.0,T,65.0,6.1NRT,297.01,12.01,D,MODIS,4,Savannas & Grasslands
-14.05608,28.92562,316.3,1.02,1.01,2026-09-19,631.0,T,68.0,6.1NRT,298.36,8.93,D,MODIS,4,Savannas & Grasslands
-14.05743,28.9348,321.47,1.02,1.01,2026-09-19,631.0,T,75.0,6.1NRT,298.06,13.95,D,MODIS,4,Savannas & Grasslands
-13.35653,24.38182,307.11,1.87,1.34,2026-09-19,631.0,T,46.0,6.1NRT,294.75,8.97,D,MODIS,4,Savannas & Grasslands
-14.62054,32.81474,310.2,1.28,1.12,2026-09-19,631.0,T,53.0,6.1NRT,296.46,5.97,D,MODIS,4,Savannas & Grasslands
-14.19931,29.66542,312.03,1.0,1.0,2026-09-19,631.0,T,56.0,6.1NRT,296.9,5.88,D,MODIS,4,Savannas & Grasslands
-14.2006,29.67444,317.41,1.0,1.0,2026-09-19,631.0,T,69.0,6.1NRT,296.9,10.41,D,MODIS,4,Savannas & Grasslands
-13.35176,24.02112,308.7,2.0,1.38,2026-09-19,631.0,T,33.0,6.1NRT,295.44,12.03,D,MODIS,4,Savannas & Grasslands
-13.35478,24.03894,307.45,1.99,1.38,2026-09-19,631.0,T,19.0,6.1NRT,294.41,10.79,D,MODIS,4,Savannas & Grasslands
-13.95784,27.52524,323.35,1.14,1.06,2026-09-19,631.0,T,78.0,6.1NRT,297.57,20.01,D,MODIS,4,Savannas & Grasslands
-14.72011,32.79598,320.46,1.28,1.12,2026-09-19,631.0,T,75.0,6.1NRT,297.03,18.46,D,MODIS,4,Savannas & Grasslands
-14.72163,32.80763,312.22,1.28,1.12,2026-09-19,631.0,T,60.0,6.1NRT,296.06,8.75,D,MODIS,4,Savannas & Grasslands
-14.7325,32.64746,314.65,1.25,1.11,2026-09-19,631.0,T,65.0,6.1NRT,296.36,10.21,D,MODIS,4,Savannas & Grasslands
-14.73395,32.65885,311.65,1.25,1.11,2026-09-19,631.0,T,58.0,6.1NRT,296.67,7.04,D,MODIS,4,Savannas & Grasslands
-15.15653,36.01582,312.74,2.22,1.44,2026-09-19,631.0,T,60.0,6.1NRT,295.37,15.88,D,MODIS,4,Savannas & Grasslands
-14.30487,29.30476,319.82,1.0,1.0,2026-09-19,631.0,T,73.0,6.1NRT,298.53,11.87,D,MODIS,4,Savannas & Grasslands
-14.25265,28.88361,309.05,1.02,1.01,2026-09-19,631.0,T,35.0,6.1NRT,296.64,4.35,D,MODIS,4,Savannas & Grasslands
-14.27938,29.06682,311.7,1.01,1.01,2026-09-19,631.0,T,56.0,6.1NRT,298.12,4.78,D,MODIS,4,Savannas & Grasslands
-14.79655,32.75587,311.62,1.27,1.12,2026-09-19,631.0,T,58.0,6.1NRT,296.78,6.23,D,MODIS,4,Savannas & Grasslands
-14.79806,32.76747,321.53,1.28,1.12,2026-09-19,631.0,T,76.0,6.1NRT,296.78,18.69,D,MODIS,4,Savannas & Grasslands
-13.71384,25.23169,308.46,1.6,1.24,2026-09-19,631.0,T,49.0,6.1NRT,296.57,7.57,D,MODIS,4,Savannas & Grasslands
-13.49222,23.78409,323.43,2.07,1.4,2026-09-19,631.0,T,80.0,6.1NRT,295.18,50.45,D,MODIS,4,Savannas & Grasslands
-13.50451,23.78194,328.61,2.07,1.4,2026-09-19,631.0,T,84.0,6.1NRT,295.44,65.63,D,MODIS,4,Savannas & Grasslands
-14.16197,28.01879,319.94,1.08,1.04,2026-09-19,631.0,T,74.0,6.1NRT,299.04,12.83,D,MODIS,4,Savannas & Grasslands
-14.16912,28.01161,316.36,1.08,1.04,2026-09-19,631.0,T,69.0,6.1NRT,298.17,9.9,D,MODIS,4,Savannas & Grasslands
-13.49491,23.77761,333.94,2.07,1.4,2026-09-19,631.0,T,87.0,6.1NRT,295.86,88.42,D,MODIS,4,Savannas & Grasslands
-13.49808,23.79615,317.91,2.07,1.4,2026-09-19,631.0,T,74.0,6.1NRT,294.59,35.71,D,MODIS,4,Savannas & Grasslands
-13.77636,25.18578,322.95,1.6,1.25,2026-09-19,631.0,T,79.0,6.1NRT,296.85,31.32,D,MODIS,4,Savannas & Grasslands
-13.77868,25.20014,315.13,1.6,1.25,2026-09-19,631.0,T,69.0,6.1NRT,296.9,16.56,D,MODIS,4,Savannas & Grasslands
-14.45085,29.4898,314.0,1.0,1.0,2026-09-19,631.0,T,62.0,6.1NRT,298.29,6.73,D,MODIS,4,Savannas & Grasslands
-14.19944,27.71354,313.42,1.11,1.05,2026-09-19,631.0,T,55.0,6.1NRT,294.47,10.34,D,MODIS,4,Savannas & Grasslands
-14.29209,28.33709,312.85,1.05,1.02,2026-09-19,631.0,T,60.0,6.1NRT,298.0,6.53,D,MODIS,4,Savannas & Grasslands
-13.54977,23.49399,308.07,2.18,1.43,2026-09-19,631.0,T,30.0,6.1NRT,293.83,12.74,D,MODIS,4,Savannas & Grasslands
-14.53016,29.84115,313.11,1.0,1.0,2026-09-19,631.0,T,46.0,6.1NRT,299.13,6.45,D,MODIS,4,Savannas & Grasslands
-13.71515,24.53283,307.5,1.8,1.31,2026-09-19,631.0,T,47.0,6.1NRT,296.04,9.26,D,MODIS,4,Savannas & Grasslands
-14.50546,29.60459,314.89,1.0,1.0,2026-09-19,631.0,T,64.0,6.1NRT,297.41,7.67,D,MODIS,4,Savannas & Grasslands
-13.5503,23.48713,307.15,2.18,1.43,2026-09-19,631.0,T,51.0,6.1NRT,294.34,12.28,D,MODIS,4,Savannas & Grasslands
-13.55364,23.50662,307.66,2.17,1.43,2026-09-19,631.0,T,47.0,6.1NRT,293.15,12.73,D,MODIS,4,Savannas & Grasslands
-13.87503,25.29457,308.73,1.57,1.23,2026-09-19,631.0,T,53.0,6.1NRT,296.32,8.64,D,MODIS,4,Savannas & Grasslands
-13.87731,25.30865,308.83,1.57,1.23,2026-09-19,631.0,T,53.0,6.1NRT,296.38,8.79,D,MODIS,4,Savannas & Grasslands
-14.07493,26.42095,311.25,1.31,1.13,2026-09-19,631.0,T,60.0,6.1NRT,297.32,8.24,D,MODIS,4,Savannas & Grasslands
-14.42348,28.66568,314.7,1.03,1.01,2026-09-19,631.0,T,65.0,6.1NRT,297.44,7.78,D,MODIS,4,Savannas & Grasslands
-14.42484,28.67497,310.97,1.03,1.01,2026-09-19,631.0,T,54.0,6.1NRT,297.94,4.79,D,MODIS,4,Savannas & Grasslands
-14.99824,32.57118,310.26,1.25,1.11,2026-09-19,631.0,T,29.0,6.1NRT,293.95,5.67,D,MODIS,4,Savannas & Grasslands
-14.95539,32.1605,309.26,1.18,1.08,2026-09-19,631.0,T,39.0,6.1NRT,292.45,6.99,D,MODIS,4,Savannas & Grasslands
-14.568,29.02372,310.87,1.01,1.01,2026-09-19,631.0,T,54.0,6.1NRT,298.03,4.38,D,MODIS,4,Savannas & Grasslands
-14.66638,29.5037,315.74,1.0,1.0,2026-09-19,631.0,T,66.0,6.1NRT,297.5,8.6,D,MODIS,4,Savannas & Grasslands
-14.66767,29.51274,318.34,1.0,1.0,2026-09-19,631.0,T,70.0,6.1NRT,298.09,10.66,D,MODIS,4,Savannas & Grasslands
-14.30063,26.62116,309.74,1.26,1.12,2026-09-19,631.0,T,46.0,6.1NRT,297.62,6.03,D,MODIS,4,Savannas & Grasslands
-14.32202,26.6295,310.75,1.26,1.12,2026-09-19,631.0,T,40.0,6.1NRT,297.05,6.66,D,MODIS,4,Savannas & Grasslands
-14.61474,28.27234,312.31,1.05,1.02,2026-09-19,631.0,T,59.0,6.1NRT,297.61,6.8,D,MODIS,4,Savannas & Grasslands
-14.61616,28.28183,314.06,1.05,1.02,2026-09-19,631.0,T,63.0,6.1NRT,297.38,8.26,D,MODIS,4,Savannas & Grasslands
-14.42316,26.88143,311.12,1.22,1.1,2026-09-19,631.0,T,59.0,6.1NRT,296.41,6.78,D,MODIS,4,Savannas & Grasslands
-14.90537,30.09272,315.39,1.01,1.0,2026-09-19,631.0,T,65.0,6.1NRT,298.95,7.26,D,MODIS,4,Savannas & Grasslands
-14.90667,30.10187,312.25,1.01,1.0,2026-09-19,631.0,T,45.0,6.1NRT,298.45,5.26,D,MODIS,4,Savannas & Grasslands
-14.49494,27.12897,313.98,1.18,1.08,2026-09-19,631.0,T,65.0,6.1NRT,297.72,9.21,D,MODIS,4,Savannas & Grasslands
-14.24641,25.30754,315.36,1.54,1.22,2026-09-19,631.0,T,69.0,6.1NRT,297.0,15.84,D,MODIS,4,Savannas & Grasslands
-14.25492,25.29178,333.85,1.55,1.23,2026-09-19,631.0,T,87.0,6.1NRT,298.25,54.49,D,MODIS,4,Savannas & Grasslands
-14.25717,25.30575,313.85,1.54,1.22,2026-09-19,631.0,T,66.0,6.1NRT,296.95,13.33,D,MODIS,4,Savannas & Grasslands
-14.92557,29.71199,314.7,1.0,1.0,2026-09-19,631.0,T,63.0,6.1NRT,300.06,5.66,D,MODIS,4,Savannas & Grasslands
-15.03234,30.47164,317.66,1.02,1.01,2026-09-19,631.0,T,70.0,6.1NRT,299.62,8.54,D,MODIS,4,Savannas & Grasslands
-14.2657,25.28998,356.56,1.55,1.23,2026-09-19,631.0,T,98.0,6.1NRT,298.06,136.26,D,MODIS,4,Savannas & Grasslands
-14.26793,25.30393,338.48,1.54,1.22,2026-09-19,631.0,T,90.0,6.1NRT,296.89,67.24,D,MODIS,4,Savannas & Grasslands
-15.04126,30.47034,314.24,1.02,1.01,2026-09-19,631.0,T,54.0,6.1NRT,299.37,5.31,D,MODIS,4,Savannas & Grasslands
-14.21828,24.85291,311.13,1.67,1.27,2026-09-19,631.0,T,61.0,6.1NRT,296.62,11.87,D,MODIS,4,Savannas & Grasslands
-14.90406,29.3725,318.4,1.0,1.0,2026-09-19,631.0,T,70.0,6.1NRT,300.28,9.15,D,MODIS,4,Savannas & Grasslands
-14.33871,25.54375,310.3,1.48,1.2,2026-09-19,631.0,T,42.0,6.1NRT,296.04,8.5,D,MODIS,4,Savannas & Grasslands
-15.23431,31.67664,313.85,1.13,1.06,2026-09-19,631.0,T,64.0,6.1NRT,295.21,10.0,D,MODIS,4,Savannas & Grasslands
-15.24119,31.68024,310.42,1.13,1.06,2026-09-19,631.0,T,56.0,6.1NRT,294.36,7.59,D,MODIS,4,Savannas & Grasslands
-14.62767,27.26376,311.52,1.15,1.07,2026-09-19,631.0,T,57.0,6.1NRT,297.48,6.02,D,MODIS,4,Savannas & Grasslands
-14.18004,24.33824,309.75,1.82,1.32,2026-09-19,631.0,T,58.0,6.1NRT,296.86,11.35,D,MODIS,4,Savannas & Grasslands
-15.21434,31.19494,309.28,1.08,1.04,2026-09-19,631.0,T,50.0,6.1NRT,293.87,4.55,D,MODIS,4,Savannas & Grasslands
-14.19164,24.33624,309.64,1.82,1.32,2026-09-19,631.0,T,57.0,6.1NRT,296.41,11.41,D,MODIS,4,Savannas & Grasslands
-14.9487,28.90636,313.6,1.01,1.01,2026-09-19,631.0,T,62.0,6.1NRT,299.83,5.21,D,MODIS,4,Savannas & Grasslands
-14.86405,28.27311,313.24,1.05,1.02,2026-09-19,631.0,T,58.0,6.1NRT,297.92,6.87,D,MODIS,4,Savannas & Grasslands
-14.95757,28.90505,312.61,1.01,1.01,2026-09-19,631.0,T,55.0,6.1NRT,299.45,4.5,D,MODIS,4,Savannas & Grasslands
-14.87305,28.27174,316.08,1.05,1.02,2026-09-19,631.0,T,67.0,6.1NRT,297.45,9.79,D,MODIS,4,Savannas & Grasslands
-15.07409,29.64992,322.95,1.0,1.0,2026-09-19,631.0,T,77.0,6.1NRT,298.88,14.09,D,MODIS,4,Savannas & Grasslands
-15.08292,29.64863,320.49,1.0,1.0,2026-09-19,631.0,T,74.0,6.1NRT,298.24,11.41,D,MODIS,4,Savannas & Grasslands
-14.26317,24.28341,307.63,1.83,1.33,2026-09-19,631.0,T,50.0,6.1NRT,295.83,9.44,D,MODIS,4,Savannas & Grasslands
-15.08786,29.62011,312.14,1.0,1.0,2026-09-19,631.0,T,58.0,6.1NRT,298.66,4.57,D,MODIS,4,Savannas & Grasslands
-14.61769,26.41475,310.32,1.29,1.13,2026-09-19,631.0,T,0.0,6.1NRT,297.45,6.76,D,MODIS,4,Savannas & Grasslands
-15.19457,30.31329,317.76,1.02,1.01,2026-09-19,631.0,T,69.0,6.1NRT,299.25,8.7,D,MODIS,4,Savannas & Grasslands
-14.25606,24.09469,308.28,1.9,1.35,2026-09-19,631.0,T,54.0,6.1NRT,295.47,11.82,D,MODIS,4,Savannas & Grasslands
-15.21366,30.31998,317.09,1.02,1.01,2026-09-19,631.0,T,44.0,6.1NRT,299.47,7.65,D,MODIS,4,Savannas & Grasslands
-15.21495,30.32921,315.9,1.02,1.01,2026-09-19,631.0,T,29.0,6.1NRT,299.28,6.61,D,MODIS,4,Savannas & Grasslands
-14.29893,24.20888,314.96,1.86,1.33,2026-09-19,631.0,T,70.0,6.1NRT,296.57,21.85,D,MODIS,4,Savannas & Grasslands
-15.22386,30.32794,319.05,1.02,1.01,2026-09-19,631.0,T,73.0,6.1NRT,299.22,9.69,D,MODIS,4,Savannas & Grasslands
-15.16686,29.85898,318.32,1.0,1.0,2026-09-19,631.0,T,71.0,6.1NRT,297.34,10.96,D,MODIS,4,Savannas & Grasslands
-14.29701,24.22037,310.59,1.85,1.33,2026-09-19,631.0,T,26.0,6.1NRT,296.19,11.8,D,MODIS,4,Savannas & Grasslands
-14.71951,26.60346,311.28,1.25,1.11,2026-09-19,631.0,T,57.0,6.1NRT,297.97,6.53,D,MODIS,4,Savannas & Grasslands
-15.0804,28.92774,311.17,1.01,1.0,2026-09-19,631.0,T,56.0,6.1NRT,297.56,5.24,D,MODIS,4,Savannas & Grasslands
-15.11442,29.0997,315.98,1.01,1.0,2026-09-19,631.0,T,68.0,6.1NRT,299.21,8.58,D,MODIS,4,Savannas & Grasslands
-14.34487,24.07319,321.51,1.9,1.35,2026-09-19,631.0,T,78.0,6.1NRT,295.8,38.79,D,MODIS,4,Savannas & Grasslands
-15.53675,31.87271,316.13,1.16,1.07,2026-09-19,631.0,T,71.0,6.1NRT,293.48,11.57,D,MODIS,4,Savannas & Grasslands
-15.54225,31.87628,315.49,1.16,1.07,2026-09-19,631.0,T,66.0,6.1NRT,294.26,11.23,D,MODIS,4,Savannas & Grasslands
-14.3895,23.93388,310.26,1.94,1.36,2026-09-19,631.0,T,61.0,6.1NRT,295.84,13.26,D,MODIS,4,Savannas & Grasslands
-15.02672,27.94124,311.46,1.07,1.03,2026-09-19,631.0,T,56.0,6.1NRT,297.93,5.85,D,MODIS,4,Savannas & Grasslands
-15.17191,28.86082,321.82,1.01,1.01,2026-09-19,631.0,T,76.0,6.1NRT,297.11,14.05,D,MODIS,4,Savannas & Grasslands
-15.17324,28.86995,314.16,1.01,1.01,2026-09-19,631.0,T,65.0,6.1NRT,297.11,7.03,D,MODIS,4,Savannas & Grasslands
-15.054,27.93694,308.98,1.07,1.03,2026-09-19,631.0,T,38.0,6.1NRT,297.59,4.07,D,MODIS,4,Savannas & Grasslands
-15.11624,28.35694,317.47,1.04,1.02,2026-09-19,631.0,T,70.0,6.1NRT,297.62,10.76,D,MODIS,4,Savannas & Grasslands
-15.11763,28.36634,327.05,1.04,1.02,2026-09-19,631.0,T,81.0,6.1NRT,298.43,21.29,D,MODIS,4,Savannas & Grasslands
-14.94385,26.79386,312.73,1.21,1.09,2026-09-19,631.0,T,60.0,6.1NRT,298.01,7.29,D,MODIS,4,Savannas & Grasslands
-15.30254,28.93778,311.18,1.01,1.0,2026-09-19,631.0,T,57.0,6.1NRT,297.34,4.86,D,MODIS,4,Savannas & Grasslands
-15.30386,28.94691,313.99,1.01,1.0,2026-09-19,631.0,T,64.0,6.1NRT,297.41,6.87,D,MODIS,4,Savannas & Grasslands
-15.31668,28.973,310.56,1.01,1.0,2026-09-19,631.0,T,54.0,6.1NRT,297.95,4.23,D,MODIS,4,Savannas & Grasslands
-15.20021,27.99062,311.87,1.06,1.03,2026-09-19,631.0,T,57.0,6.1NRT,298.99,5.61,D,MODIS,4,Savannas & Grasslands
-15.6252,30.96808,314.91,1.06,1.03,2026-09-19,631.0,T,66.0,6.1NRT,295.78,8.56,D,MODIS,4,Savannas & Grasslands
-15.40622,29.20475,309.14,1.0,1.0,2026-09-19,631.0,T,49.0,6.1NRT,296.26,4.25,D,MODIS,4,Savannas & Grasslands
-15.44594,29.09043,318.41,1.0,1.0,2026-09-19,631.0,T,72.0,6.1NRT,295.62,12.0,D,MODIS,4,Savannas & Grasslands
-15.92068,32.60976,311.19,1.29,1.13,2026-09-19,631.0,T,56.0,6.1NRT,295.79,6.65,D,MODIS,4,Savannas & Grasslands
-15.92215,32.62151,314.89,1.29,1.13,2026-09-19,631.0,T,66.0,6.1NRT,295.92,11.08,D,MODIS,4,Savannas & Grasslands
-14.711,24.34185,319.58,1.78,1.31,2026-09-19,631.0,T,75.0,6.1NRT,296.54,30.8,D,MODIS,4,Savannas & Grasslands
-14.43642,22.66525,314.02,2.43,1.5,2026-09-19,631.0,T,69.0,6.1NRT,295.22,28.6,D,MODIS,4,Savannas & Grasslands
-14.91492,25.37603,309.75,1.49,1.2,2026-09-19,631.0,T,51.0,6.1NRT,297.08,7.86,D,MODIS,4,Savannas & Grasslands
-14.79169,24.4747,323.8,1.74,1.29,2026-09-19,631.0,T,79.0,6.1NRT,296.82,38.34,D,MODIS,4,Savannas & Grasslands
-14.79423,24.49034,314.71,1.73,1.29,2026-09-19,631.0,T,68.0,6.1NRT,296.39,19.0,D,MODIS,4,Savannas & Grasslands
-15.46476,28.65013,310.1,1.02,1.01,2026-09-19,631.0,T,51.0,6.1NRT,297.76,4.59,D,MODIS,4,Savannas & Grasslands
-15.47434,28.59182,318.73,1.02,1.01,2026-09-19,631.0,T,72.0,6.1NRT,297.76,11.95,D,MODIS,4,Savannas & Grasslands
-15.47571,28.60111,313.78,1.02,1.01,2026-09-19,631.0,T,64.0,6.1NRT,296.82,7.63,D,MODIS,4,Savannas & Grasslands
-15.53903,28.72349,315.5,1.01,1.01,2026-09-19,631.0,T,67.0,6.1NRT,297.44,8.37,D,MODIS,4,Savannas & Grasslands
-15.56444,28.63822,317.03,1.02,1.01,2026-09-19,631.0,T,70.0,6.1NRT,297.33,10.16,D,MODIS,4,Savannas & Grasslands
-15.59543,28.84974,321.42,1.01,1.0,2026-09-19,631.0,T,76.0,6.1NRT,298.01,13.18,D,MODIS,4,Savannas & Grasslands
-15.38712,27.39708,311.96,1.12,1.05,2026-09-19,631.0,T,57.0,6.1NRT,298.66,5.62,D,MODIS,4,Savannas & Grasslands
-15.60428,28.84841,323.23,1.01,1.0,2026-09-19,631.0,T,78.0,6.1NRT,297.76,15.43,D,MODIS,4,Savannas & Grasslands
-15.84938,30.45124,324.55,1.03,1.01,2026-09-19,631.0,T,74.0,6.1NRT,291.1,17.1,D,MODIS,4,Savannas & Grasslands
-15.64502,28.87983,319.2,1.01,1.0,2026-09-19,631.0,T,39.0,6.1NRT,295.71,11.39,D,MODIS,4,Savannas & Grasslands
-15.64635,28.88899,327.59,1.01,1.0,2026-09-19,631.0,T,80.0,6.1NRT,296.74,20.25,D,MODIS,4,Savannas & Grasslands
-15.88813,30.59986,316.47,1.04,1.02,2026-09-19,631.0,T,67.0,6.1NRT,297.48,7.88,D,MODIS,4,Savannas & Grasslands
-15.65653,28.89683,319.78,1.01,1.0,2026-09-19,631.0,T,59.0,6.1NRT,296.11,12.13,D,MODIS,4,Savannas & Grasslands
-15.68781,29.05068,310.01,1.0,1.0,2026-09-19,631.0,T,49.0,6.1NRT,296.2,5.79,D,MODIS,4,Savannas & Grasslands
-16.51058,35.33897,317.5,2.05,1.39,2026-09-19,631.0,T,71.0,6.1NRT,296.35,25.26,D,MODIS,4,Savannas & Grasslands
-15.69533,29.04023,311.48,1.0,1.0,2026-09-19,631.0,T,57.0,6.1NRT,296.37,7.05,D,MODIS,4,Savannas & Grasslands
-15.60594,28.2342,317.13,1.04,1.02,2026-09-19,631.0,T,70.0,6.1NRT,297.86,10.45,D,MODIS,4,Savannas & Grasslands
-16.22346,32.5875,311.21,1.29,1.13,2026-09-19,631.0,T,53.0,6.1NRT,296.84,6.88,D,MODIS,4,Savannas & Grasslands
-15.43168,26.77199,314.59,1.2,1.09,2026-09-19,631.0,T,66.0,6.1NRT,298.1,9.26,D,MODIS,4,Savannas & Grasslands
-15.77597,28.88465,313.43,1.01,1.0,2026-09-19,631.0,T,57.0,6.1NRT,298.51,7.2,D,MODIS,4,Savannas & Grasslands
-15.18425,24.96414,308.12,1.57,1.24,2026-09-19,631.0,T,44.0,6.1NRT,296.26,7.18,D,MODIS,4,Savannas & Grasslands
-15.79182,28.80721,312.34,1.01,1.0,2026-09-19,631.0,T,59.0,6.1NRT,297.17,6.27,D,MODIS,4,Savannas & Grasslands
-15.56695,27.24101,311.37,1.13,1.06,2026-09-19,631.0,T,45.0,6.1NRT,298.35,6.3,D,MODIS,4,Savannas & Grasslands
-15.2166,24.46453,310.94,1.71,1.28,2026-09-19,631.0,T,61.0,6.1NRT,296.39,14.04,D,MODIS,4,Savannas & Grasslands
-15.89658,28.83145,313.01,1.01,1.0,2026-09-19,631.0,T,60.0,6.1NRT,300.16,4.91,D,MODIS,4,Savannas & Grasslands
-16.3417,31.92447,314.77,1.19,1.09,2026-09-19,631.0,T,63.0,6.1NRT,297.77,9.33,D,MODIS,4,Savannas & Grasslands
-15.63108,26.80446,311.85,1.19,1.08,2026-09-19,631.0,T,61.0,6.1NRT,296.93,7.34,D,MODIS,4,Savannas & Grasslands
-15.57571,26.36525,314.43,1.25,1.11,2026-09-19,631.0,T,67.0,6.1NRT,297.58,10.09,D,MODIS,4,Savannas & Grasslands
-15.83575,27.85736,321.84,1.06,1.03,2026-09-19,631.0,T,76.0,6.1NRT,298.13,16.33,D,MODIS,4,Savannas & Grasslands
-15.8372,27.86702,310.76,1.06,1.03,2026-09-19,631.0,T,53.0,6.1NRT,297.47,5.44,D,MODIS,4,Savannas & Grasslands
-16.23058,30.54544,310.34,1.04,1.02,2026-09-19,631.0,T,34.0,6.1NRT,296.73,5.04,D,MODIS,4,Savannas & Grasslands
-15.29355,24.30046,310.36,1.75,1.3,2026-09-19,631.0,T,59.0,6.1NRT,296.41,12.36,D,MODIS,4,Savannas & Grasslands
-15.99439,28.74476,315.07,1.01,1.0,2026-09-19,631.0,T,65.0,6.1NRT,300.35,6.36,D,MODIS,4,Savannas & Grasslands
-16.00689,28.51034,310.36,1.02,1.01,2026-09-19,631.0,T,51.0,6.1NRT,297.07,4.61,D,MODIS,4,Savannas & Grasslands
-16.30143,30.25848,308.33,1.03,1.01,2026-09-19,631.0,T,33.0,6.1NRT,296.38,4.26,D,MODIS,4,Savannas & Grasslands
-15.66071,25.73591,316.09,1.37,1.16,2026-09-19,631.0,T,51.0,6.1NRT,297.63,13.46,D,MODIS,4,Savannas & Grasslands
-15.66264,25.74824,316.04,1.37,1.16,2026-09-19,631.0,T,47.0,6.1NRT,297.63,12.92,D,MODIS,4,Savannas & Grasslands
-15.66011,25.7426,316.49,1.37,1.16,2026-09-19,631.0,T,52.0,6.1NRT,297.47,12.97,D,MODIS,4,Savannas & Grasslands
-15.69288,25.68606,311.56,1.38,1.16,2026-09-19,631.0,T,59.0,6.1NRT,297.38,9.64,D,MODIS,4,Savannas & Grasslands
-15.69488,25.69855,313.66,1.37,1.16,2026-09-19,631.0,T,65.0,6.1NRT,297.15,11.83,D,MODIS,4,Savannas & Grasslands
-15.70083,25.73572,311.75,1.37,1.16,2026-09-19,631.0,T,60.0,6.1NRT,297.15,8.01,D,MODIS,4,Savannas & Grasslands
-16.13055,28.35188,323.76,1.02,1.01,2026-09-19,631.0,T,78.0,6.1NRT,299.42,17.05,D,MODIS,4,Savannas & Grasslands
-16.30017,29.52719,313.3,1.0,1.0,2026-09-19,631.0,T,59.0,6.1NRT,295.93,7.39,D,MODIS,4,Savannas & Grasslands
-16.3077,29.51674,320.22,1.0,1.0,2026-09-19,631.0,T,74.0,6.1NRT,296.75,13.38,D,MODIS,4,Savannas & Grasslands
-16.309,29.52587,328.98,1.0,1.0,2026-09-19,631.0,T,83.0,6.1NRT,297.31,23.11,D,MODIS,4,Savannas & Grasslands
-16.33251,29.1709,319.9,1.0,1.0,2026-09-19,631.0,T,74.0,6.1NRT,299.35,11.69,D,MODIS,4,Savannas & Grasslands
-16.33382,29.18003,322.33,1.0,1.0,2026-09-19,631.0,T,77.0,6.1NRT,299.18,14.09,D,MODIS,4,Savannas & Grasslands
-15.74465,25.23325,309.62,1.47,1.2,2026-09-19,631.0,T,54.0,6.1NRT,297.14,8.08,D,MODIS,4,Savannas & Grasslands
-16.21156,28.27585,328.28,1.03,1.01,2026-09-19,631.0,T,82.0,6.1NRT,299.16,21.17,D,MODIS,4,Savannas & Grasslands
-16.34133,29.16958,326.96,1.0,1.0,2026-09-19,631.0,T,81.0,6.1NRT,298.79,18.08,D,MODIS,4,Savannas & Grasslands
-16.34264,29.17871,328.97,1.0,1.0,2026-09-19,631.0,T,83.0,6.1NRT,298.85,20.53,D,MODIS,4,Savannas & Grasslands
-16.44905,29.93021,309.94,1.01,1.01,2026-09-19,631.0,T,56.0,6.1NRT,296.97,4.51,D,MODIS,4,Savannas & Grasslands
-16.45035,29.93948,314.69,1.01,1.01,2026-09-19,631.0,T,68.0,6.1NRT,297.34,8.09,D,MODIS,4,Savannas & Grasslands
-16.22049,28.27445,319.23,1.03,1.01,2026-09-19,631.0,T,72.0,6.1NRT,298.51,11.55,D,MODIS,4,Savannas & Grasslands
-16.37493,29.34171,315.79,1.0,1.0,2026-09-19,631.0,T,68.0,6.1NRT,296.34,9.51,D,MODIS,4,Savannas & Grasslands
-16.37623,29.35084,323.41,1.0,1.0,2026-09-19,631.0,T,78.0,6.1NRT,296.97,16.9,D,MODIS,4,Savannas & Grasslands
-16.36609,29.07586,321.01,1.0,1.0,2026-09-19,631.0,T,75.0,6.1NRT,299.27,12.99,D,MODIS,4,Savannas & Grasslands
-16.37621,29.08365,315.97,1.0,1.0,2026-09-19,631.0,T,62.0,6.1NRT,298.36,7.88,D,MODIS,4,Savannas & Grasslands
-15.95124,26.14824,314.45,1.28,1.12,2026-09-19,631.0,T,62.0,6.1NRT,298.13,9.34,D,MODIS,4,Savannas & Grasslands
-15.95307,26.15984,375.35,1.28,1.12,2026-09-19,631.0,T,100.0,6.1NRT,303.73,184.32,D,MODIS,4,Savannas & Grasslands
-15.9549,26.17143,332.87,1.27,1.12,2026-09-19,631.0,T,86.0,6.1NRT,299.81,36.69,D,MODIS,4,Savannas & Grasslands
-15.19186,21.55978,316.66,2.86,1.61,2026-09-19,631.0,T,0.0,6.1NRT,285.79,60.26,D,MODIS,4,Savannas & Grasslands
-15.96111,26.1466,311.33,1.28,1.12,2026-09-19,631.0,T,18.0,6.1NRT,297.36,5.85,D,MODIS,4,Savannas & Grasslands
-15.96294,26.15821,345.9,1.28,1.12,2026-09-19,631.0,T,93.0,6.1NRT,298.54,68.47,D,MODIS,4,Savannas & Grasslands
-15.82322,25.21376,309.68,1.47,1.2,2026-09-19,631.0,T,54.0,6.1NRT,296.62,8.37,D,MODIS,4,Savannas & Grasslands
-16.47663,29.5352,324.55,1.0,1.0,2026-09-19,631.0,T,79.0,6.1NRT,296.95,17.81,D,MODIS,4,Savannas & Grasslands
-15.56864,23.58897,307.72,1.96,1.37,2026-09-19,631.0,T,51.0,6.1NRT,295.88,10.94,D,MODIS,4,Savannas & Grasslands
-16.2996,28.24643,309.97,1.03,1.01,2026-09-19,631.0,T,44.0,6.1NRT,297.64,3.93,D,MODIS,4,Savannas & Grasslands
-16.30098,28.25583,315.33,1.03,1.01,2026-09-19,631.0,T,65.0,6.1NRT,297.95,8.15,D,MODIS,4,Savannas & Grasslands
-16.66922,30.85992,309.62,1.07,1.03,2026-09-19,631.0,T,57.0,6.1NRT,294.41,6.65,D,MODIS,4,Savannas & Grasslands
-16.64115,30.11717,308.42,1.02,1.01,2026-09-19,631.0,T,49.0,6.1NRT,295.74,4.19,D,MODIS,4,Savannas & Grasslands
-16.65006,30.11585,311.44,1.02,1.01,2026-09-19,631.0,T,61.0,6.1NRT,296.49,6.5,D,MODIS,4,Savannas & Grasslands
-17.54635,37.16307,310.63,2.94,1.63,2026-09-19,631.0,T,22.0,6.1NRT,292.53,23.58,D,MODIS,4,Savannas & Grasslands
-16.89751,31.47712,310.41,1.15,1.07,2026-09-19,631.0,T,58.0,6.1NRT,295.96,6.9,D,MODIS,4,Savannas & Grasslands
-17.54861,37.1573,310.22,2.94,1.63,2026-09-19,631.0,T,33.0,6.1NRT,293.14,22.71,D,MODIS,4,Savannas & Grasslands
-17.56039,37.12885,308.83,2.93,1.63,2026-09-19,631.0,T,27.0,6.1NRT,292.75,16.67,D,MODIS,4,Savannas & Grasslands
-16.70463,29.84586,314.19,1.01,1.01,2026-09-19,631.0,T,67.0,6.1NRT,295.94,8.48,D,MODIS,4,Savannas & Grasslands
-16.70592,29.85513,310.53,1.01,1.01,2026-09-19,631.0,T,58.0,6.1NRT,296.18,5.53,D,MODIS,4,Savannas & Grasslands
-16.77581,30.29298,313.11,1.03,1.02,2026-09-19,631.0,T,65.0,6.1NRT,297.0,6.88,D,MODIS,4,Savannas & Grasslands
-16.26352,26.71371,311.24,1.18,1.08,2026-09-19,631.0,T,54.0,6.1NRT,298.58,5.72,D,MODIS,4,Savannas & Grasslands
-16.42386,27.77671,313.2,1.06,1.03,2026-09-19,631.0,T,52.0,6.1NRT,299.19,5.27,D,MODIS,4,Savannas & Grasslands
-17.21695,33.60085,311.15,1.56,1.23,2026-09-19,631.0,T,49.0,6.1NRT,295.94,9.55,D,MODIS,4,Savannas & Grasslands
-17.21872,33.61528,311.51,1.56,1.23,2026-09-19,631.0,T,54.0,6.1NRT,295.36,10.36,D,MODIS,4,Savannas & Grasslands
-16.87269,30.12256,314.15,1.03,1.01,2026-09-19,631.0,T,67.0,6.1NRT,298.36,7.64,D,MODIS,4,Savannas & Grasslands
-16.88162,30.12123,331.1,1.03,1.01,2026-09-19,631.0,T,85.0,6.1NRT,297.59,26.04,D,MODIS,4,Savannas & Grasslands
-16.98411,30.88088,307.3,1.08,1.04,2026-09-19,631.0,T,44.0,6.1NRT,294.58,4.93,D,MODIS,4,Savannas & Grasslands
-16.5754,27.92641,313.79,1.04,1.02,2026-09-19,631.0,T,61.0,6.1NRT,298.77,6.8,D,MODIS,4,Savannas & Grasslands
-16.85674,29.15734,310.72,1.0,1.0,2026-09-19,631.0,T,55.0,6.1NRT,297.56,4.64,D,MODIS,4,Savannas & Grasslands
-16.85805,29.16649,320.77,1.0,1.0,2026-09-19,631.0,T,75.0,6.1NRT,297.68,13.19,D,MODIS,4,Savannas & Grasslands
-16.94747,29.8006,310.75,1.01,1.01,2026-09-19,631.0,T,58.0,6.1NRT,297.06,6.03,D,MODIS,4,Savannas & Grasslands
-16.94876,29.80988,310.41,1.01,1.01,2026-09-19,631.0,T,57.0,6.1NRT,296.82,5.82,D,MODIS,4,Savannas & Grasslands
-17.2047,31.72184,319.99,1.19,1.08,2026-09-19,631.0,T,76.0,6.1NRT,297.65,17.42,D,MODIS,4,Savannas & Grasslands
-17.45239,33.55161,314.04,1.56,1.23,2026-09-19,631.0,T,66.0,6.1NRT,296.75,14.42,D,MODIS,4,Savannas & Grasslands
-16.44399,26.1533,312.5,1.26,1.11,2026-09-19,631.0,T,61.0,6.1NRT,298.89,7.74,D,MODIS,4,Savannas & Grasslands
-16.90625,28.98482,319.44,1.0,1.0,2026-09-19,633.0,T,55.0,6.1NRT,294.85,13.91,D,MODIS,4,Savannas & Grasslands
-17.07964,30.0896,310.29,1.03,1.01,2026-09-19,633.0,T,57.0,6.1NRT,297.07,5.04,D,MODIS,4,Savannas & Grasslands
-17.15878,30.53485,319.36,1.06,1.03,2026-09-19,633.0,T,75.0,6.1NRT,297.47,13.37,D,MODIS,4,Savannas & Grasslands
-17.8678,35.24427,317.37,2.11,1.41,2026-09-19,633.0,T,72.0,6.1NRT,298.07,25.04,D,MODIS,4,Savannas & Grasslands
-17.87,35.26373,314.53,2.12,1.41,2026-09-19,633.0,T,67.0,6.1NRT,295.44,18.86,D,MODIS,4,Savannas & Grasslands
-17.87156,35.25781,319.41,2.12,1.41,2026-09-19,633.0,T,74.0,6.1NRT,295.5,31.0,D,MODIS,4,Savannas & Grasslands
-16.4689,24.84141,311.75,1.53,1.22,2026-09-19,633.0,T,60.0,6.1NRT,297.89,11.62,D,MODIS,4,Savannas & Grasslands
-17.78612,34.15476,316.49,1.74,1.29,2026-09-19,633.0,T,71.0,6.1NRT,291.99,22.28,D,MODIS,4,Savannas & Grasslands
-17.37385,30.28905,308.46,1.04,1.02,2026-09-19,633.0,T,49.0,6.1NRT,296.78,4.42,D,MODIS,4,Savannas & Grasslands
-17.48982,31.16017,308.31,1.12,1.06,2026-09-19,633.0,T,52.0,6.1NRT,295.24,5.79,D,MODIS,4,Savannas & Grasslands
-18.1675,36.57611,320.09,2.7,1.57,2026-09-19,633.0,T,75.0,6.1NRT,293.8,56.73,D,MODIS,4,Savannas & Grasslands
-18.17307,36.57001,311.82,2.7,1.57,2026-09-19,633.0,T,44.0,6.1NRT,294.99,24.7,D,MODIS,4,Savannas & Grasslands
-16.83977,25.9255,311.87,1.28,1.12,2026-09-19,633.0,T,59.0,6.1NRT,297.93,7.25,D,MODIS,4,Savannas & Grasslands
-17.67853,31.46001,311.34,1.16,1.07,2026-09-19,633.0,T,59.0,6.1NRT,297.36,7.94,D,MODIS,4,Savannas & Grasslands
-17.64001,30.62362,309.05,1.07,1.03,2026-09-19,633.0,T,47.0,6.1NRT,293.32,5.17,D,MODIS,4,Savannas & Grasslands
-17.67807,30.69866,321.77,1.08,1.04,2026-09-19,633.0,T,77.0,6.1NRT,296.44,16.55,D,MODIS,4,Savannas & Grasslands
-17.67942,30.7086,308.59,1.08,1.04,2026-09-19,633.0,T,38.0,6.1NRT,294.93,3.97,D,MODIS,4,Savannas & Grasslands
-17.68664,30.70158,312.85,1.08,1.04,2026-09-19,633.0,T,65.0,6.1NRT,296.2,7.81,D,MODIS,4,Savannas & Grasslands
-17.48255,28.64337,311.78,1.0,1.0,2026-09-19,633.0,T,56.0,6.1NRT,298.8,4.9,D,MODIS,4,Savannas & Grasslands
-17.94978,31.80543,327.34,1.22,1.1,2026-09-19,633.0,T,83.0,6.1NRT,296.68,29.54,D,MODIS,4,Savannas & Grasslands
-17.57446,28.64161,311.45,1.0,1.0,2026-09-19,633.0,T,55.0,6.1NRT,298.25,4.21,D,MODIS,4,Savannas & Grasslands
-17.82748,30.17302,309.63,1.04,1.02,2026-09-19,633.0,T,54.0,6.1NRT,296.68,4.96,D,MODIS,4,Savannas & Grasslands
-17.05102,24.65112,310.3,1.54,1.22,2026-09-19,633.0,T,53.0,6.1NRT,297.88,8.04,D,MODIS,4,Savannas & Grasslands
-17.15515,25.21097,312.21,1.4,1.17,2026-09-19,633.0,T,60.0,6.1NRT,299.03,7.69,D,MODIS,4,Savannas & Grasslands
-17.59646,28.02669,326.2,1.02,1.01,2026-09-19,633.0,T,80.0,6.1NRT,297.59,20.09,D,MODIS,4,Savannas & Grasslands
-18.00783,30.97682,312.33,1.11,1.05,2026-09-19,633.0,T,64.0,6.1NRT,297.99,7.34,D,MODIS,4,Savannas & Grasslands
-17.37321,26.5041,316.33,1.17,1.08,2026-09-19,633.0,T,68.0,6.1NRT,297.27,11.94,D,MODIS,4,Savannas & Grasslands
-18.32758,33.4991,334.23,1.59,1.24,2026-09-19,633.0,T,88.0,6.1NRT,297.16,60.02,D,MODIS,4,Savannas & Grasslands
-18.32928,33.51376,321.13,1.59,1.24,2026-09-19,633.0,T,78.0,6.1NRT,295.47,28.65,D,MODIS,4,Savannas & Grasslands
-17.22069,25.48396,318.68,1.34,1.15,2026-09-19,633.0,T,72.0,6.1NRT,298.45,15.94,D,MODIS,4,Savannas & Grasslands
-17.23277,25.4945,312.25,1.34,1.15,2026-09-19,633.0,T,25.0,6.1NRT,298.4,7.11,D,MODIS,4,Savannas & Grasslands
-17.85569,29.64272,317.74,1.01,1.01,2026-09-19,633.0,T,71.0,6.1NRT,297.73,11.47,D,MODIS,4,Savannas & Grasslands
-18.1993,31.93293,309.92,1.25,1.11,2026-09-19,633.0,T,61.0,6.1NRT,297.17,8.0,D,MODIS,4,Savannas & Grasslands
-17.6421,27.65258,316.99,1.05,1.02,2026-09-19,633.0,T,69.0,6.1NRT,299.49,8.5,D,MODIS,4,Savannas & Grasslands
-17.13408,24.39513,310.31,1.6,1.24,2026-09-19,633.0,T,53.0,6.1NRT,297.43,10.15,D,MODIS,4,Savannas & Grasslands
-17.31372,25.05095,310.96,1.43,1.18,2026-09-19,633.0,T,47.0,6.1NRT,297.85,7.43,D,MODIS,4,Savannas & Grasslands
-18.57327,33.65379,313.68,1.64,1.26,2026-09-19,633.0,T,66.0,6.1NRT,292.34,18.85,D,MODIS,4,Savannas & Grasslands
-18.57506,33.669,319.42,1.65,1.26,2026-09-19,633.0,T,77.0,6.1NRT,292.98,29.07,D,MODIS,4,Savannas & Grasslands
-17.87197,27.77076,313.66,1.04,1.02,2026-09-19,633.0,T,63.0,6.1NRT,298.02,7.65,D,MODIS,4,Savannas & Grasslands
-17.50142,24.93789,318.5,1.44,1.19,2026-09-19,633.0,T,72.0,6.1NRT,297.95,17.32,D,MODIS,4,Savannas & Grasslands
-17.50359,24.95109,314.39,1.44,1.19,2026-09-19,633.0,T,56.0,6.1NRT,297.24,11.35,D,MODIS,4,Savannas & Grasslands
-17.44673,24.54071,324.07,1.54,1.22,2026-09-19,633.0,T,79.0,6.1NRT,297.82,31.53,D,MODIS,4,Savannas & Grasslands
-17.44905,24.55476,319.49,1.54,1.22,2026-09-19,633.0,T,74.0,6.1NRT,297.35,22.85,D,MODIS,4,Savannas & Grasslands
-17.51402,24.94926,326.94,1.44,1.19,2026-09-19,633.0,T,71.0,6.1NRT,298.23,30.91,D,MODIS,4,Savannas & Grasslands
-17.67021,25.72719,312.67,1.28,1.12,2026-09-19,633.0,T,60.0,6.1NRT,298.26,8.69,D,MODIS,4,Savannas & Grasslands
-17.82859,26.46157,318.39,1.16,1.07,2026-09-19,633.0,T,71.0,6.1NRT,300.82,12.2,D,MODIS,4,Savannas & Grasslands
-17.8347,26.43865,314.42,1.16,1.07,2026-09-19,633.0,T,64.0,6.1NRT,299.59,7.93,D,MODIS,4,Savannas & Grasslands
-18.85344,33.90281,306.36,1.73,1.29,2026-09-19,633.0,T,31.0,6.1NRT,293.7,9.55,D,MODIS,4,Savannas & Grasslands
-18.56231,30.09509,309.74,1.05,1.02,2026-09-19,633.0,T,58.0,6.1NRT,298.77,4.73,D,MODIS,4,Savannas & Grasslands
-18.60771,28.32162,309.64,1.01,1.0,2026-09-19,633.0,T,54.0,6.1NRT,297.22,4.7,D,MODIS,4,Savannas & Grasslands
-18.62978,28.1502,307.28,1.01,1.0,2026-09-19,633.0,T,24.0,6.1NRT,296.2,3.6,D,MODIS,4,Savannas & Grasslands
-18.72359,28.79946,311.24,1.0,1.0,2026-09-19,633.0,T,61.0,6.1NRT,297.58,5.97,D,MODIS,4,Savannas & Grasslands
-18.72491,28.80872,308.97,1.0,1.0,2026-09-19,633.0,T,53.0,6.1NRT,297.22,4.33,D,MODIS,4,Savannas & Grasslands
-17.9436,23.7156,318.82,1.73,1.29,2026-09-19,633.0,T,74.0,6.1NRT,298.11,26.33,D,MODIS,4,Savannas & Grasslands
-18.12029,23.24721,314.21,1.86,1.33,2026-09-19,633.0,T,66.0,6.1NRT,297.24,18.09,D,MODIS,4,Savannas & Grasslands
-18.12658,23.23906,311.32,1.86,1.33,2026-09-19,633.0,T,60.0,6.1NRT,297.41,12.48,D,MODIS,4,Savannas & Grasslands
-18.12955,23.25604,309.96,1.85,1.33,2026-09-19,633.0,T,53.0,6.1NRT,297.23,10.24,D,MODIS,4,Savannas & Grasslands
-18.509,25.38508,313.73,1.3,1.13,2026-09-19,633.0,T,41.0,6.1NRT,298.75,8.63,D,MODIS,4,Savannas & Grasslands
-18.51093,25.39708,314.22,1.3,1.13,2026-09-19,633.0,T,42.0,6.1NRT,298.34,9.6,D,MODIS,4,Savannas & Grasslands
-18.54745,25.56138,320.58,1.27,1.12,2026-09-19,633.0,T,75.0,6.1NRT,298.71,18.7,D,MODIS,4,Savannas & Grasslands
-18.54931,25.57309,313.09,1.27,1.12,2026-09-19,633.0,T,63.0,6.1NRT,298.37,9.28,D,MODIS,4,Savannas & Grasslands
-19.2536,30.24014,311.95,1.07,1.03,2026-09-19,633.0,T,65.0,6.1NRT,297.38,8.18,D,MODIS,4,Savannas & Grasslands
-19.37976,31.19504,312.04,1.18,1.08,2026-09-19,633.0,T,64.0,6.1NRT,296.11,9.84,D,MODIS,4,Savannas & Grasslands
-18.89795,27.53129,313.87,1.04,1.02,2026-09-19,633.0,T,4.0,6.1NRT,297.07,6.85,D,MODIS,4,Savannas & Grasslands
-18.89939,27.54086,320.29,1.03,1.02,2026-09-19,633.0,T,65.0,6.1NRT,297.39,12.47,D,MODIS,4,Savannas & Grasslands
-19.06104,28.58045,309.37,1.0,1.0,2026-09-19,633.0,T,56.0,6.1NRT,297.25,5.06,D,MODIS,4,Savannas & Grasslands
-18.23296,23.2483,311.67,1.85,1.33,2026-09-19,633.0,T,61.0,6.1NRT,296.56,13.88,D,MODIS,4,Savannas & Grasslands
-18.6318,25.38224,313.97,1.3,1.13,2026-09-19,633.0,T,45.0,6.1NRT,298.98,8.75,D,MODIS,4,Savannas & Grasslands
-18.64175,25.3805,315.4,1.3,1.13,2026-09-19,633.0,T,65.0,6.1NRT,298.32,10.73,D,MODIS,4,Savannas & Grasslands
-18.68274,25.37908,316.95,1.3,1.13,2026-09-19,633.0,T,55.0,6.1NRT,298.53,13.72,D,MODIS,4,Savannas & Grasslands
-18.68468,25.39106,311.92,1.29,1.13,2026-09-19,633.0,T,50.0,6.1NRT,298.06,8.61,D,MODIS,4,Savannas & Grasslands
-18.69237,25.4387,311.13,1.29,1.13,2026-09-19,633.0,T,54.0,6.1NRT,297.94,7.72,D,MODIS,4,Savannas & Grasslands
-18.69429,25.45057,310.29,1.28,1.12,2026-09-19,633.0,T,56.0,6.1NRT,297.58,6.76,D,MODIS,4,Savannas & Grasslands
-19.56991,30.3434,320.8,1.08,1.04,2026-09-19,633.0,T,77.0,6.1NRT,297.92,16.66,D,MODIS,4,Savannas & Grasslands
-20.10292,30.91795,312.91,1.16,1.07,2026-09-19,633.0,T,67.0,6.1NRT,296.82,10.31,D,MODIS,4,Savannas & Grasslands
-19.52505,25.89898,315.0,1.18,1.08,2026-09-19,633.0,T,65.0,6.1NRT,298.0,10.42,D,MODIS,4,Savannas & Grasslands
-19.53286,25.88638,318.32,1.18,1.08,2026-09-19,633.0,T,73.0,6.1NRT,298.15,14.57,D,MODIS,4,Savannas & Grasslands
-20.05456,29.15769,307.16,1.01,1.01,2026-09-19,633.0,T,38.0,6.1NRT,293.64,4.17,D,MODIS,4,Savannas & Grasslands
-20.1373,29.09037,310.41,1.01,1.01,2026-09-19,633.0,T,60.0,6.1NRT,292.3,6.52,D,MODIS,4,Savannas & Grasslands
-20.09196,28.63711,314.62,1.0,1.0,2026-09-19,633.0,T,71.0,6.1NRT,293.77,10.23,D,MODIS,4,Savannas & Grasslands
-20.76938,31.61716,314.13,1.29,1.13,2026-09-19,633.0,T,62.0,6.1NRT,296.17,12.92,D,MODIS,4,Savannas & Grasslands
-21.2586,32.85597,311.45,1.57,1.23,2026-09-19,633.0,T,65.0,6.1NRT,296.86,10.93,D,MODIS,4,Savannas & Grasslands
-23.21178,24.23084,311.16,1.3,1.13,2026-09-19,635.0,T,71.0,6.1NRT,292.61,11.05,D,MODIS,4,Savannas & Grasslands
-24.60581,31.65025,309.21,1.44,1.19,2026-09-19,635.0,T,50.0,6.1NRT,288.38,8.78,D,MODIS,4,Savannas & Grasslands
-24.83728,30.57214,330.09,1.25,1.11,2026-09-19,635.0,T,86.0,6.1NRT,291.64,37.29,D,MODIS,4,Savannas & Grasslands
-24.83868,30.58395,305.22,1.25,1.11,2026-09-19,635.0,T,51.0,6.1NRT,290.22,6.17,D,MODIS,4,Savannas & Grasslands
-24.84012,30.59615,312.4,1.26,1.11,2026-09-19,635.0,T,69.0,6.1NRT,291.77,13.17,D,MODIS,4,Savannas & Grasslands
-25.73377,29.72895,300.45,1.16,1.07,2026-09-19,635.0,T,30.0,6.1NRT,288.18,2.98,D,MODIS,4,Savannas & Grasslands
-25.80643,29.49603,302.95,1.13,1.06,2026-09-19,635.0,T,52.0,6.1NRT,290.14,4.36,D,MODIS,4,Savannas & Grasslands
-25.81583,29.49466,305.78,1.13,1.06,2026-09-19,635.0,T,62.0,6.1NRT,289.93,6.38,D,MODIS,4,Savannas & Grasslands
-25.85728,29.17023,305.76,1.1,1.05,2026-09-19,635.0,T,62.0,6.1NRT,289.75,6.46,D,MODIS,4,Savannas & Grasslands
-26.03608,29.20769,307.81,1.11,1.05,2026-09-19,635.0,T,62.0,6.1NRT,290.56,8.29,D,MODIS,4,Savannas & Grasslands
-26.10684,29.54536,303.29,1.15,1.07,2026-09-19,635.0,T,55.0,6.1NRT,286.1,5.76,D,MODIS,4,Savannas & Grasslands
-26.54523,29.15495,305.33,1.12,1.05,2026-09-19,635.0,T,35.0,6.1NRT,289.93,5.95,D,MODIS,4,Savannas & Grasslands
-26.55594,29.16447,302.02,1.12,1.05,2026-09-19,635.0,T,21.0,6.1NRT,290.1,4.25,D,MODIS,4,Savannas & Grasslands
-15.45334,14.51676,313.86,3.97,1.85,2026-09-19,811.0,T,47.0,6.1NRT,295.88,55.15,D,MODIS,4,Savannas & Grasslands
-15.46033,14.51056,316.23,3.97,1.85,2026-09-19,811.0,T,72.0,6.1NRT,296.71,73.01,D,MODIS,4,Savannas & Grasslands
-6.05014,14.95497,317.77,3.14,1.68,2026-09-19,809.0,T,73.0,6.1NRT,290.28,56.96,D,MODIS,4,Savannas & Grasslands
-6.05066,14.94943,314.76,3.14,1.68,2026-09-19,809.0,T,68.0,6.1NRT,290.31,43.2,D,MODIS,4,Savannas & Grasslands
-24.9597,45.74054,310.81,1.07,1.03,2026-09-19,1259.0,A,49.0,6.1NRT,300.62,5.22,D,MODIS,4,Savannas & Grasslands
-9.78387,39.57781,315.19,1.03,1.01,2026-09-19,1304.0,A,38.0,6.1NRT,300.38,6.59,D,MODIS,4,Savannas & Grasslands
-24.50253,46.33271,318.96,1.14,1.06,2026-09-19,1259.0,A,66.0,6.1NRT,307.47,7.44,D,MODIS,4,Savannas & Grasslands
-9.83387,39.10674,316.33,1.06,1.03,2026-09-19,1304.0,A,60.0,6.1NRT,295.7,7.79,D,MODIS,4,Savannas & Grasslands
-24.48167,43.89988,320.17,1.0,1.0,2026-09-19,1259.0,A,62.0,6.1NRT,305.09,9.28,D,MODIS,4,Savannas & Grasslands
-9.76514,39.51961,317.43,1.03,1.01,2026-09-19,1304.0,A,61.0,6.1NRT,299.58,10.42,D,MODIS,4,Savannas & Grasslands
-23.97359,46.72167,322.58,1.21,1.09,2026-09-19,1259.0,A,60.0,6.1NRT,296.02,20.84,D,MODIS,4,Savannas & Grasslands
-24.01814,46.39695,317.21,1.16,1.07,2026-09-19,1259.0,A,60.0,6.1NRT,306.96,6.74,D,MODIS,4,Savannas & Grasslands
-9.85149,38.78988,322.1,1.09,1.04,2026-09-19,1304.0,A,73.0,6.1NRT,304.02,9.97,D,MODIS,4,Savannas & Grasslands
-9.77566,39.19302,315.65,1.05,1.02,2026-09-19,1304.0,A,49.0,6.1NRT,301.58,5.0,D,MODIS,4,Savannas & Grasslands
-9.79593,38.98576,330.65,1.07,1.03,2026-09-19,1304.0,A,82.0,6.1NRT,304.18,19.78,D,MODIS,4,Savannas & Grasslands
-9.92214,38.01412,324.84,1.19,1.08,2026-09-19,1304.0,A,76.0,6.1NRT,298.15,19.27,D,MODIS,4,Savannas & Grasslands
-9.59727,39.52842,318.22,1.03,1.01,2026-09-19,1304.0,A,61.0,6.1NRT,303.87,8.01,D,MODIS,4,Savannas & Grasslands
-9.45657,39.42768,315.68,1.03,1.01,2026-09-19,1304.0,A,53.0,6.1NRT,302.57,6.12,D,MODIS,4,Savannas & Grasslands
-9.58959,37.96315,321.07,1.18,1.08,2026-09-19,1304.0,A,56.0,6.1NRT,297.57,15.55,D,MODIS,4,Savannas & Grasslands
-9.37376,39.22604,313.26,1.04,1.02,2026-09-19,1304.0,A,30.0,6.1NRT,300.08,6.0,D,MODIS,4,Savannas & Grasslands
-9.37014,39.18805,321.99,1.04,1.02,2026-09-19,1304.0,A,73.0,6.1NRT,300.01,14.24,D,MODIS,4,Savannas & Grasslands
-9.30719,39.55941,319.89,1.02,1.01,2026-09-19,1304.0,A,68.0,6.1NRT,301.09,11.49,D,MODIS,4,Savannas & Grasslands
-9.4127,37.84024,325.79,1.2,1.09,2026-09-19,1304.0,A,74.0,6.1NRT,299.83,21.47,D,MODIS,4,Savannas & Grasslands
-9.19533,39.31456,314.75,1.03,1.02,2026-09-19,1304.0,A,33.0,6.1NRT,298.51,7.15,D,MODIS,4,Savannas & Grasslands
-9.40173,37.84927,319.63,1.2,1.09,2026-09-19,1304.0,A,64.0,6.1NRT,297.57,12.53,D,MODIS,4,Savannas & Grasslands
-9.40319,37.83876,349.93,1.2,1.09,2026-09-19,1304.0,A,95.0,6.1NRT,301.53,71.52,D,MODIS,4,Savannas & Grasslands
-9.16795,39.18314,323.48,1.04,1.02,2026-09-19,1304.0,A,74.0,6.1NRT,300.87,15.3,D,MODIS,4,Savannas & Grasslands
-9.39344,37.60254,346.72,1.23,1.1,2026-09-19,1304.0,A,93.0,6.1NRT,300.95,64.67,D,MODIS,4,Savannas & Grasslands
-9.37148,37.47621,313.65,1.25,1.11,2026-09-19,1304.0,A,55.0,6.1NRT,297.94,8.37,D,MODIS,4,Savannas & Grasslands
-9.28589,37.95436,322.69,1.18,1.08,2026-09-19,1304.0,A,37.0,6.1NRT,302.09,14.11,D,MODIS,4,Savannas & Grasslands
-9.28732,37.94401,322.25,1.18,1.08,2026-09-19,1304.0,A,41.0,6.1NRT,300.91,13.45,D,MODIS,4,Savannas & Grasslands
-9.08347,39.31329,324.28,1.03,1.02,2026-09-19,1304.0,A,75.0,6.1NRT,303.86,13.86,D,MODIS,4,Savannas & Grasslands
-9.09081,39.13727,317.18,1.04,1.02,2026-09-19,1304.0,A,62.0,6.1NRT,299.72,9.76,D,MODIS,4,Savannas & Grasslands
-9.09214,39.12809,318.8,1.04,1.02,2026-09-19,1304.0,A,66.0,6.1NRT,297.4,10.78,D,MODIS,4,Savannas & Grasslands
-9.20292,38.3585,323.78,1.12,1.05,2026-09-19,1304.0,A,58.0,6.1NRT,303.09,14.7,D,MODIS,4,Savannas & Grasslands
-9.20434,38.34861,322.89,1.12,1.06,2026-09-19,1304.0,A,16.0,6.1NRT,305.41,13.63,D,MODIS,4,Savannas & Grasslands
-9.27242,37.87143,319.03,1.19,1.08,2026-09-19,1304.0,A,35.0,6.1NRT,299.38,10.78,D,MODIS,4,Savannas & Grasslands
-9.32517,37.42903,345.02,1.26,1.12,2026-09-19,1304.0,A,93.0,6.1NRT,298.34,64.77,D,MODIS,4,Savannas & Grasslands
-9.32673,37.41794,329.05,1.26,1.12,2026-09-19,1304.0,A,82.0,6.1NRT,299.97,30.13,D,MODIS,4,Savannas & Grasslands
-9.3327,37.00966,316.79,1.34,1.15,2026-09-19,1304.0,A,0.0,6.1NRT,286.12,12.64,D,MODIS,4,Savannas & Grasslands
-9.0746,38.80192,316.09,1.07,1.03,2026-09-19,1304.0,A,46.0,6.1NRT,300.48,6.66,D,MODIS,4,Savannas & Grasslands
-9.2186,37.46451,317.28,1.25,1.11,2026-09-19,1304.0,A,56.0,6.1NRT,299.15,9.62,D,MODIS,4,Savannas & Grasslands
-9.09314,38.2864,315.75,1.13,1.06,2026-09-19,1304.0,A,62.0,6.1NRT,297.24,9.4,D,MODIS,4,Savannas & Grasslands
-9.09456,38.27639,319.32,1.13,1.06,2026-09-19,1304.0,A,67.0,6.1NRT,299.31,12.47,D,MODIS,4,Savannas & Grasslands
-9.82987,31.47359,317.91,3.71,1.8,2026-09-19,1304.0,A,67.0,6.1NRT,295.42,58.85,D,MODIS,4,Savannas & Grasslands
-9.74825,31.52193,312.88,3.66,1.79,2026-09-19,1304.0,A,39.0,6.1NRT,290.92,41.97,D,MODIS,4,Savannas & Grasslands
-8.96582,36.48247,330.09,1.44,1.19,2026-09-19,1304.0,A,84.0,6.1NRT,289.31,45.99,D,MODIS,4,Savannas & Grasslands
-8.7935,36.62507,326.54,1.4,1.17,2026-09-19,1304.0,A,81.0,6.1NRT,291.32,35.67,D,MODIS,4,Savannas & Grasslands
-8.7952,36.61293,351.11,1.4,1.17,2026-09-19,1304.0,A,90.0,6.1NRT,292.69,102.16,D,MODIS,4,Savannas & Grasslands
-8.69917,37.0085,314.32,1.31,1.14,2026-09-19,1304.0,A,0.0,6.1NRT,289.72,15.07,D,MODIS,4,Savannas & Grasslands
-8.24283,39.06928,311.28,1.04,1.02,2026-09-19,1304.0,A,41.0,6.1NRT,297.68,4.59,D,MODIS,4,Savannas & Grasslands
-8.20475,38.8794,317.56,1.05,1.02,2026-09-19,1304.0,A,67.0,6.1NRT,300.54,9.12,D,MODIS,4,Savannas & Grasslands
-8.48358,36.28352,317.44,1.46,1.19,2026-09-19,1304.0,A,60.0,6.1NRT,298.79,14.25,D,MODIS,4,Savannas & Grasslands
-8.48538,36.27068,314.34,1.46,1.2,2026-09-19,1304.0,A,57.0,6.1NRT,294.55,9.65,D,MODIS,4,Savannas & Grasslands
-8.19617,37.97286,316.31,1.14,1.06,2026-09-19,1304.0,A,37.0,6.1NRT,299.24,11.07,D,MODIS,4,Savannas & Grasslands
-8.41212,36.26035,328.61,1.46,1.2,2026-09-19,1304.0,A,80.0,6.1NRT,296.68,33.34,D,MODIS,4,Savannas & Grasslands
-8.41641,36.25441,323.27,1.46,1.2,2026-09-19,1304.0,A,68.0,6.1NRT,298.22,23.86,D,MODIS,4,Savannas & Grasslands
-8.1854,37.79926,338.13,1.16,1.07,2026-09-19,1304.0,A,88.0,6.1NRT,300.46,40.76,D,MODIS,4,Savannas & Grasslands
-8.18688,37.78902,322.42,1.17,1.07,2026-09-19,1304.0,A,38.0,6.1NRT,301.11,15.52,D,MODIS,4,Savannas & Grasslands
-8.07983,38.46648,316.6,1.08,1.04,2026-09-19,1304.0,A,65.0,6.1NRT,298.16,7.33,D,MODIS,4,Savannas & Grasslands
-8.176,37.79792,325.21,1.16,1.07,2026-09-19,1304.0,A,43.0,6.1NRT,299.07,16.91,D,MODIS,4,Savannas & Grasslands
-8.17747,37.78763,327.47,1.17,1.07,2026-09-19,1304.0,A,53.0,6.1NRT,302.49,20.69,D,MODIS,4,Savannas & Grasslands
-7.8835,39.75459,313.24,1.0,1.0,2026-09-19,1304.0,A,53.0,6.1NRT,296.34,6.68,D,MODIS,4,Savannas & Grasslands
-7.94046,39.36466,313.68,1.02,1.01,2026-09-19,1304.0,A,49.0,6.1NRT,298.59,5.62,D,MODIS,4,Savannas & Grasslands
-8.32924,36.49889,321.84,1.4,1.17,2026-09-19,1304.0,A,76.0,6.1NRT,297.54,20.95,D,MODIS,4,Savannas & Grasslands
-8.03943,38.48961,348.03,1.08,1.04,2026-09-19,1304.0,A,94.0,6.1NRT,301.59,55.82,D,MODIS,4,Savannas & Grasslands
-8.04078,38.48013,342.73,1.08,1.04,2026-09-19,1304.0,A,91.0,6.1NRT,300.98,45.06,D,MODIS,4,Savannas & Grasslands
-8.37954,35.89594,308.99,1.56,1.23,2026-09-19,1304.0,A,38.0,6.1NRT,286.84,14.75,D,MODIS,4,Savannas & Grasslands
-7.90871,39.01382,316.48,1.04,1.02,2026-09-19,1304.0,A,64.0,6.1NRT,299.48,7.58,D,MODIS,4,Savannas & Grasslands
-7.92632,38.8296,314.11,1.05,1.02,2026-09-19,1304.0,A,44.0,6.1NRT,300.66,5.01,D,MODIS,4,Savannas & Grasslands
-8.35001,35.84383,330.6,1.57,1.23,2026-09-19,1304.0,A,79.0,6.1NRT,289.08,53.0,D,MODIS,4,Savannas & Grasslands
-7.96439,38.50192,312.56,1.08,1.04,2026-09-19,1304.0,A,52.0,6.1NRT,300.05,5.07,D,MODIS,4,Savannas & Grasslands
-7.79066,38.99927,313.52,1.03,1.02,2026-09-19,1304.0,A,55.0,6.1NRT,298.63,5.85,D,MODIS,4,Savannas & Grasslands
-7.79197,38.99018,316.41,1.04,1.02,2026-09-19,1304.0,A,64.0,6.1NRT,298.94,8.16,D,MODIS,4,Savannas & Grasslands
-8.17628,36.2738,315.21,1.45,1.19,2026-09-19,1304.0,A,66.0,6.1NRT,298.65,12.44,D,MODIS,4,Savannas & Grasslands
-7.76475,39.11571,313.34,1.03,1.01,2026-09-19,1304.0,A,54.0,6.1NRT,295.11,6.72,D,MODIS,4,Savannas & Grasslands
-7.76606,39.1067,333.79,1.03,1.01,2026-09-19,1304.0,A,85.0,6.1NRT,297.47,29.3,D,MODIS,4,Savannas & Grasslands
-7.90659,37.99306,323.48,1.13,1.06,2026-09-19,1304.0,A,50.0,6.1NRT,301.9,13.78,D,MODIS,4,Savannas & Grasslands
-7.908,37.98309,327.27,1.13,1.06,2026-09-19,1304.0,A,71.0,6.1NRT,301.96,19.19,D,MODIS,4,Savannas & Grasslands
-23.91206,46.83559,312.39,1.22,1.1,2026-09-19,1259.0,A,46.0,6.1NRT,295.08,10.81,D,MODIS,4,Savannas & Grasslands
-7.79445,38.71888,318.64,1.05,1.03,2026-09-19,1304.0,A,69.0,6.1NRT,299.3,9.23,D,MODIS,4,Savannas & Grasslands
-7.82772,38.48504,315.19,1.08,1.04,2026-09-19,1304.0,A,41.0,6.1NRT,301.6,5.19,D,MODIS,4,Savannas & Grasslands
-23.91405,46.82358,311.55,1.22,1.1,2026-09-19,1259.0,A,32.0,6.1NRT,293.66,10.02,D,MODIS,4,Savannas & Grasslands
-7.85335,38.30399,319.74,1.09,1.04,2026-09-19,1304.0,A,71.0,6.1NRT,304.32,9.04,D,MODIS,4,Savannas & Grasslands
-7.85471,38.29437,317.48,1.1,1.04,2026-09-19,1304.0,A,67.0,6.1NRT,302.13,6.76,D,MODIS,4,Savannas & Grasslands
-24.30799,44.14869,317.68,1.0,1.0,2026-09-19,1259.0,A,39.0,6.1NRT,306.05,5.93,D,MODIS,4,Savannas & Grasslands
-7.82015,38.47828,319.17,1.08,1.04,2026-09-19,1304.0,A,70.0,6.1NRT,301.48,10.66,D,MODIS,4,Savannas & Grasslands
-7.89171,37.98526,316.67,1.13,1.06,2026-09-19,1304.0,A,49.0,6.1NRT,301.91,8.28,D,MODIS,4,Savannas & Grasslands
-24.28593,44.11516,323.65,1.0,1.0,2026-09-19,1259.0,A,70.0,6.1NRT,307.1,11.52,D,MODIS,4,Savannas & Grasslands
-8.20415,35.72834,323.09,1.59,1.24,2026-09-19,1304.0,A,77.0,6.1NRT,295.37,34.1,D,MODIS,4,Savannas & Grasslands
-24.28736,44.10557,327.07,1.0,1.0,2026-09-19,1259.0,A,75.0,6.1NRT,306.52,15.33,D,MODIS,4,Savannas & Grasslands
-8.20616,35.71409,325.82,1.6,1.24,2026-09-19,1304.0,A,80.0,6.1NRT,295.79,40.18,D,MODIS,4,Savannas & Grasslands
-23.93392,46.07349,322.65,1.12,1.06,2026-09-19,1259.0,A,73.0,6.1NRT,302.65,16.59,D,MODIS,4,Savannas & Grasslands
-7.76149,38.7555,318.84,1.05,1.02,2026-09-19,1304.0,A,69.0,6.1NRT,300.99,8.88,D,MODIS,4,Savannas & Grasslands
-23.82083,46.3819,313.65,1.17,1.07,2026-09-19,1259.0,A,33.0,6.1NRT,298.67,7.99,D,MODIS,4,Savannas & Grasslands
-8.19336,35.72649,371.22,1.59,1.24,2026-09-19,1304.0,A,100.0,6.1NRT,298.48,229.36,D,MODIS,4,Savannas & Grasslands
-23.87688,46.03428,319.68,1.12,1.06,2026-09-19,1259.0,A,69.0,6.1NRT,301.68,13.31,D,MODIS,4,Savannas & Grasslands
-8.1953,35.7126,395.29,1.6,1.24,2026-09-19,1304.0,A,100.0,6.1NRT,302.99,440.84,D,MODIS,4,Savannas & Grasslands
-23.65831,46.38923,311.7,1.17,1.08,2026-09-19,1259.0,A,47.0,6.1NRT,299.64,6.19,D,MODIS,4,Savannas & Grasslands
-23.46432,47.40796,320.63,1.34,1.15,2026-09-19,1259.0,A,76.0,6.1NRT,295.7,21.74,D,MODIS,4,Savannas & Grasslands
-8.19729,35.69842,312.52,1.6,1.25,2026-09-19,1304.0,A,52.0,6.1NRT,293.48,14.11,D,MODIS,4,Savannas & Grasslands
-23.46448,47.41555,316.32,1.34,1.15,2026-09-19,1259.0,A,70.0,6.1NRT,295.45,15.79,D,MODIS,4,Savannas & Grasslands
-7.70227,39.10068,314.59,1.03,1.01,2026-09-19,1304.0,A,58.0,6.1NRT,297.26,7.43,D,MODIS,4,Savannas & Grasslands
-23.46663,47.40279,310.89,1.34,1.15,2026-09-19,1259.0,A,28.0,6.1NRT,295.67,9.31,D,MODIS,4,Savannas & Grasslands
-23.65679,45.83857,325.14,1.11,1.05,2026-09-19,1259.0,A,77.0,6.1NRT,307.41,13.6,D,MODIS,4,Savannas & Grasslands
-7.83851,38.158,317.11,1.11,1.05,2026-09-19,1304.0,A,67.0,6.1NRT,301.86,7.89,D,MODIS,4,Savannas & Grasslands
-23.59606,46.04938,318.77,1.13,1.06,2026-09-19,1259.0,A,58.0,6.1NRT,305.56,9.16,D,MODIS,4,Savannas & Grasslands
-8.27061,35.08861,316.93,1.79,1.31,2026-09-19,1304.0,A,69.0,6.1NRT,297.07,21.58,D,MODIS,4,Savannas & Grasslands
-23.60912,45.79039,323.53,1.1,1.05,2026-09-19,1301.0,A,74.0,6.1NRT,307.76,13.21,D,MODIS,4,Savannas & Grasslands
-23.6108,45.77993,328.74,1.1,1.05,2026-09-19,1301.0,A,80.0,6.1NRT,307.81,20.04,D,MODIS,4,Savannas & Grasslands
-7.71308,38.96368,312.13,1.04,1.02,2026-09-19,1304.0,A,45.0,6.1NRT,296.85,5.32,D,MODIS,4,Savannas & Grasslands
-23.5635,45.95559,319.9,1.12,1.06,2026-09-19,1301.0,A,69.0,6.1NRT,306.39,9.59,D,MODIS,4,Savannas & Grasslands
-7.70186,38.91552,313.34,1.04,1.02,2026-09-19,1304.0,A,53.0,6.1NRT,297.8,6.05,D,MODIS,4,Savannas & Grasslands
-23.56523,45.94492,320.28,1.12,1.06,2026-09-19,1301.0,A,70.0,6.1NRT,307.57,9.78,D,MODIS,4,Savannas & Grasslands
-23.56804,45.86898,321.69,1.11,1.05,2026-09-19,1301.0,A,72.0,6.1NRT,307.44,10.82,D,MODIS,4,Savannas & Grasslands
-8.78675,30.83185,320.15,4.03,1.86,2026-09-19,1304.0,A,60.0,6.1NRT,296.01,85.23,D,MODIS,4,Savannas & Grasslands
-23.48455,46.31948,314.49,1.17,1.08,2026-09-19,1301.0,A,57.0,6.1NRT,302.16,8.51,D,MODIS,4,Savannas & Grasslands
-8.79107,30.79694,318.03,4.05,1.87,2026-09-19,1304.0,A,48.0,6.1NRT,292.2,69.76,D,MODIS,4,Savannas & Grasslands
-23.50945,46.01653,322.96,1.13,1.06,2026-09-19,1301.0,A,74.0,6.1NRT,307.81,12.46,D,MODIS,4,Savannas & Grasslands
-7.68246,38.98703,314.59,1.03,1.02,2026-09-19,1304.0,A,58.0,6.1NRT,297.56,8.0,D,MODIS,4,Savannas & Grasslands
-23.48822,46.08884,319.04,1.14,1.06,2026-09-19,1301.0,A,68.0,6.1NRT,302.99,10.18,D,MODIS,4,Savannas & Grasslands
-8.7952,30.82549,324.54,4.03,1.86,2026-09-19,1304.0,A,54.0,6.1NRT,295.42,110.22,D,MODIS,4,Savannas & Grasslands
-23.48991,46.07841,334.85,1.14,1.06,2026-09-19,1301.0,A,86.0,6.1NRT,307.39,32.45,D,MODIS,4,Savannas & Grasslands
-8.12247,35.49144,328.33,1.65,1.26,2026-09-19,1304.0,A,83.0,6.1NRT,297.89,46.07,D,MODIS,4,Savannas & Grasslands
-23.48337,46.00049,320.84,1.13,1.06,2026-09-19,1301.0,A,71.0,6.1NRT,307.83,10.63,D,MODIS,4,Savannas & Grasslands
-23.46196,46.07344,319.61,1.14,1.06,2026-09-19,1301.0,A,69.0,6.1NRT,307.16,10.07,D,MODIS,4,Savannas & Grasslands
-8.1114,35.49009,312.35,1.65,1.26,2026-09-19,1304.0,A,62.0,6.1NRT,296.49,13.49,D,MODIS,4,Savannas & Grasslands
-23.60718,45.1637,324.28,1.05,1.02,2026-09-19,1301.0,A,73.0,6.1NRT,309.96,11.28,D,MODIS,4,Savannas & Grasslands
-7.6092,38.91403,313.05,1.04,1.02,2026-09-19,1304.0,A,45.0,6.1NRT,297.37,7.25,D,MODIS,4,Savannas & Grasslands
-23.39572,46.18371,316.1,1.15,1.07,2026-09-19,1301.0,A,61.0,6.1NRT,304.5,6.86,D,MODIS,4,Savannas & Grasslands
-7.61711,38.85918,321.1,1.04,1.02,2026-09-19,1304.0,A,72.0,6.1NRT,299.5,12.85,D,MODIS,4,Savannas & Grasslands
-23.37578,46.20707,318.68,1.16,1.07,2026-09-19,1301.0,A,67.0,6.1NRT,302.79,10.38,D,MODIS,4,Savannas & Grasslands
-7.61843,38.85001,313.12,1.04,1.02,2026-09-19,1304.0,A,53.0,6.1NRT,298.7,5.01,D,MODIS,4,Savannas & Grasslands
-23.23456,46.09549,315.06,1.15,1.07,2026-09-19,1301.0,A,58.0,6.1NRT,304.94,6.0,D,MODIS,4,Savannas & Grasslands
-7.64795,38.5807,317.26,1.06,1.03,2026-09-19,1304.0,A,54.0,6.1NRT,301.99,7.3,D,MODIS,4,Savannas & Grasslands
-23.23634,46.0847,317.57,1.15,1.07,2026-09-19,1301.0,A,65.0,6.1NRT,305.61,8.19,D,MODIS,4,Savannas & Grasslands
-7.60979,38.78319,314.0,1.05,1.02,2026-09-19,1304.0,A,53.0,6.1NRT,298.83,7.14,D,MODIS,4,Savannas & Grasslands
-23.29016,45.58651,321.06,1.09,1.04,2026-09-19,1301.0,A,69.0,6.1NRT,309.95,8.48,D,MODIS,4,Savannas & Grasslands
-7.66882,38.30402,316.75,1.09,1.04,2026-09-19,1304.0,A,50.0,6.1NRT,302.51,5.64,D,MODIS,4,Savannas & Grasslands
-23.24105,45.25615,333.33,1.06,1.03,2026-09-19,1301.0,A,84.0,6.1NRT,309.95,23.87,D,MODIS,4,Savannas & Grasslands
-7.57089,38.92116,313.59,1.04,1.02,2026-09-19,1304.0,A,45.0,6.1NRT,298.62,6.22,D,MODIS,4,Savannas & Grasslands
-23.24263,45.24604,326.22,1.06,1.03,2026-09-19,1301.0,A,77.0,6.1NRT,310.2,13.83,D,MODIS,4,Savannas & Grasslands
-7.58556,38.82072,312.47,1.04,1.02,2026-09-19,1304.0,A,51.0,6.1NRT,298.39,4.75,D,MODIS,4,Savannas & Grasslands
-23.14384,45.45717,320.37,1.08,1.04,2026-09-19,1301.0,A,68.0,6.1NRT,308.64,8.16,D,MODIS,4,Savannas & Grasslands
-7.83445,36.96408,374.04,1.29,1.13,2026-09-19,1304.0,A,100.0,6.1NRT,302.76,180.45,D,MODIS,4,Savannas & Grasslands
-23.07092,45.68224,333.52,1.11,1.05,2026-09-19,1301.0,A,85.0,6.1NRT,308.71,26.77,D,MODIS,4,Savannas & Grasslands
-7.83606,36.95279,355.04,1.29,1.13,2026-09-19,1304.0,A,98.0,6.1NRT,302.21,98.44,D,MODIS,4,Savannas & Grasslands
-22.87743,46.30827,310.59,1.19,1.08,2026-09-19,1301.0,A,29.0,6.1NRT,298.68,5.35,D,MODIS,4,Savannas & Grasslands
-7.90407,36.01586,312.63,1.5,1.21,2026-09-19,1304.0,A,35.0,6.1NRT,292.99,15.03,D,MODIS,4,Savannas & Grasslands
-7.89348,36.01465,315.62,1.5,1.21,2026-09-19,1304.0,A,64.0,6.1NRT,290.81,20.15,D,MODIS,4,Savannas & Grasslands
-22.87922,46.2974,328.84,1.19,1.08,2026-09-19,1301.0,A,82.0,6.1NRT,299.67,27.99,D,MODIS,4,Savannas & Grasslands
-7.89676,36.02184,328.68,1.5,1.21,2026-09-19,1304.0,A,84.0,6.1NRT,292.48,44.78,D,MODIS,4,Savannas & Grasslands
-23.11999,44.35627,323.31,1.01,1.01,2026-09-19,1301.0,A,72.0,6.1NRT,305.77,10.79,D,MODIS,4,Savannas & Grasslands
-8.08646,34.23725,314.94,2.07,1.4,2026-09-19,1304.0,A,30.0,6.1NRT,289.53,22.25,D,MODIS,4,Savannas & Grasslands
-23.12145,44.3465,317.37,1.01,1.01,2026-09-19,1301.0,A,50.0,6.1NRT,304.92,4.7,D,MODIS,4,Savannas & Grasslands
-7.46314,38.64602,311.76,1.05,1.03,2026-09-19,1304.0,A,52.0,6.1NRT,298.47,5.07,D,MODIS,4,Savannas & Grasslands
-22.9859,45.16805,317.88,1.06,1.03,2026-09-19,1301.0,A,63.0,6.1NRT,305.05,8.65,D,MODIS,4,Savannas & Grasslands
-7.82458,36.07764,315.65,1.48,1.2,2026-09-19,1304.0,A,70.0,6.1NRT,293.23,21.43,D,MODIS,4,Savannas & Grasslands
-22.88657,45.55917,328.86,1.1,1.05,2026-09-19,1301.0,A,80.0,6.1NRT,307.69,19.7,D,MODIS,4,Savannas & Grasslands
-7.76395,36.28829,310.81,1.43,1.18,2026-09-19,1304.0,A,59.0,6.1NRT,296.44,9.3,D,MODIS,4,Savannas & Grasslands
-22.88824,45.54882,328.69,1.1,1.05,2026-09-19,1301.0,A,80.0,6.1NRT,308.01,19.51,D,MODIS,4,Savannas & Grasslands
-7.3474,39.12455,314.4,1.02,1.01,2026-09-19,1304.0,A,61.0,6.1NRT,294.87,7.98,D,MODIS,4,Savannas & Grasslands
-22.71344,46.29786,318.4,1.19,1.09,2026-09-19,1301.0,A,70.0,6.1NRT,300.31,13.34,D,MODIS,4,Savannas & Grasslands
-8.41822,31.49287,317.11,3.51,1.76,2026-09-19,1304.0,A,64.0,6.1NRT,298.12,42.95,D,MODIS,4,Savannas & Grasslands
-22.4837,45.7607,318.01,1.13,1.06,2026-09-19,1301.0,A,49.0,6.1NRT,302.82,9.4,D,MODIS,4,Savannas & Grasslands
-7.3039,38.92522,316.81,1.03,1.02,2026-09-19,1304.0,A,67.0,6.1NRT,297.88,9.41,D,MODIS,4,Savannas & Grasslands
-22.48542,45.75006,321.25,1.13,1.06,2026-09-19,1301.0,A,74.0,6.1NRT,304.03,13.43,D,MODIS,4,Savannas & Grasslands
-7.61399,36.70932,309.5,1.33,1.14,2026-09-19,1304.0,A,35.0,6.1NRT,290.43,9.47,D,MODIS,4,Savannas & Grasslands
-22.66638,44.60697,319.04,1.03,1.01,2026-09-19,1301.0,A,62.0,6.1NRT,306.27,7.38,D,MODIS,4,Savannas & Grasslands
-8.42738,30.34077,319.14,4.34,1.92,2026-09-19,1304.0,A,54.0,6.1NRT,296.35,69.16,D,MODIS,4,Savannas & Grasslands
-22.63629,44.74197,326.01,1.04,1.02,2026-09-19,1301.0,A,69.0,6.1NRT,308.28,14.7,D,MODIS,4,Savannas & Grasslands
-7.8462,34.47784,338.78,1.96,1.37,2026-09-19,1304.0,A,69.0,6.1NRT,295.81,81.21,D,MODIS,4,Savannas & Grasslands
-22.24503,46.38706,314.77,1.22,1.1,2026-09-19,1301.0,A,64.0,6.1NRT,302.48,7.14,D,MODIS,4,Savannas & Grasslands
-7.66703,35.69923,315.54,1.57,1.23,2026-09-19,1304.0,A,64.0,6.1NRT,298.69,13.89,D,MODIS,4,Savannas & Grasslands
-22.3928,45.11403,316.38,1.07,1.03,2026-09-19,1301.0,A,56.0,6.1NRT,304.52,7.21,D,MODIS,4,Savannas & Grasslands
-7.47134,36.41348,319.27,1.39,1.17,2026-09-19,1304.0,A,53.0,6.1NRT,304.97,11.68,D,MODIS,4,Savannas & Grasslands
-22.60254,43.68941,334.07,1.0,1.0,2026-09-19,1301.0,A,85.0,6.1NRT,303.89,23.26,D,MODIS,4,Savannas & Grasslands
-7.47299,36.40137,338.05,1.39,1.17,2026-09-19,1304.0,A,89.0,6.1NRT,306.19,47.94,D,MODIS,4,Savannas & Grasslands
-7.62812,35.25235,340.81,1.69,1.28,2026-09-19,1304.0,A,90.0,6.1NRT,303.11,76.3,D,MODIS,4,Savannas & Grasslands
-22.14999,46.1063,316.81,1.19,1.08,2026-09-19,1301.0,A,66.0,6.1NRT,305.09,8.37,D,MODIS,4,Savannas & Grasslands
-7.4731,36.40713,330.85,1.39,1.17,2026-09-19,1304.0,A,83.0,6.1NRT,305.56,32.65,D,MODIS,4,Savannas & Grasslands
-22.37587,44.63605,327.46,1.04,1.02,2026-09-19,1301.0,A,64.0,6.1NRT,305.74,12.56,D,MODIS,4,Savannas & Grasslands
-7.47485,36.39494,321.23,1.39,1.17,2026-09-19,1304.0,A,40.0,6.1NRT,304.73,13.75,D,MODIS,4,Savannas & Grasslands
-22.37738,44.62632,323.85,1.04,1.02,2026-09-19,1301.0,A,24.0,6.1NRT,306.03,8.22,D,MODIS,4,Savannas & Grasslands
-7.46287,36.40592,333.33,1.39,1.17,2026-09-19,1304.0,A,85.0,6.1NRT,305.82,37.1,D,MODIS,4,Savannas & Grasslands
-22.10112,46.22335,314.59,1.21,1.09,2026-09-19,1301.0,A,61.0,6.1NRT,303.97,7.26,D,MODIS,4,Savannas & Grasslands
-7.46463,36.39366,333.7,1.39,1.17,2026-09-19,1304.0,A,86.0,6.1NRT,306.33,37.74,D,MODIS,4,Savannas & Grasslands
-22.14168,45.9212,315.89,1.16,1.07,2026-09-19,1301.0,A,63.0,6.1NRT,299.55,9.81,D,MODIS,4,Savannas & Grasslands
-7.62562,35.26019,321.11,1.69,1.28,2026-09-19,1304.0,A,72.0,6.1NRT,302.6,20.81,D,MODIS,4,Savannas & Grasslands
-22.0671,46.22173,317.93,1.21,1.09,2026-09-19,1301.0,A,68.0,6.1NRT,304.47,10.93,D,MODIS,4,Savannas & Grasslands
-7.62771,35.24543,338.05,1.69,1.28,2026-09-19,1304.0,A,88.0,6.1NRT,303.02,67.84,D,MODIS,4,Savannas & Grasslands
-22.18725,44.955,334.53,1.06,1.03,2026-09-19,1301.0,A,74.0,6.1NRT,300.51,28.48,D,MODIS,4,Savannas & Grasslands
-7.49582,35.55016,320.9,1.6,1.25,2026-09-19,1304.0,A,66.0,6.1NRT,304.23,16.83,D,MODIS,4,Savannas & Grasslands
-22.24911,43.94279,330.04,1.01,1.0,2026-09-19,1301.0,A,81.0,6.1NRT,300.81,22.19,D,MODIS,4,Savannas & Grasslands
-7.49184,35.55902,322.0,1.6,1.24,2026-09-19,1304.0,A,73.0,6.1NRT,303.42,20.22,D,MODIS,4,Savannas & Grasslands
-22.25053,43.9334,322.78,1.01,1.0,2026-09-19,1301.0,A,68.0,6.1NRT,302.81,13.46,D,MODIS,4,Savannas & Grasslands
-7.18736,37.34735,333.56,1.2,1.09,2026-09-19,1304.0,A,86.0,6.1NRT,299.86,34.4,D,MODIS,4,Savannas & Grasslands
-22.24031,43.94127,331.05,1.01,1.0,2026-09-19,1301.0,A,82.0,6.1NRT,302.53,21.84,D,MODIS,4,Savannas & Grasslands
-7.18886,37.33676,326.09,1.2,1.09,2026-09-19,1304.0,A,80.0,6.1NRT,301.51,21.14,D,MODIS,4,Savannas & Grasslands
-22.24173,43.93184,330.65,1.01,1.0,2026-09-19,1301.0,A,82.0,6.1NRT,303.87,20.8,D,MODIS,4,Savannas & Grasslands
-7.15877,37.34335,317.09,1.2,1.09,2026-09-19,1304.0,A,50.0,6.1NRT,300.77,8.57,D,MODIS,4,Savannas & Grasslands
-22.22007,44.0155,316.74,1.01,1.0,2026-09-19,1301.0,A,25.0,6.1NRT,297.65,8.1,D,MODIS,4,Savannas & Grasslands
-7.06367,37.4299,314.48,1.18,1.08,2026-09-19,1304.0,A,43.0,6.1NRT,298.51,8.94,D,MODIS,4,Savannas & Grasslands
-22.22151,44.00601,339.23,1.01,1.0,2026-09-19,1301.0,A,83.0,6.1NRT,296.39,36.25,D,MODIS,4,Savannas & Grasslands
-8.01932,30.15498,310.56,4.44,1.94,2026-09-19,1304.0,A,27.0,6.1NRT,293.25,35.0,D,MODIS,4,Savannas & Grasslands
-22.231,43.82302,323.6,1.0,1.0,2026-09-19,1301.0,A,74.0,6.1NRT,305.39,11.7,D,MODIS,4,Savannas & Grasslands
-22.23242,43.81356,317.7,1.0,1.0,2026-09-19,1301.0,A,60.0,6.1NRT,303.21,6.24,D,MODIS,4,Savannas & Grasslands
-8.01557,30.15086,311.45,4.44,1.94,2026-09-19,1304.0,A,38.0,6.1NRT,293.24,40.55,D,MODIS,4,Savannas & Grasslands
-21.87049,45.84618,317.5,1.16,1.07,2026-09-19,1301.0,A,44.0,6.1NRT,304.7,8.36,D,MODIS,4,Savannas & Grasslands
-7.22456,35.84013,326.72,1.51,1.21,2026-09-19,1304.0,A,78.0,6.1NRT,307.18,24.8,D,MODIS,4,Savannas & Grasslands
-23.46125,32.82542,308.56,4.44,1.94,2026-09-19,1301.0,A,55.0,6.1NRT,293.72,40.15,D,MODIS,4,Savannas & Grasslands
-7.29095,35.19626,322.15,1.69,1.28,2026-09-19,1304.0,A,72.0,6.1NRT,294.83,23.82,D,MODIS,4,Savannas & Grasslands
-21.84234,45.84078,319.61,1.16,1.07,2026-09-19,1301.0,A,68.0,6.1NRT,303.98,10.07,D,MODIS,4,Savannas & Grasslands
-6.8214,37.59589,321.42,1.15,1.07,2026-09-19,1304.0,A,71.0,6.1NRT,301.54,13.0,D,MODIS,4,Savannas & Grasslands
-21.88054,45.48589,326.05,1.12,1.05,2026-09-19,1301.0,A,71.0,6.1NRT,309.63,13.72,D,MODIS,4,Savannas & Grasslands
-6.67773,38.33381,315.45,1.07,1.03,2026-09-19,1304.0,A,66.0,6.1NRT,301.31,6.26,D,MODIS,4,Savannas & Grasslands
-21.8822,45.47563,322.8,1.12,1.05,2026-09-19,1301.0,A,40.0,6.1NRT,309.2,9.33,D,MODIS,4,Savannas & Grasslands
-7.75669,30.22174,342.17,4.34,1.92,2026-09-19,1304.0,A,69.0,6.1NRT,295.56,352.37,D,MODIS,4,Savannas & Grasslands
-21.786,45.83017,319.03,1.16,1.07,2026-09-19,1301.0,A,55.0,6.1NRT,305.51,7.23,D,MODIS,4,Savannas & Grasslands
-7.76087,30.18823,318.08,4.38,1.93,2026-09-19,1304.0,A,68.0,6.1NRT,294.59,96.32,D,MODIS,4,Savannas & Grasslands
-21.78102,45.82265,322.31,1.16,1.07,2026-09-19,1301.0,A,72.0,6.1NRT,306.4,12.18,D,MODIS,4,Savannas & Grasslands
-7.76803,30.21703,339.95,4.34,1.92,2026-09-19,1304.0,A,89.0,6.1NRT,294.86,316.6,D,MODIS,4,Savannas & Grasslands
-21.91657,44.90709,320.0,1.06,1.03,2026-09-19,1301.0,A,58.0,6.1NRT,306.77,7.64,D,MODIS,4,Savannas & Grasslands
-7.75138,30.2141,314.0,4.34,1.92,2026-09-19,1304.0,A,27.0,6.1NRT,295.27,63.02,D,MODIS,4,Savannas & Grasslands
-21.91813,44.89708,318.61,1.06,1.03,2026-09-19,1301.0,A,33.0,6.1NRT,306.1,6.47,D,MODIS,4,Savannas & Grasslands
-7.51808,31.38659,318.5,3.47,1.75,2026-09-19,1304.0,A,62.0,6.1NRT,294.07,59.77,D,MODIS,4,Savannas & Grasslands
-21.88795,44.91217,319.83,1.06,1.03,2026-09-19,1301.0,A,65.0,6.1NRT,308.08,6.75,D,MODIS,4,Savannas & Grasslands
-6.81096,36.52613,317.39,1.33,1.14,2026-09-19,1304.0,A,59.0,6.1NRT,291.8,17.69,D,MODIS,4,Savannas & Grasslands
-21.86403,44.88728,325.34,1.06,1.03,2026-09-19,1301.0,A,75.0,6.1NRT,307.4,13.7,D,MODIS,4,Savannas & Grasslands
-6.91481,35.73167,324.65,1.52,1.22,2026-09-19,1304.0,A,74.0,6.1NRT,306.49,21.2,D,MODIS,4,Savannas & Grasslands
-21.66186,46.01532,334.71,1.19,1.09,2026-09-19,1301.0,A,86.0,6.1NRT,305.7,32.19,D,MODIS,4,Savannas & Grasslands
-7.51791,31.40725,314.56,3.45,1.75,2026-09-19,1304.0,A,32.0,6.1NRT,294.45,38.63,D,MODIS,4,Savannas & Grasslands
-21.65723,46.02042,323.25,1.19,1.09,2026-09-19,1301.0,A,74.0,6.1NRT,305.16,15.34,D,MODIS,4,Savannas & Grasslands
-7.52128,31.38222,315.21,3.47,1.75,2026-09-19,1304.0,A,43.0,6.1NRT,293.86,42.39,D,MODIS,4,Savannas & Grasslands
-21.65904,46.00925,325.24,1.19,1.09,2026-09-19,1301.0,A,77.0,6.1NRT,305.78,17.79,D,MODIS,4,Savannas & Grasslands
-6.82879,36.11213,331.0,1.42,1.18,2026-09-19,1304.0,A,82.0,6.1NRT,308.12,31.0,D,MODIS,4,Savannas & Grasslands
-21.734,45.54202,317.79,1.13,1.06,2026-09-19,1301.0,A,63.0,6.1NRT,305.85,7.42,D,MODIS,4,Savannas & Grasslands
-6.99069,34.6132,328.02,1.86,1.33,2026-09-19,1304.0,A,76.0,6.1NRT,305.44,36.73,D,MODIS,4,Savannas & Grasslands
-21.94602,43.99836,322.72,1.01,1.01,2026-09-19,1301.0,A,67.0,6.1NRT,301.6,12.81,D,MODIS,4,Savannas & Grasslands
-6.99288,34.59691,334.8,1.86,1.33,2026-09-19,1304.0,A,84.0,6.1NRT,305.48,58.67,D,MODIS,4,Savannas & Grasslands
-21.55837,45.99406,332.62,1.19,1.09,2026-09-19,1301.0,A,71.0,6.1NRT,305.3,27.14,D,MODIS,4,Savannas & Grasslands
-6.88364,35.32266,330.65,1.63,1.26,2026-09-19,1304.0,A,81.0,6.1NRT,307.39,36.64,D,MODIS,4,Savannas & Grasslands
-21.54888,45.9922,319.61,1.19,1.09,2026-09-19,1301.0,A,54.0,6.1NRT,304.15,9.63,D,MODIS,4,Savannas & Grasslands
-6.88557,35.30839,328.41,1.63,1.26,2026-09-19,1304.0,A,79.0,6.1NRT,306.81,31.42,D,MODIS,4,Savannas & Grasslands
-21.70673,44.88744,325.54,1.07,1.03,2026-09-19,1301.0,A,46.0,6.1NRT,308.1,12.01,D,MODIS,4,Savannas & Grasslands
-6.9941,34.60673,332.81,1.86,1.33,2026-09-19,1304.0,A,82.0,6.1NRT,306.04,51.28,D,MODIS,4,Savannas & Grasslands
-21.59296,45.54212,319.89,1.13,1.06,2026-09-19,1301.0,A,68.0,6.1NRT,305.4,8.5,D,MODIS,4,Savannas & Grasslands
-6.8816,35.31557,338.83,1.63,1.26,2026-09-19,1304.0,A,88.0,6.1NRT,308.15,60.91,D,MODIS,4,Savannas & Grasslands
-21.69456,44.90571,372.52,1.07,1.03,2026-09-19,1301.0,A,87.0,6.1NRT,309.59,124.0,D,MODIS,4,Savannas & Grasslands
-6.96856,34.61957,323.34,1.85,1.33,2026-09-19,1304.0,A,43.0,6.1NRT,303.47,23.42,D,MODIS,4,Savannas & Grasslands
-21.69612,44.89583,342.55,1.07,1.03,2026-09-19,1301.0,A,82.0,6.1NRT,309.67,38.78,D,MODIS,4,Savannas & Grasslands
-7.21255,32.76304,323.1,2.64,1.56,2026-09-19,1304.0,A,40.0,6.1NRT,295.99,44.71,D,MODIS,4,Savannas & Grasslands
-21.8096,44.10474,320.82,1.02,1.01,2026-09-19,1301.0,A,64.0,6.1NRT,303.19,10.39,D,MODIS,4,Savannas & Grasslands
-7.50049,29.95141,319.68,4.54,1.96,2026-09-19,1304.0,A,65.0,6.1NRT,292.96,121.43,D,MODIS,4,Savannas & Grasslands
-21.49181,45.98183,323.46,1.19,1.09,2026-09-19,1301.0,A,75.0,6.1NRT,305.03,14.93,D,MODIS,4,Savannas & Grasslands
-6.49993,37.43592,332.52,1.17,1.07,2026-09-19,1304.0,A,84.0,6.1NRT,301.99,29.77,D,MODIS,4,Savannas & Grasslands
-21.49364,45.97086,319.63,1.19,1.09,2026-09-19,1301.0,A,55.0,6.1NRT,306.46,9.74,D,MODIS,4,Savannas & Grasslands
-6.50136,37.42573,366.24,1.17,1.08,2026-09-19,1304.0,A,100.0,6.1NRT,303.83,120.52,D,MODIS,4,Savannas & Grasslands
-21.6944,44.55434,319.0,1.04,1.02,2026-09-19,1301.0,A,65.0,6.1NRT,305.96,7.37,D,MODIS,4,Savannas & Grasslands
-6.49543,37.4297,319.16,1.17,1.07,2026-09-19,1304.0,A,70.0,6.1NRT,301.55,11.72,D,MODIS,4,Savannas & Grasslands
-21.53579,45.50447,318.99,1.13,1.06,2026-09-19,1301.0,A,66.0,6.1NRT,307.57,6.74,D,MODIS,4,Savannas & Grasslands
-7.5143,29.94993,317.22,4.54,1.96,2026-09-19,1304.0,A,56.0,6.1NRT,293.47,100.0,D,MODIS,4,Savannas & Grasslands
-21.63262,44.71498,318.52,1.05,1.03,2026-09-19,1301.0,A,47.0,6.1NRT,305.35,7.55,D,MODIS,4,Savannas & Grasslands
-21.72238,44.01495,314.83,1.01,1.01,2026-09-19,1301.0,A,48.0,6.1NRT,300.33,5.37,D,MODIS,4,Savannas & Grasslands
-6.80708,33.92455,330.25,2.09,1.41,2026-09-19,1304.0,A,80.0,6.1NRT,300.96,63.26,D,MODIS,4,Savannas & Grasslands
-21.76962,43.70238,317.31,1.0,1.0,2026-09-19,1301.0,A,58.0,6.1NRT,302.2,7.29,D,MODIS,4,Savannas & Grasslands
-6.63438,35.12303,335.74,1.67,1.27,2026-09-19,1304.0,A,85.0,6.1NRT,306.27,54.73,D,MODIS,4,Savannas & Grasslands
-21.36113,45.88795,321.3,1.19,1.08,2026-09-19,1301.0,A,72.0,6.1NRT,305.55,11.59,D,MODIS,4,Savannas & Grasslands
-6.63208,35.13235,320.92,1.67,1.27,2026-09-19,1304.0,A,67.0,6.1NRT,305.57,17.1,D,MODIS,4,Savannas & Grasslands
-21.36298,45.87667,333.61,1.18,1.08,2026-09-19,1301.0,A,85.0,6.1NRT,306.2,30.07,D,MODIS,4,Savannas & Grasslands
-6.63416,35.11774,330.14,1.67,1.27,2026-09-19,1304.0,A,80.0,6.1NRT,305.9,39.37,D,MODIS,4,Savannas & Grasslands
-21.48729,44.75705,331.3,1.06,1.03,2026-09-19,1301.0,A,44.0,6.1NRT,303.44,18.54,D,MODIS,4,Savannas & Grasslands
-6.8016,33.93732,317.15,2.09,1.41,2026-09-19,1304.0,A,52.0,6.1NRT,300.6,22.8,D,MODIS,4,Savannas & Grasslands
-21.41022,45.18975,317.0,1.1,1.05,2026-09-19,1301.0,A,59.0,6.1NRT,303.93,8.04,D,MODIS,4,Savannas & Grasslands
-6.80418,33.91903,324.77,2.09,1.41,2026-09-19,1304.0,A,73.0,6.1NRT,301.15,45.35,D,MODIS,4,Savannas & Grasslands
-21.47828,44.75544,356.46,1.06,1.03,2026-09-19,1301.0,A,92.0,6.1NRT,309.5,69.92,D,MODIS,4,Savannas & Grasslands
-6.12185,38.53576,319.83,1.04,1.02,2026-09-19,1304.0,A,74.0,6.1NRT,299.73,9.63,D,MODIS,4,Savannas & Grasslands
-5.96014,38.5646,312.97,1.04,1.02,2026-09-19,1304.0,A,56.0,6.1NRT,298.18,5.51,D,MODIS,4,Savannas & Grasslands
-21.47082,44.74396,326.62,1.06,1.03,2026-09-19,1301.0,A,57.0,6.1NRT,307.89,13.89,D,MODIS,4,Savannas & Grasslands
-6.43199,35.16536,320.66,1.65,1.26,2026-09-19,1304.0,A,66.0,6.1NRT,305.04,16.3,D,MODIS,4,Savannas & Grasslands
-21.56805,44.1123,319.88,1.02,1.01,2026-09-19,1301.0,A,56.0,6.1NRT,305.55,8.01,D,MODIS,4,Savannas & Grasslands
-21.20735,46.084,318.44,1.22,1.1,2026-09-19,1301.0,A,66.0,6.1NRT,306.74,7.84,D,MODIS,4,Savannas & Grasslands
-5.85404,38.21548,312.46,1.06,1.03,2026-09-19,1306.0,A,52.0,6.1NRT,297.22,7.41,D,MODIS,4,Savannas & Grasslands
-21.53064,43.8647,320.51,1.01,1.0,2026-09-19,1301.0,A,69.0,6.1NRT,304.71,9.19,D,MODIS,4,Savannas & Grasslands
-5.84504,38.21423,310.07,1.06,1.03,2026-09-19,1306.0,A,20.0,6.1NRT,296.97,5.23,D,MODIS,4,Savannas & Grasslands
-6.2612,35.16364,318.11,1.64,1.26,2026-09-19,1306.0,A,47.0,6.1NRT,305.25,12.0,D,MODIS,4,Savannas & Grasslands
-20.89837,46.87508,311.23,1.37,1.16,2026-09-19,1301.0,A,45.0,6.1NRT,298.24,8.49,D,MODIS,4,Savannas & Grasslands
-6.36872,34.2278,320.97,1.95,1.36,2026-09-19,1306.0,A,66.0,6.1NRT,302.14,25.43,D,MODIS,4,Savannas & Grasslands
-21.37026,43.89902,318.74,1.01,1.01,2026-09-19,1301.0,A,65.0,6.1NRT,305.85,6.65,D,MODIS,4,Savannas & Grasslands
-6.40497,33.96864,315.93,2.04,1.39,2026-09-19,1306.0,A,45.0,6.1NRT,300.69,17.28,D,MODIS,4,Savannas & Grasslands
-21.02249,45.36074,320.42,1.13,1.06,2026-09-19,1301.0,A,60.0,6.1NRT,305.95,10.83,D,MODIS,4,Savannas & Grasslands
-6.40745,33.95084,322.47,2.05,1.39,2026-09-19,1306.0,A,69.0,6.1NRT,301.13,35.21,D,MODIS,4,Savannas & Grasslands
-21.08984,44.81406,321.79,1.07,1.03,2026-09-19,1301.0,A,69.0,6.1NRT,304.13,10.66,D,MODIS,4,Savannas & Grasslands
-6.37819,34.07243,331.79,2.0,1.38,2026-09-19,1306.0,A,82.0,6.1NRT,301.46,64.35,D,MODIS,4,Savannas & Grasslands
-20.61975,47.41245,310.02,1.5,1.21,2026-09-19,1301.0,A,41.0,6.1NRT,291.12,14.71,D,MODIS,4,Savannas & Grasslands
-6.38068,34.05451,331.4,2.01,1.38,2026-09-19,1306.0,A,81.0,6.1NRT,300.69,63.12,D,MODIS,4,Savannas & Grasslands
-20.76998,46.54044,314.99,1.31,1.14,2026-09-19,1301.0,A,61.0,6.1NRT,303.1,9.06,D,MODIS,4,Savannas & Grasslands
-6.97032,29.54408,331.89,4.79,2.0,2026-09-19,1306.0,A,82.0,6.1NRT,294.15,236.81,D,MODIS,4,Savannas & Grasslands
-21.03784,44.31287,323.31,1.04,1.02,2026-09-19,1301.0,A,72.0,6.1NRT,305.67,11.81,D,MODIS,4,Savannas & Grasslands
-6.96858,29.53547,328.7,4.79,2.0,2026-09-19,1306.0,A,79.0,6.1NRT,293.94,198.66,D,MODIS,4,Savannas & Grasslands
-20.59691,46.40749,315.66,1.3,1.13,2026-09-19,1301.0,A,62.0,6.1NRT,304.19,9.13,D,MODIS,4,Savannas & Grasslands
-6.23531,34.51969,322.83,1.83,1.33,2026-09-19,1306.0,A,70.0,6.1NRT,303.16,29.45,D,MODIS,4,Savannas & Grasslands
-20.56473,46.28446,316.33,1.28,1.12,2026-09-19,1301.0,A,62.0,6.1NRT,305.0,7.29,D,MODIS,4,Savannas & Grasslands
-6.19339,34.48139,317.14,1.85,1.33,2026-09-19,1306.0,A,54.0,6.1NRT,301.67,16.7,D,MODIS,4,Savannas & Grasslands
-20.80381,44.5094,321.68,1.05,1.03,2026-09-19,1301.0,A,69.0,6.1NRT,304.68,10.18,D,MODIS,4,Savannas & Grasslands
-5.53307,38.52375,310.65,1.03,1.02,2026-09-19,1306.0,A,55.0,6.1NRT,298.56,4.0,D,MODIS,4,Savannas & Grasslands
-20.80535,44.49959,317.35,1.05,1.02,2026-09-19,1301.0,A,58.0,6.1NRT,304.18,5.32,D,MODIS,4,Savannas & Grasslands
-5.55011,38.40596,312.17,1.04,1.02,2026-09-19,1306.0,A,35.0,6.1NRT,299.21,5.77,D,MODIS,4,Savannas & Grasslands
-20.25604,47.08068,311.28,1.45,1.19,2026-09-19,1301.0,A,49.0,6.1NRT,294.67,11.32,D,MODIS,4,Savannas & Grasslands
-6.43395,32.01306,321.55,2.96,1.64,2026-09-19,1306.0,A,69.0,6.1NRT,296.66,44.45,D,MODIS,4,Savannas & Grasslands
-20.14308,47.35697,324.79,1.52,1.22,2026-09-19,1301.0,A,78.0,6.1NRT,296.14,36.32,D,MODIS,4,Savannas & Grasslands
-5.9136,35.76936,317.33,1.46,1.19,2026-09-19,1306.0,A,60.0,6.1NRT,304.58,10.07,D,MODIS,4,Savannas & Grasslands
-20.13768,47.36436,317.0,1.53,1.22,2026-09-19,1301.0,A,68.0,6.1NRT,295.01,20.48,D,MODIS,4,Savannas & Grasslands
-6.06916,34.63659,320.69,1.79,1.31,2026-09-19,1306.0,A,66.0,6.1NRT,303.54,22.32,D,MODIS,4,Savannas & Grasslands
-20.13996,47.35096,315.96,1.52,1.22,2026-09-19,1301.0,A,64.0,6.1NRT,296.05,18.6,D,MODIS,4,Savannas & Grasslands
-5.45802,38.83456,312.42,1.02,1.01,2026-09-19,1306.0,A,62.0,6.1NRT,298.24,5.9,D,MODIS,4,Savannas & Grasslands
-20.50953,44.79618,352.15,1.08,1.04,2026-09-19,1301.0,A,90.0,6.1NRT,305.15,61.53,D,MODIS,4,Savannas & Grasslands
-5.45933,38.82569,315.96,1.02,1.01,2026-09-19,1306.0,A,69.0,6.1NRT,298.92,8.71,D,MODIS,4,Savannas & Grasslands
-20.51113,44.78609,325.81,1.08,1.04,2026-09-19,1301.0,A,65.0,6.1NRT,305.38,13.27,D,MODIS,4,Savannas & Grasslands
-6.43027,32.00545,319.54,2.96,1.64,2026-09-19,1306.0,A,60.0,6.1NRT,296.05,34.68,D,MODIS,4,Savannas & Grasslands
-20.27705,45.98624,320.78,1.24,1.11,2026-09-19,1301.0,A,70.0,6.1NRT,304.72,11.45,D,MODIS,4,Savannas & Grasslands
-5.64111,36.82284,321.4,1.23,1.1,2026-09-19,1306.0,A,72.0,6.1NRT,303.15,15.0,D,MODIS,4,Savannas & Grasslands
-20.50331,44.5998,321.78,1.07,1.03,2026-09-19,1301.0,A,69.0,6.1NRT,305.24,10.49,D,MODIS,4,Savannas & Grasslands
-5.70126,35.83673,318.42,1.43,1.18,2026-09-19,1306.0,A,63.0,6.1NRT,303.98,14.51,D,MODIS,4,Savannas & Grasslands
-20.47509,44.65986,321.65,1.07,1.03,2026-09-19,1301.0,A,68.0,6.1NRT,304.12,10.31,D,MODIS,4,Savannas & Grasslands
-5.79691,35.01815,333.52,1.65,1.26,2026-09-19,1306.0,A,83.0,6.1NRT,304.8,48.38,D,MODIS,4,Savannas & Grasslands
-20.47664,44.64988,350.33,1.07,1.03,2026-09-19,1301.0,A,95.0,6.1NRT,307.78,58.7,D,MODIS,4,Savannas & Grasslands
-5.79891,35.00407,338.87,1.65,1.26,2026-09-19,1306.0,A,88.0,6.1NRT,305.16,65.97,D,MODIS,4,Savannas & Grasslands
-20.46759,44.64825,334.98,1.07,1.03,2026-09-19,1301.0,A,85.0,6.1NRT,306.46,28.01,D,MODIS,4,Savannas & Grasslands
-5.63219,36.09971,329.68,1.37,1.16,2026-09-19,1306.0,A,81.0,6.1NRT,306.24,28.14,D,MODIS,4,Savannas & Grasslands
-20.46915,44.63829,319.29,1.07,1.03,2026-09-19,1301.0,A,58.0,6.1NRT,305.39,7.3,D,MODIS,4,Savannas & Grasslands
-5.81446,34.81384,323.39,1.71,1.28,2026-09-19,1306.0,A,71.0,6.1NRT,302.86,25.76,D,MODIS,4,Savannas & Grasslands
-20.51661,44.27315,316.55,1.04,1.02,2026-09-19,1301.0,A,46.0,6.1NRT,302.84,8.34,D,MODIS,4,Savannas & Grasslands
-5.78898,34.91423,318.53,1.68,1.27,2026-09-19,1306.0,A,60.0,6.1NRT,304.64,15.04,D,MODIS,4,Savannas & Grasslands
-20.43059,44.76513,323.98,1.08,1.04,2026-09-19,1301.0,A,72.0,6.1NRT,306.16,12.02,D,MODIS,4,Savannas & Grasslands
-5.7339,35.0676,355.15,1.63,1.26,2026-09-19,1306.0,A,97.0,6.1NRT,306.92,130.82,D,MODIS,4,Savannas & Grasslands
-20.40694,44.67844,317.46,1.08,1.04,2026-09-19,1301.0,A,49.0,6.1NRT,304.32,7.1,D,MODIS,4,Savannas & Grasslands
-5.73585,35.05347,337.16,1.64,1.26,2026-09-19,1306.0,A,86.0,6.1NRT,305.74,59.75,D,MODIS,4,Savannas & Grasslands
-20.18285,45.73537,323.25,1.21,1.09,2026-09-19,1301.0,A,73.0,6.1NRT,308.2,11.38,D,MODIS,4,Savannas & Grasslands
-5.73065,35.07637,321.0,1.63,1.26,2026-09-19,1306.0,A,67.0,6.1NRT,304.0,15.93,D,MODIS,4,Savannas & Grasslands
-19.8827,46.55241,314.96,1.36,1.16,2026-09-19,1301.0,A,50.0,6.1NRT,303.8,8.21,D,MODIS,4,Savannas & Grasslands
-5.73267,35.06245,352.3,1.63,1.26,2026-09-19,1306.0,A,96.0,6.1NRT,308.02,117.65,D,MODIS,4,Savannas & Grasslands
-19.88488,46.53937,314.88,1.36,1.15,2026-09-19,1301.0,A,49.0,6.1NRT,303.97,7.93,D,MODIS,4,Savannas & Grasslands
-5.73472,35.04827,318.93,1.64,1.26,2026-09-19,1306.0,A,51.0,6.1NRT,304.67,13.09,D,MODIS,4,Savannas & Grasslands
-20.21218,44.39143,315.53,1.06,1.03,2026-09-19,1301.0,A,42.0,6.1NRT,302.88,6.53,D,MODIS,4,Savannas & Grasslands
-5.70546,34.60862,316.02,1.77,1.3,2026-09-19,1306.0,A,48.0,6.1NRT,302.49,12.25,D,MODIS,4,Savannas & Grasslands
-19.92162,45.50954,321.26,1.18,1.08,2026-09-19,1301.0,A,65.0,6.1NRT,307.42,9.59,D,MODIS,4,Savannas & Grasslands
-5.70681,34.60182,316.96,1.77,1.3,2026-09-19,1306.0,A,54.0,6.1NRT,303.07,13.19,D,MODIS,4,Savannas & Grasslands
-19.71196,46.40342,322.75,1.34,1.15,2026-09-19,1301.0,A,58.0,6.1NRT,305.34,17.18,D,MODIS,4,Savannas & Grasslands
-6.14177,31.45214,319.96,3.25,1.7,2026-09-19,1306.0,A,61.0,6.1NRT,297.14,54.41,D,MODIS,4,Savannas & Grasslands
-19.71397,46.39139,324.6,1.34,1.15,2026-09-19,1301.0,A,70.0,6.1NRT,307.33,20.32,D,MODIS,4,Savannas & Grasslands
-5.62485,35.01247,328.46,1.64,1.26,2026-09-19,1306.0,A,79.0,6.1NRT,304.6,35.09,D,MODIS,4,Savannas & Grasslands
-19.70388,46.39,327.57,1.34,1.15,2026-09-19,1301.0,A,62.0,6.1NRT,305.07,25.15,D,MODIS,4,Savannas & Grasslands
-5.55719,35.40833,325.18,1.53,1.22,2026-09-19,1306.0,A,75.0,6.1NRT,306.87,20.86,D,MODIS,4,Savannas & Grasslands
-19.97131,44.56979,321.12,1.08,1.04,2026-09-19,1301.0,A,67.0,6.1NRT,304.35,13.22,D,MODIS,4,Savannas & Grasslands
-5.75538,34.01217,318.19,1.98,1.37,2026-09-19,1306.0,A,60.0,6.1NRT,300.75,20.41,D,MODIS,4,Savannas & Grasslands
-19.97288,44.55982,317.55,1.07,1.03,2026-09-19,1301.0,A,56.0,6.1NRT,304.94,9.67,D,MODIS,4,Savannas & Grasslands
-5.64494,34.54593,325.8,1.79,1.31,2026-09-19,1306.0,A,75.0,6.1NRT,303.92,34.5,D,MODIS,4,Savannas & Grasslands
-19.72809,45.86254,334.44,1.24,1.11,2026-09-19,1301.0,A,85.0,6.1NRT,303.19,36.02,D,MODIS,4,Savannas & Grasslands
-5.25037,37.27576,330.65,1.15,1.07,2026-09-19,1306.0,A,83.0,6.1NRT,298.96,30.26,D,MODIS,4,Savannas & Grasslands
-19.72996,45.85108,318.84,1.24,1.11,2026-09-19,1301.0,A,66.0,6.1NRT,303.66,10.8,D,MODIS,4,Savannas & Grasslands
-5.64863,34.43456,318.63,1.82,1.32,2026-09-19,1306.0,A,61.0,6.1NRT,300.5,21.64,D,MODIS,4,Savannas & Grasslands
-19.91607,44.62513,317.75,1.08,1.04,2026-09-19,1301.0,A,58.0,6.1NRT,304.81,7.02,D,MODIS,4,Savannas & Grasslands
-5.64145,34.40106,326.95,1.83,1.33,2026-09-19,1306.0,A,77.0,6.1NRT,299.44,41.44,D,MODIS,4,Savannas & Grasslands
-19.89276,44.71393,331.3,1.09,1.04,2026-09-19,1301.0,A,81.0,6.1NRT,304.43,23.98,D,MODIS,4,Savannas & Grasslands
-5.64365,34.38498,340.54,1.84,1.33,2026-09-19,1306.0,A,89.0,6.1NRT,302.31,89.03,D,MODIS,4,Savannas & Grasslands
-19.89435,44.70381,349.24,1.09,1.04,2026-09-19,1301.0,A,94.0,6.1NRT,305.55,58.89,D,MODIS,4,Savannas & Grasslands
-5.64505,34.3964,337.04,1.83,1.33,2026-09-19,1306.0,A,86.0,6.1NRT,300.72,75.59,D,MODIS,4,Savannas & Grasslands
-19.89594,44.6937,324.37,1.09,1.04,2026-09-19,1301.0,A,73.0,6.1NRT,302.81,14.98,D,MODIS,4,Savannas & Grasslands
-5.64738,34.38033,328.55,1.84,1.33,2026-09-19,1306.0,A,79.0,6.1NRT,302.68,47.13,D,MODIS,4,Savannas & Grasslands
-19.86487,44.77153,319.69,1.1,1.04,2026-09-19,1301.0,A,64.0,6.1NRT,303.86,9.96,D,MODIS,4,Savannas & Grasslands
-5.42528,35.69008,326.09,1.45,1.19,2026-09-19,1306.0,A,76.0,6.1NRT,304.39,27.06,D,MODIS,4,Savannas & Grasslands
-19.86647,44.76138,331.1,1.1,1.04,2026-09-19,1301.0,A,81.0,6.1NRT,305.06,24.85,D,MODIS,4,Savannas & Grasslands
-5.25421,36.74246,315.66,1.23,1.1,2026-09-19,1306.0,A,29.0,6.1NRT,303.17,7.26,D,MODIS,4,Savannas & Grasslands
-19.82969,44.93298,326.62,1.12,1.05,2026-09-19,1301.0,A,76.0,6.1NRT,303.83,18.77,D,MODIS,4,Savannas & Grasslands
-5.25571,36.73191,335.83,1.23,1.1,2026-09-19,1306.0,A,86.0,6.1NRT,303.92,38.95,D,MODIS,4,Savannas & Grasslands
-19.83132,44.92281,319.02,1.11,1.05,2026-09-19,1301.0,A,63.0,6.1NRT,302.62,8.71,D,MODIS,4,Savannas & Grasslands
-5.66954,33.70721,318.03,2.09,1.41,2026-09-19,1306.0,A,61.0,6.1NRT,302.08,22.86,D,MODIS,4,Savannas & Grasslands
-19.61127,46.14151,316.08,1.3,1.13,2026-09-19,1301.0,A,53.0,6.1NRT,304.32,7.57,D,MODIS,4,Savannas & Grasslands
-5.88343,32.03083,321.48,2.88,1.62,2026-09-19,1306.0,A,69.0,6.1NRT,297.85,45.32,D,MODIS,4,Savannas & Grasslands
-19.72464,45.13407,326.04,1.14,1.06,2026-09-19,1301.0,A,76.0,6.1NRT,307.79,14.57,D,MODIS,4,Savannas & Grasslands
-5.48453,34.79641,315.5,1.7,1.28,2026-09-19,1306.0,A,46.0,6.1NRT,302.35,10.96,D,MODIS,4,Savannas & Grasslands
-19.67694,44.96835,338.29,1.12,1.06,2026-09-19,1301.0,A,82.0,6.1NRT,304.87,38.67,D,MODIS,4,Savannas & Grasslands
-5.48655,34.78162,317.36,1.7,1.28,2026-09-19,1306.0,A,57.0,6.1NRT,302.29,14.53,D,MODIS,4,Savannas & Grasslands
-19.70945,44.76256,329.0,1.1,1.05,2026-09-19,1301.0,A,79.0,6.1NRT,304.82,20.71,D,MODIS,4,Savannas & Grasslands
-5.34717,35.73582,318.5,1.44,1.19,2026-09-19,1306.0,A,55.0,6.1NRT,305.35,10.83,D,MODIS,4,Savannas & Grasslands
-20.95426,34.69043,322.48,2.99,1.64,2026-09-19,1301.0,A,76.0,6.1NRT,297.87,66.81,D,MODIS,4,Savannas & Grasslands
-5.48408,34.78959,317.56,1.7,1.28,2026-09-19,1306.0,A,58.0,6.1NRT,302.18,15.99,D,MODIS,4,Savannas & Grasslands
-20.957,34.66251,322.76,3.0,1.65,2026-09-19,1301.0,A,76.0,6.1NRT,297.9,68.56,D,MODIS,4,Savannas & Grasslands
-5.87881,32.0232,320.06,2.88,1.62,2026-09-19,1306.0,A,66.0,6.1NRT,298.24,38.74,D,MODIS,4,Savannas & Grasslands
-19.65446,44.7528,318.91,1.1,1.05,2026-09-19,1301.0,A,47.0,6.1NRT,305.13,8.76,D,MODIS,4,Savannas & Grasslands
-5.45136,34.85941,326.73,1.68,1.27,2026-09-19,1306.0,A,76.0,6.1NRT,303.01,35.21,D,MODIS,4,Savannas & Grasslands
-20.95263,34.68561,325.88,2.99,1.64,2026-09-19,1301.0,A,80.0,6.1NRT,297.97,85.66,D,MODIS,4,Savannas & Grasslands
-5.50013,34.43391,316.03,1.81,1.32,2026-09-19,1306.0,A,43.0,6.1NRT,300.3,17.84,D,MODIS,4,Savannas & Grasslands
-20.95555,34.65773,318.55,3.0,1.65,2026-09-19,1301.0,A,71.0,6.1NRT,297.88,48.81,D,MODIS,4,Savannas & Grasslands
-5.50236,34.41808,319.91,1.82,1.32,2026-09-19,1306.0,A,65.0,6.1NRT,299.68,26.06,D,MODIS,4,Savannas & Grasslands
-5.5046,34.40219,319.32,1.82,1.32,2026-09-19,1306.0,A,61.0,6.1NRT,299.46,24.69,D,MODIS,4,Savannas & Grasslands
-19.06168,48.03069,309.61,1.78,1.31,2026-09-19,1301.0,A,50.0,6.1NRT,296.4,13.69,D,MODIS,4,Savannas & Grasslands
-19.54818,44.96083,315.35,1.13,1.06,2026-09-19,1301.0,A,43.0,6.1NRT,302.64,5.88,D,MODIS,4,Savannas & Grasslands
-5.50685,34.38624,317.83,1.83,1.32,2026-09-19,1306.0,A,49.0,6.1NRT,299.62,20.59,D,MODIS,4,Savannas & Grasslands
-5.81893,32.04023,318.92,2.87,1.62,2026-09-19,1306.0,A,59.0,6.1NRT,298.97,30.18,D,MODIS,4,Savannas & Grasslands
-19.5924,44.68372,315.52,1.1,1.04,2026-09-19,1301.0,A,38.0,6.1NRT,302.0,6.27,D,MODIS,4,Savannas & Grasslands
-5.54332,33.95295,317.46,1.98,1.37,2026-09-19,1306.0,A,57.0,6.1NRT,297.89,21.04,D,MODIS,4,Savannas & Grasslands
-19.57842,44.71249,328.0,1.1,1.05,2026-09-19,1301.0,A,78.0,6.1NRT,306.25,19.3,D,MODIS,4,Savannas & Grasslands
-5.43571,34.6456,350.96,1.74,1.29,2026-09-19,1306.0,A,95.0,6.1NRT,301.23,125.61,D,MODIS,4,Savannas & Grasslands
-19.52936,44.79126,323.71,1.11,1.05,2026-09-19,1301.0,A,72.0,6.1NRT,304.21,14.21,D,MODIS,4,Savannas & Grasslands
-5.43782,34.63036,418.06,1.75,1.3,2026-09-19,1306.0,A,100.0,6.1NRT,312.84,839.37,D,MODIS,4,Savannas & Grasslands
-19.53503,44.63544,344.07,1.09,1.04,2026-09-19,1301.0,A,91.0,6.1NRT,304.0,46.94,D,MODIS,4,Savannas & Grasslands
-5.75819,32.27932,316.0,2.74,1.58,2026-09-19,1306.0,A,52.0,6.1NRT,299.5,20.55,D,MODIS,4,Savannas & Grasslands
-19.53661,44.62541,334.16,1.09,1.04,2026-09-19,1301.0,A,84.0,6.1NRT,304.69,28.23,D,MODIS,4,Savannas & Grasslands
-4.92037,38.22392,321.07,1.05,1.02,2026-09-19,1306.0,A,74.0,6.1NRT,304.29,10.01,D,MODIS,4,Savannas & Grasslands
-18.93778,48.13488,315.24,1.82,1.32,2026-09-19,1301.0,A,59.0,6.1NRT,295.53,23.29,D,MODIS,4,Savannas & Grasslands
-5.03862,37.33368,319.53,1.14,1.06,2026-09-19,1306.0,A,63.0,6.1NRT,300.05,10.9,D,MODIS,4,Savannas & Grasslands
-19.52591,44.63377,342.21,1.09,1.04,2026-09-19,1301.0,A,90.0,6.1NRT,304.02,42.93,D,MODIS,4,Savannas & Grasslands
-5.04003,37.32377,317.82,1.14,1.06,2026-09-19,1306.0,A,31.0,6.1NRT,302.58,9.45,D,MODIS,4,Savannas & Grasslands
-19.52749,44.62374,341.65,1.09,1.04,2026-09-19,1301.0,A,90.0,6.1NRT,305.4,41.72,D,MODIS,4,Savannas & Grasslands
-5.29601,35.49559,315.24,1.49,1.21,2026-09-19,1306.0,A,48.0,6.1NRT,302.87,9.34,D,MODIS,4,Savannas & Grasslands
-19.52907,44.61372,320.79,1.09,1.04,2026-09-19,1301.0,A,67.0,6.1NRT,305.23,10.17,D,MODIS,4,Savannas & Grasslands
-5.40487,34.70288,320.49,1.72,1.29,2026-09-19,1306.0,A,65.0,6.1NRT,302.38,21.47,D,MODIS,4,Savannas & Grasslands
-19.48769,44.81548,322.09,1.11,1.05,2026-09-19,1301.0,A,69.0,6.1NRT,302.43,12.57,D,MODIS,4,Savannas & Grasslands
-5.47781,34.1665,323.26,1.9,1.35,2026-09-19,1306.0,A,72.0,6.1NRT,304.26,27.81,D,MODIS,4,Savannas & Grasslands
-19.48932,44.8052,315.5,1.11,1.05,2026-09-19,1301.0,A,44.0,6.1NRT,302.81,5.29,D,MODIS,4,Savannas & Grasslands
-5.48005,34.14997,331.89,1.91,1.35,2026-09-19,1306.0,A,82.0,6.1NRT,303.74,55.18,D,MODIS,4,Savannas & Grasslands
-19.24192,46.07291,322.76,1.3,1.13,2026-09-19,1301.0,A,74.0,6.1NRT,305.38,15.07,D,MODIS,4,Savannas & Grasslands
-5.03301,37.32735,327.1,1.14,1.06,2026-09-19,1306.0,A,69.0,6.1NRT,302.7,20.92,D,MODIS,4,Savannas & Grasslands
-19.24267,46.06752,322.82,1.3,1.13,2026-09-19,1301.0,A,74.0,6.1NRT,305.55,15.24,D,MODIS,4,Savannas & Grasslands
-5.29986,35.50396,317.2,1.49,1.21,2026-09-19,1306.0,A,56.0,6.1NRT,302.29,11.3,D,MODIS,4,Savannas & Grasslands
-19.3961,45.11377,325.5,1.15,1.07,2026-09-19,1301.0,A,76.0,6.1NRT,303.8,16.46,D,MODIS,4,Savannas & Grasslands
-5.40576,34.69786,319.31,1.72,1.29,2026-09-19,1306.0,A,62.0,6.1NRT,301.98,20.48,D,MODIS,4,Savannas & Grasslands
-19.42361,44.81936,315.41,1.11,1.05,2026-09-19,1301.0,A,50.0,6.1NRT,302.72,6.06,D,MODIS,4,Savannas & Grasslands
-5.4712,34.16052,340.26,1.9,1.35,2026-09-19,1306.0,A,89.0,6.1NRT,304.3,88.26,D,MODIS,4,Savannas & Grasslands
-19.26292,45.6977,318.36,1.24,1.11,2026-09-19,1301.0,A,64.0,6.1NRT,303.38,10.82,D,MODIS,4,Savannas & Grasslands
-5.47355,34.14407,327.67,1.91,1.35,2026-09-19,1306.0,A,78.0,6.1NRT,301.94,42.99,D,MODIS,4,Savannas & Grasslands
-18.82964,48.15971,309.51,1.84,1.33,2026-09-19,1301.0,A,50.0,6.1NRT,296.47,12.5,D,MODIS,4,Savannas & Grasslands
-5.23375,35.74029,340.88,1.43,1.18,2026-09-19,1306.0,A,89.0,6.1NRT,304.62,59.53,D,MODIS,4,Savannas & Grasslands
-18.83263,48.14301,331.55,1.83,1.33,2026-09-19,1301.0,A,85.0,6.1NRT,296.96,65.7,D,MODIS,4,Savannas & Grasslands
-5.2356,35.72741,324.86,1.43,1.18,2026-09-19,1306.0,A,75.0,6.1NRT,303.99,21.99,D,MODIS,4,Savannas & Grasslands
-19.26221,45.58123,320.82,1.22,1.1,2026-09-19,1301.0,A,70.0,6.1NRT,304.9,13.36,D,MODIS,4,Savannas & Grasslands
-5.51861,33.56185,317.6,2.13,1.42,2026-09-19,1306.0,A,59.0,6.1NRT,301.99,18.31,D,MODIS,4,Savannas & Grasslands
-19.40199,44.65798,315.75,1.1,1.04,2026-09-19,1301.0,A,52.0,6.1NRT,303.33,5.78,D,MODIS,4,Savannas & Grasslands
-5.18563,35.7079,326.68,1.44,1.19,2026-09-19,1306.0,A,77.0,6.1NRT,303.87,26.28,D,MODIS,4,Savannas & Grasslands
-19.4036,44.64787,318.93,1.1,1.04,2026-09-19,1301.0,A,64.0,6.1NRT,303.89,8.97,D,MODIS,4,Savannas & Grasslands
-5.22665,35.41326,328.84,1.51,1.21,2026-09-19,1306.0,A,79.0,6.1NRT,304.16,32.55,D,MODIS,4,Savannas & Grasslands
-19.38793,44.45296,316.05,1.08,1.04,2026-09-19,1301.0,A,0.0,6.1NRT,302.47,7.71,D,MODIS,4,Savannas & Grasslands
-5.22846,35.40023,320.34,1.51,1.21,2026-09-19,1306.0,A,65.0,6.1NRT,303.47,17.12,D,MODIS,4,Savannas & Grasslands
-19.36004,44.57135,325.98,1.09,1.04,2026-09-19,1301.0,A,76.0,6.1NRT,302.87,19.07,D,MODIS,4,Savannas & Grasslands
-5.12932,36.03723,322.38,1.36,1.16,2026-09-19,1306.0,A,72.0,6.1NRT,302.25,18.27,D,MODIS,4,Savannas & Grasslands
-19.36162,44.56131,315.16,1.09,1.04,2026-09-19,1301.0,A,43.0,6.1NRT,301.36,7.51,D,MODIS,4,Savannas & Grasslands
-5.29972,34.80338,318.39,1.68,1.28,2026-09-19,1306.0,A,60.0,6.1NRT,302.84,16.47,D,MODIS,4,Savannas & Grasslands
-19.33625,44.48473,315.08,1.08,1.04,2026-09-19,1301.0,A,52.0,6.1NRT,299.37,8.85,D,MODIS,4,Savannas & Grasslands
-5.12833,36.04293,318.73,1.36,1.15,2026-09-19,1306.0,A,61.0,6.1NRT,301.25,12.04,D,MODIS,4,Savannas & Grasslands
-19.26921,44.68468,318.06,1.1,1.05,2026-09-19,1301.0,A,63.0,6.1NRT,303.75,8.28,D,MODIS,4,Savannas & Grasslands
-5.17659,35.71309,321.37,1.43,1.18,2026-09-19,1306.0,A,69.0,6.1NRT,302.49,16.41,D,MODIS,4,Savannas & Grasslands
-19.12996,45.49847,321.27,1.21,1.09,2026-09-19,1301.0,A,71.0,6.1NRT,305.03,13.31,D,MODIS,4,Savannas & Grasslands
-5.22145,35.40598,327.1,1.51,1.21,2026-09-19,1306.0,A,77.0,6.1NRT,304.51,27.36,D,MODIS,4,Savannas & Grasslands
-19.22818,44.8248,327.58,1.12,1.05,2026-09-19,1301.0,A,78.0,6.1NRT,302.0,21.81,D,MODIS,4,Savannas & Grasslands
-5.30791,34.81274,317.35,1.68,1.27,2026-09-19,1306.0,A,55.0,6.1NRT,301.86,14.39,D,MODIS,4,Savannas & Grasslands
-19.25769,44.57834,319.69,1.09,1.04,2026-09-19,1301.0,A,67.0,6.1NRT,300.85,11.42,D,MODIS,4,Savannas & Grasslands
-5.25203,34.9659,316.28,1.63,1.26,2026-09-19,1306.0,A,49.0,6.1NRT,303.86,10.96,D,MODIS,4,Savannas & Grasslands
-19.25928,44.56829,321.33,1.09,1.04,2026-09-19,1301.0,A,70.0,6.1NRT,302.78,13.77,D,MODIS,4,Savannas & Grasslands
-5.18661,35.34732,318.13,1.53,1.22,2026-09-19,1306.0,A,50.0,6.1NRT,303.14,13.87,D,MODIS,4,Savannas & Grasslands
-18.98766,46.11836,325.99,1.32,1.14,2026-09-19,1301.0,A,78.0,6.1NRT,303.77,23.03,D,MODIS,4,Savannas & Grasslands
-5.38407,33.86502,319.18,2.0,1.38,2026-09-19,1306.0,A,63.0,6.1NRT,303.0,19.25,D,MODIS,4,Savannas & Grasslands
-18.9897,46.1062,323.27,1.32,1.14,2026-09-19,1301.0,A,75.0,6.1NRT,303.71,18.62,D,MODIS,4,Savannas & Grasslands
-4.87439,37.14945,319.93,1.16,1.07,2026-09-19,1306.0,A,66.0,6.1NRT,301.31,11.68,D,MODIS,4,Savannas & Grasslands
-19.11414,45.29449,325.13,1.18,1.08,2026-09-19,1301.0,A,76.0,6.1NRT,306.35,14.98,D,MODIS,4,Savannas & Grasslands
-5.02845,35.81324,315.63,1.4,1.17,2026-09-19,1306.0,A,50.0,6.1NRT,303.44,8.18,D,MODIS,4,Savannas & Grasslands
-20.6022,33.47589,309.71,3.66,1.79,2026-09-19,1301.0,A,34.0,6.1NRT,293.94,25.53,D,MODIS,4,Savannas & Grasslands
-5.0679,35.53733,315.56,1.47,1.2,2026-09-19,1306.0,A,40.0,6.1NRT,303.21,9.44,D,MODIS,4,Savannas & Grasslands
-20.48589,34.55225,313.02,3.02,1.65,2026-09-19,1301.0,A,59.0,6.1NRT,297.42,28.41,D,MODIS,4,Savannas & Grasslands
-5.23933,34.33074,316.13,1.83,1.32,2026-09-19,1306.0,A,37.0,6.1NRT,301.12,12.13,D,MODIS,4,Savannas & Grasslands
-19.11925,45.04419,316.13,1.15,1.07,2026-09-19,1301.0,A,34.0,6.1NRT,302.23,8.15,D,MODIS,4,Savannas & Grasslands
-5.24159,34.31476,320.12,1.83,1.33,2026-09-19,1306.0,A,63.0,6.1NRT,301.71,20.38,D,MODIS,4,Savannas & Grasslands
-20.48373,34.54516,315.69,3.02,1.65,2026-09-19,1301.0,A,66.0,6.1NRT,297.47,39.83,D,MODIS,4,Savannas & Grasslands
-5.14158,34.61133,315.93,1.73,1.29,2026-09-19,1306.0,A,38.0,6.1NRT,302.4,11.75,D,MODIS,4,Savannas & Grasslands
-18.58609,47.44187,312.65,1.65,1.26,2026-09-19,1301.0,A,60.0,6.1NRT,297.86,13.61,D,MODIS,4,Savannas & Grasslands
-5.47443,32.19284,319.9,2.75,1.59,2026-09-19,1306.0,A,63.0,6.1NRT,300.99,31.21,D,MODIS,4,Savannas & Grasslands
-18.58877,47.4266,310.67,1.65,1.26,2026-09-19,1301.0,A,52.0,6.1NRT,298.47,10.76,D,MODIS,4,Savannas & Grasslands
-4.86806,36.28512,335.29,1.3,1.13,2026-09-19,1306.0,A,86.0,6.1NRT,307.94,35.52,D,MODIS,4,Savannas & Grasslands
-19.02517,44.818,316.66,1.12,1.06,2026-09-19,1301.0,A,60.0,6.1NRT,300.76,8.92,D,MODIS,4,Savannas & Grasslands
-5.22029,33.72249,326.13,2.04,1.39,2026-09-19,1306.0,A,75.0,6.1NRT,304.0,36.49,D,MODIS,4,Savannas & Grasslands
-18.74567,46.39202,315.93,1.39,1.17,2026-09-19,1301.0,A,61.0,6.1NRT,301.79,10.55,D,MODIS,4,Savannas & Grasslands
-4.72184,37.10017,318.52,1.16,1.07,2026-09-19,1306.0,A,67.0,6.1NRT,300.6,11.36,D,MODIS,4,Savannas & Grasslands
-18.89879,45.47814,332.23,1.22,1.1,2026-09-19,1301.0,A,84.0,6.1NRT,303.79,29.92,D,MODIS,4,Savannas & Grasslands
-4.95194,35.47598,315.21,1.48,1.2,2026-09-19,1306.0,A,42.0,6.1NRT,303.48,9.16,D,MODIS,4,Savannas & Grasslands
-18.90058,45.46727,324.76,1.22,1.1,2026-09-19,1301.0,A,76.0,6.1NRT,304.06,17.35,D,MODIS,4,Savannas & Grasslands
-4.79712,36.28074,315.04,1.3,1.13,2026-09-19,1306.0,A,48.0,6.1NRT,303.66,6.78,D,MODIS,4,Savannas & Grasslands
-18.89046,45.40916,318.68,1.21,1.09,2026-09-19,1301.0,A,54.0,6.1NRT,304.63,7.61,D,MODIS,4,Savannas & Grasslands
-4.65143,37.08468,317.72,1.16,1.07,2026-09-19,1306.0,A,64.0,6.1NRT,301.07,11.34,D,MODIS,4,Savannas & Grasslands
-18.88688,45.40185,317.66,1.21,1.09,2026-09-19,1301.0,A,32.0,6.1NRT,304.94,7.14,D,MODIS,4,Savannas & Grasslands
-4.65288,37.07458,322.28,1.16,1.07,2026-09-19,1306.0,A,72.0,6.1NRT,302.78,17.43,D,MODIS,4,Savannas & Grasslands
-20.3584,34.43323,317.73,3.06,1.66,2026-09-19,1301.0,A,70.0,6.1NRT,299.58,42.01,D,MODIS,4,Savannas & Grasslands
-4.65666,36.98164,339.27,1.17,1.08,2026-09-19,1306.0,A,89.0,6.1NRT,301.99,43.47,D,MODIS,4,Savannas & Grasslands
-18.73232,46.16402,316.79,1.34,1.15,2026-09-19,1301.0,A,63.0,6.1NRT,301.66,9.61,D,MODIS,4,Savannas & Grasslands
-18.85379,45.18324,324.24,1.18,1.08,2026-09-19,1301.0,A,71.0,6.1NRT,305.89,14.03,D,MODIS,4,Savannas & Grasslands
-4.92483,35.01595,346.05,1.6,1.25,2026-09-19,1306.0,A,92.0,6.1NRT,305.56,88.15,D,MODIS,4,Savannas & Grasslands
-18.92098,44.70842,318.5,1.12,1.05,2026-09-19,1301.0,A,64.0,6.1NRT,302.84,9.7,D,MODIS,4,Savannas & Grasslands
-4.92677,35.00207,325.37,1.6,1.25,2026-09-19,1306.0,A,74.0,6.1NRT,304.07,26.54,D,MODIS,4,Savannas & Grasslands
-18.80821,45.34207,321.46,1.2,1.09,2026-09-19,1301.0,A,70.0,6.1NRT,305.78,11.53,D,MODIS,4,Savannas & Grasslands
-4.87611,35.28666,314.96,1.53,1.22,2026-09-19,1306.0,A,25.0,6.1NRT,302.8,9.34,D,MODIS,4,Savannas & Grasslands
-18.80982,45.33223,318.18,1.2,1.09,2026-09-19,1301.0,A,50.0,6.1NRT,304.94,7.43,D,MODIS,4,Savannas & Grasslands
-5.01025,34.318,320.84,1.82,1.32,2026-09-19,1306.0,A,65.0,6.1NRT,304.49,17.07,D,MODIS,4,Savannas & Grasslands
-18.80552,45.33674,326.45,1.2,1.09,2026-09-19,1301.0,A,78.0,6.1NRT,306.39,17.96,D,MODIS,4,Savannas & Grasslands
-5.01243,34.3021,321.71,1.82,1.32,2026-09-19,1306.0,A,67.0,6.1NRT,304.17,19.45,D,MODIS,4,Savannas & Grasslands
-18.93386,44.40348,323.03,1.08,1.04,2026-09-19,1301.0,A,73.0,6.1NRT,303.24,14.92,D,MODIS,4,Savannas & Grasslands
-4.77631,35.92656,335.78,1.37,1.16,2026-09-19,1306.0,A,81.0,6.1NRT,300.32,45.98,D,MODIS,4,Savannas & Grasslands
-20.16781,34.54899,313.79,2.99,1.64,2026-09-19,1301.0,A,57.0,6.1NRT,297.93,31.74,D,MODIS,4,Savannas & Grasslands
-4.77561,35.93201,327.11,1.37,1.16,2026-09-19,1306.0,A,78.0,6.1NRT,301.09,29.5,D,MODIS,4,Savannas & Grasslands
-18.6873,45.63721,318.05,1.25,1.11,2026-09-19,1301.0,A,62.0,6.1NRT,302.55,9.78,D,MODIS,4,Savannas & Grasslands
-4.77731,35.92039,321.66,1.37,1.16,2026-09-19,1306.0,A,70.0,6.1NRT,299.8,19.59,D,MODIS,4,Savannas & Grasslands
-20.11895,34.59923,312.81,2.96,1.64,2026-09-19,1301.0,A,38.0,6.1NRT,299.15,26.96,D,MODIS,4,Savannas & Grasslands
-4.66094,36.64653,314.43,1.23,1.1,2026-09-19,1306.0,A,41.0,6.1NRT,302.17,6.98,D,MODIS,4,Savannas & Grasslands
-20.16523,34.54181,312.6,2.99,1.64,2026-09-19,1301.0,A,27.0,6.1NRT,298.04,25.59,D,MODIS,4,Savannas & Grasslands
-5.00113,34.31013,327.39,1.82,1.32,2026-09-19,1306.0,A,76.0,6.1NRT,304.3,32.74,D,MODIS,4,Savannas & Grasslands
-18.44457,46.90339,318.79,1.52,1.22,2026-09-19,1301.0,A,69.0,6.1NRT,302.86,16.14,D,MODIS,4,Savannas & Grasslands
-4.61296,36.63921,319.55,1.23,1.1,2026-09-19,1306.0,A,67.0,6.1NRT,301.96,12.72,D,MODIS,4,Savannas & Grasslands
-20.1304,34.59374,312.49,2.96,1.64,2026-09-19,1301.0,A,26.0,6.1NRT,299.39,25.26,D,MODIS,4,Savannas & Grasslands
-4.60335,36.63781,316.96,1.23,1.1,2026-09-19,1306.0,A,56.0,6.1NRT,300.98,9.33,D,MODIS,4,Savannas & Grasslands
-18.66713,45.3727,322.82,1.21,1.09,2026-09-19,1301.0,A,73.0,6.1NRT,304.88,13.21,D,MODIS,4,Savannas & Grasslands
-5.3497,31.12255,319.85,3.35,1.73,2026-09-19,1306.0,A,60.0,6.1NRT,297.72,49.38,D,MODIS,4,Savannas & Grasslands
-18.66899,45.36126,317.46,1.21,1.09,2026-09-19,1301.0,A,57.0,6.1NRT,303.7,6.32,D,MODIS,4,Savannas & Grasslands
-5.33463,31.12058,321.43,3.35,1.73,2026-09-19,1306.0,A,66.0,6.1NRT,298.08,58.09,D,MODIS,4,Savannas & Grasslands
-18.74498,44.7701,317.08,1.13,1.06,2026-09-19,1301.0,A,58.0,6.1NRT,300.26,9.13,D,MODIS,4,Savannas & Grasslands
-5.33653,31.11592,326.38,3.35,1.73,2026-09-19,1306.0,A,75.0,6.1NRT,298.16,90.66,D,MODIS,4,Savannas & Grasslands
-18.5572,45.85754,317.77,1.29,1.13,2026-09-19,1301.0,A,64.0,6.1NRT,301.77,11.68,D,MODIS,4,Savannas & Grasslands
-4.49475,36.75608,318.2,1.2,1.09,2026-09-19,1306.0,A,65.0,6.1NRT,301.6,11.12,D,MODIS,4,Savannas & Grasslands
-18.55915,45.84583,334.39,1.29,1.13,2026-09-19,1301.0,A,85.0,6.1NRT,301.98,39.58,D,MODIS,4,Savannas & Grasslands
-4.43257,36.40208,324.4,1.26,1.12,2026-09-19,1306.0,A,75.0,6.1NRT,297.54,18.23,D,MODIS,4,Savannas & Grasslands
-18.71298,44.6321,315.3,1.11,1.05,2026-09-19,1301.0,A,54.0,6.1NRT,301.87,5.52,D,MODIS,4,Savannas & Grasslands
-18.70379,44.63038,316.24,1.11,1.05,2026-09-19,1301.0,A,58.0,6.1NRT,302.19,6.3,D,MODIS,4,Savannas & Grasslands
-18.70539,44.62023,326.94,1.11,1.05,2026-09-19,1301.0,A,78.0,6.1NRT,302.79,18.91,D,MODIS,4,Savannas & Grasslands
-18.13143,47.98517,309.9,1.85,1.33,2026-09-19,1301.0,A,25.0,6.1NRT,297.57,9.83,D,MODIS,4,Savannas & Grasslands
-18.09672,47.97838,309.89,1.85,1.33,2026-09-19,1301.0,A,20.0,6.1NRT,298.51,8.83,D,MODIS,4,Savannas & Grasslands
-18.42094,45.99939,320.7,1.33,1.14,2026-09-19,1301.0,A,50.0,6.1NRT,300.67,16.32,D,MODIS,4,Savannas & Grasslands
-18.57568,45.07029,332.23,1.17,1.08,2026-09-19,1301.0,A,79.0,6.1NRT,305.12,27.72,D,MODIS,4,Savannas & Grasslands
-18.42116,45.9926,323.6,1.33,1.14,2026-09-19,1301.0,A,63.0,6.1NRT,301.37,20.28,D,MODIS,4,Savannas & Grasslands
-20.13956,31.96257,314.32,4.71,1.99,2026-09-19,1301.0,A,64.0,6.1NRT,300.83,51.51,D,MODIS,4,Savannas & Grasslands
-20.13871,31.95836,315.65,4.71,1.99,2026-09-19,1301.0,A,67.0,6.1NRT,300.82,62.87,D,MODIS,4,Savannas & Grasslands
-19.8178,34.70527,311.0,2.87,1.62,2026-09-19,1301.0,A,36.0,6.1NRT,299.17,20.64,D,MODIS,4,Savannas & Grasslands
-17.93682,47.9699,310.71,1.86,1.33,2026-09-19,1301.0,A,40.0,6.1NRT,298.44,11.48,D,MODIS,4,Savannas & Grasslands
-19.87284,33.87212,315.51,3.34,1.72,2026-09-19,1301.0,A,47.0,6.1NRT,299.52,37.18,D,MODIS,4,Savannas & Grasslands
-18.51298,44.42797,314.52,1.1,1.04,2026-09-19,1301.0,A,52.0,6.1NRT,301.6,4.88,D,MODIS,4,Savannas & Grasslands
-17.81969,48.34669,322.07,1.99,1.38,2026-09-19,1301.0,A,52.0,6.1NRT,297.66,35.61,D,MODIS,4,Savannas & Grasslands
-17.82299,48.32882,360.89,1.98,1.37,2026-09-19,1301.0,A,100.0,6.1NRT,300.73,224.08,D,MODIS,4,Savannas & Grasslands
-18.48575,44.42689,324.04,1.1,1.04,2026-09-19,1301.0,A,75.0,6.1NRT,301.69,15.12,D,MODIS,4,Savannas & Grasslands
-19.87461,33.86479,315.87,3.34,1.72,2026-09-19,1301.0,A,43.0,6.1NRT,298.98,37.1,D,MODIS,4,Savannas & Grasslands
-17.82631,48.34083,354.26,1.99,1.38,2026-09-19,1301.0,A,97.0,6.1NRT,299.44,178.55,D,MODIS,4,Savannas & Grasslands
-17.81437,48.33823,312.21,1.99,1.38,2026-09-19,1301.0,A,53.0,6.1NRT,297.66,16.05,D,MODIS,4,Savannas & Grasslands
-17.8175,48.32063,313.91,1.98,1.37,2026-09-19,1301.0,A,59.0,6.1NRT,298.12,20.42,D,MODIS,4,Savannas & Grasslands
-18.31996,45.35144,318.4,1.22,1.1,2026-09-19,1301.0,A,66.0,6.1NRT,299.42,13.73,D,MODIS,4,Savannas & Grasslands
-18.32171,45.34059,315.66,1.22,1.1,2026-09-19,1301.0,A,55.0,6.1NRT,300.88,9.6,D,MODIS,4,Savannas & Grasslands
-19.76834,34.5835,310.7,2.93,1.63,2026-09-19,1301.0,A,47.0,6.1NRT,298.64,16.79,D,MODIS,4,Savannas & Grasslands
-18.33323,45.20827,316.84,1.2,1.09,2026-09-19,1301.0,A,61.0,6.1NRT,303.83,5.78,D,MODIS,4,Savannas & Grasslands
-18.33499,45.19733,331.4,1.2,1.09,2026-09-19,1301.0,A,83.0,6.1NRT,304.87,26.45,D,MODIS,4,Savannas & Grasslands
-18.36208,44.9684,322.05,1.16,1.07,2026-09-19,1301.0,A,72.0,6.1NRT,305.97,11.39,D,MODIS,4,Savannas & Grasslands
-19.79847,34.0101,316.35,3.25,1.7,2026-09-19,1301.0,A,61.0,6.1NRT,300.54,42.13,D,MODIS,4,Savannas & Grasslands
-18.17919,46.02434,318.28,1.34,1.15,2026-09-19,1301.0,A,66.0,6.1NRT,302.03,12.62,D,MODIS,4,Savannas & Grasslands
-18.18124,46.01206,314.04,1.34,1.15,2026-09-19,1301.0,A,52.0,6.1NRT,301.37,7.48,D,MODIS,4,Savannas & Grasslands
-18.44385,44.27575,319.97,1.08,1.04,2026-09-19,1301.0,A,69.0,6.1NRT,301.62,10.85,D,MODIS,4,Savannas & Grasslands
-17.80999,47.95409,310.31,1.86,1.33,2026-09-19,1301.0,A,21.0,6.1NRT,296.91,11.69,D,MODIS,4,Savannas & Grasslands
-17.81304,47.93724,316.68,1.86,1.33,2026-09-19,1301.0,A,66.0,6.1NRT,298.4,24.14,D,MODIS,4,Savannas & Grasslands
-17.81523,47.94976,316.22,1.86,1.33,2026-09-19,1301.0,A,61.0,6.1NRT,296.83,22.23,D,MODIS,4,Savannas & Grasslands
-17.81809,47.93321,312.22,1.86,1.33,2026-09-19,1301.0,A,27.0,6.1NRT,299.25,14.18,D,MODIS,4,Savannas & Grasslands
-18.18029,45.70884,313.15,1.29,1.13,2026-09-19,1301.0,A,17.0,6.1NRT,299.79,8.0,D,MODIS,4,Savannas & Grasslands
-17.93398,46.86446,320.49,1.54,1.22,2026-09-19,1301.0,A,71.0,6.1NRT,303.87,16.24,D,MODIS,4,Savannas & Grasslands
-17.93638,46.85055,320.95,1.54,1.22,2026-09-19,1301.0,A,72.0,6.1NRT,304.39,16.49,D,MODIS,4,Savannas & Grasslands
-17.77524,47.70336,313.99,1.79,1.31,2026-09-19,1301.0,A,36.0,6.1NRT,300.14,12.31,D,MODIS,4,Savannas & Grasslands
-19.6677,33.96215,319.52,3.26,1.71,2026-09-19,1301.0,A,73.0,6.1NRT,298.29,60.98,D,MODIS,4,Savannas & Grasslands
-17.77022,47.6003,317.72,1.76,1.3,2026-09-19,1301.0,A,41.0,6.1NRT,303.45,17.57,D,MODIS,4,Savannas & Grasslands
-18.28412,44.58378,326.75,1.12,1.05,2026-09-19,1301.0,A,78.0,6.1NRT,301.28,19.19,D,MODIS,4,Savannas & Grasslands
-18.28577,44.57352,320.15,1.12,1.05,2026-09-19,1301.0,A,68.0,6.1NRT,300.8,10.46,D,MODIS,4,Savannas & Grasslands
-17.76862,47.60986,319.28,1.76,1.3,2026-09-19,1301.0,A,65.0,6.1NRT,301.85,21.5,D,MODIS,4,Savannas & Grasslands
-18.14084,45.376,315.06,1.23,1.1,2026-09-19,1301.0,A,45.0,6.1NRT,299.04,6.02,D,MODIS,4,Savannas & Grasslands
-18.14263,45.36489,336.48,1.23,1.1,2026-09-19,1301.0,A,87.0,6.1NRT,302.07,39.32,D,MODIS,4,Savannas & Grasslands
-19.66856,33.95475,315.74,3.26,1.71,2026-09-19,1301.0,A,56.0,6.1NRT,297.39,41.69,D,MODIS,4,Savannas & Grasslands
-18.02359,45.97074,315.68,1.34,1.15,2026-09-19,1301.0,A,54.0,6.1NRT,301.86,9.27,D,MODIS,4,Savannas & Grasslands
-17.62748,48.1405,332.23,1.94,1.36,2026-09-19,1301.0,A,84.0,6.1NRT,296.69,73.76,D,MODIS,4,Savannas & Grasslands
-17.63069,48.12259,318.89,1.93,1.36,2026-09-19,1301.0,A,70.0,6.1NRT,295.33,33.9,D,MODIS,4,Savannas & Grasslands
-17.55786,48.38844,324.69,2.03,1.39,2026-09-19,1301.0,A,64.0,6.1NRT,290.85,56.0,D,MODIS,4,Savannas & Grasslands
-17.76301,47.24435,318.2,1.65,1.26,2026-09-19,1301.0,A,68.0,6.1NRT,302.13,16.76,D,MODIS,4,Savannas & Grasslands
-18.17139,44.42598,316.64,1.1,1.05,2026-09-19,1301.0,A,58.0,6.1NRT,302.18,6.56,D,MODIS,4,Savannas & Grasslands
-17.55271,48.04577,311.44,1.91,1.35,2026-09-19,1301.0,A,38.0,6.1NRT,296.7,14.55,D,MODIS,4,Savannas & Grasslands
-19.55717,33.55996,316.85,3.49,1.76,2026-09-19,1301.0,A,49.0,6.1NRT,291.94,59.69,D,MODIS,4,Savannas & Grasslands
-17.93577,45.76072,317.21,1.31,1.13,2026-09-19,1301.0,A,47.0,6.1NRT,301.46,12.44,D,MODIS,4,Savannas & Grasslands
-19.53825,33.26434,313.69,3.68,1.8,2026-09-19,1301.0,A,61.0,6.1NRT,295.8,48.68,D,MODIS,4,Savannas & Grasslands
-17.58956,47.57332,333.61,1.76,1.3,2026-09-19,1301.0,A,85.0,6.1NRT,302.49,57.43,D,MODIS,4,Savannas & Grasslands
-17.59251,47.5569,323.53,1.76,1.3,2026-09-19,1301.0,A,76.0,6.1NRT,302.52,29.08,D,MODIS,4,Savannas & Grasslands
-17.84582,46.11076,318.48,1.38,1.16,2026-09-19,1301.0,A,61.0,6.1NRT,303.22,10.35,D,MODIS,4,Savannas & Grasslands
-19.54453,33.02234,324.61,3.85,1.83,2026-09-19,1301.0,A,78.0,6.1NRT,293.32,121.2,D,MODIS,4,Savannas & Grasslands
-19.54772,32.98742,317.71,3.87,1.83,2026-09-19,1301.0,A,62.0,6.1NRT,292.17,74.82,D,MODIS,4,Savannas & Grasslands
-17.84554,46.11687,316.29,1.38,1.16,2026-09-19,1301.0,A,23.0,6.1NRT,302.41,7.75,D,MODIS,4,Savannas & Grasslands
-17.59092,47.56664,335.83,1.76,1.3,2026-09-19,1301.0,A,87.0,6.1NRT,302.61,66.04,D,MODIS,4,Savannas & Grasslands
-17.57952,47.56486,338.91,1.76,1.3,2026-09-19,1301.0,A,89.0,6.1NRT,302.26,77.36,D,MODIS,4,Savannas & Grasslands
-17.58246,47.54785,315.44,1.76,1.3,2026-09-19,1301.0,A,54.0,6.1NRT,300.98,12.07,D,MODIS,4,Savannas & Grasslands
-19.39766,34.51738,313.9,2.93,1.63,2026-09-19,1301.0,A,59.0,6.1NRT,297.5,22.3,D,MODIS,4,Savannas & Grasslands
-19.528,33.25596,315.85,3.68,1.8,2026-09-19,1301.0,A,66.0,6.1NRT,295.0,61.54,D,MODIS,4,Savannas & Grasslands
-19.53571,33.01439,330.09,3.85,1.83,2026-09-19,1301.0,A,83.0,6.1NRT,297.81,166.34,D,MODIS,4,Savannas & Grasslands
-19.42122,34.00695,323.85,3.21,1.7,2026-09-19,1301.0,A,67.0,6.1NRT,296.01,90.93,D,MODIS,4,Savannas & Grasslands
-19.33745,34.53778,321.47,2.91,1.63,2026-09-19,1301.0,A,75.0,6.1NRT,298.34,60.6,D,MODIS,4,Savannas & Grasslands
-19.44891,33.2477,311.62,3.68,1.8,2026-09-19,1301.0,A,27.0,6.1NRT,296.23,30.67,D,MODIS,4,Savannas & Grasslands
-19.33183,34.55964,312.91,2.9,1.62,2026-09-19,1301.0,A,59.0,6.1NRT,297.57,24.0,D,MODIS,4,Savannas & Grasslands
-19.33476,34.53281,318.86,2.91,1.63,2026-09-19,1301.0,A,71.0,6.1NRT,298.14,49.88,D,MODIS,4,Savannas & Grasslands
-17.6146,46.82372,321.98,1.55,1.23,2026-09-19,1301.0,A,69.0,6.1NRT,303.57,20.62,D,MODIS,4,Savannas & Grasslands
-17.59179,46.89277,317.1,1.57,1.24,2026-09-19,1301.0,A,62.0,6.1NRT,302.66,12.26,D,MODIS,4,Savannas & Grasslands
-17.53323,47.16858,320.15,1.65,1.26,2026-09-19,1301.0,A,69.0,6.1NRT,302.36,19.25,D,MODIS,4,Savannas & Grasslands
-19.37865,33.69017,315.59,3.39,1.74,2026-09-19,1301.0,A,47.0,6.1NRT,296.61,52.58,D,MODIS,4,Savannas & Grasslands
-17.403,47.84579,321.44,1.86,1.33,2026-09-19,1301.0,A,72.0,6.1NRT,301.61,28.93,D,MODIS,4,Savannas & Grasslands
-17.78695,45.60204,317.09,1.28,1.12,2026-09-19,1301.0,A,58.0,6.1NRT,303.04,7.71,D,MODIS,4,Savannas & Grasslands
-17.37048,47.96047,314.58,1.9,1.35,2026-09-19,1301.0,A,55.0,6.1NRT,298.37,16.67,D,MODIS,4,Savannas & Grasslands
-17.50564,47.13129,316.78,1.64,1.26,2026-09-19,1301.0,A,62.0,6.1NRT,301.68,13.59,D,MODIS,4,Savannas & Grasslands
-17.73376,45.79966,326.38,1.32,1.14,2026-09-19,1301.0,A,76.0,6.1NRT,302.96,22.46,D,MODIS,4,Savannas & Grasslands
-19.19602,34.75822,313.53,2.79,1.6,2026-09-19,1301.0,A,61.0,6.1NRT,296.54,26.56,D,MODIS,4,Savannas & Grasslands
-19.17175,35.05247,311.81,2.64,1.56,2026-09-19,1301.0,A,56.0,6.1NRT,297.71,24.21,D,MODIS,4,Savannas & Grasslands
-19.18802,34.77665,309.56,2.78,1.59,2026-09-19,1301.0,A,42.0,6.1NRT,295.84,15.41,D,MODIS,4,Savannas & Grasslands
-19.15492,34.95143,318.46,2.69,1.57,2026-09-19,1301.0,A,71.0,6.1NRT,297.65,47.47,D,MODIS,4,Savannas & Grasslands
-19.15762,34.92659,312.08,2.7,1.57,2026-09-19,1301.0,A,57.0,6.1NRT,297.43,25.2,D,MODIS,4,Savannas & Grasslands
-17.4978,46.76617,321.93,1.55,1.23,2026-09-19,1301.0,A,72.0,6.1NRT,303.5,19.01,D,MODIS,4,Savannas & Grasslands
-17.1926,48.28966,312.42,2.03,1.39,2026-09-19,1301.0,A,48.0,6.1NRT,297.79,19.05,D,MODIS,4,Savannas & Grasslands
-17.40995,47.01473,317.43,1.62,1.25,2026-09-19,1301.0,A,61.0,6.1NRT,302.82,12.53,D,MODIS,4,Savannas & Grasslands
-17.40682,47.02367,314.7,1.62,1.25,2026-09-19,1301.0,A,55.0,6.1NRT,302.25,8.2,D,MODIS,4,Savannas & Grasslands
-19.24413,32.89687,320.3,3.9,1.84,2026-09-19,1301.0,A,74.0,6.1NRT,296.63,88.48,D,MODIS,4,Savannas & Grasslands
-18.91364,35.83965,319.06,2.28,1.46,2026-09-19,1301.0,A,20.0,6.1NRT,297.8,36.05,D,MODIS,4,Savannas & Grasslands
-17.78353,44.24048,314.49,1.1,1.04,2026-09-19,1301.0,A,48.0,6.1NRT,301.0,5.65,D,MODIS,4,Savannas & Grasslands
-18.90534,35.79585,324.56,2.29,1.47,2026-09-19,1301.0,A,67.0,6.1NRT,298.35,55.75,D,MODIS,4,Savannas & Grasslands
-18.914,35.83298,319.92,2.28,1.46,2026-09-19,1301.0,A,73.0,6.1NRT,298.2,41.2,D,MODIS,4,Savannas & Grasslands
-18.90601,35.78925,321.92,2.29,1.47,2026-09-19,1301.0,A,76.0,6.1NRT,298.27,49.92,D,MODIS,4,Savannas & Grasslands
-17.61793,45.05216,315.48,1.2,1.09,2026-09-19,1301.0,A,48.0,6.1NRT,300.16,8.23,D,MODIS,4,Savannas & Grasslands
-19.13886,33.52489,310.25,3.47,1.75,2026-09-19,1301.0,A,50.0,6.1NRT,297.11,24.7,D,MODIS,4,Savannas & Grasslands
-18.83219,35.86525,310.77,2.26,1.46,2026-09-19,1301.0,A,55.0,6.1NRT,297.78,18.41,D,MODIS,4,Savannas & Grasslands
-18.83313,35.86014,313.31,2.26,1.46,2026-09-19,1301.0,A,62.0,6.1NRT,297.81,23.35,D,MODIS,4,Savannas & Grasslands
-17.52002,45.02896,319.01,1.2,1.09,2026-09-19,1301.0,A,57.0,6.1NRT,300.05,11.03,D,MODIS,4,Savannas & Grasslands
-17.65768,44.04313,315.2,1.08,1.04,2026-09-19,1301.0,A,57.0,6.1NRT,299.94,7.08,D,MODIS,4,Savannas & Grasslands
-17.65923,44.03327,313.48,1.08,1.04,2026-09-19,1301.0,A,49.0,6.1NRT,300.37,5.47,D,MODIS,4,Savannas & Grasslands
-18.93405,33.74708,324.84,3.32,1.72,2026-09-19,1301.0,A,60.0,6.1NRT,295.71,93.09,D,MODIS,4,Savannas & Grasslands
-18.93537,33.7406,320.54,3.32,1.72,2026-09-19,1301.0,A,65.0,6.1NRT,296.81,70.85,D,MODIS,4,Savannas & Grasslands
-18.77964,35.05649,309.15,2.61,1.55,2026-09-19,1301.0,A,29.0,6.1NRT,293.12,14.86,D,MODIS,4,Savannas & Grasslands
-17.3976,45.14795,319.25,1.22,1.1,2026-09-19,1301.0,A,52.0,6.1NRT,298.3,12.69,D,MODIS,4,Savannas & Grasslands
-17.3994,45.13685,322.88,1.22,1.1,2026-09-19,1301.0,A,57.0,6.1NRT,301.62,17.98,D,MODIS,4,Savannas & Grasslands
-18.88404,33.94259,315.46,3.19,1.69,2026-09-19,1301.0,A,48.0,6.1NRT,295.77,38.85,D,MODIS,4,Savannas & Grasslands
-16.9126,47.85733,314.36,1.91,1.35,2026-09-19,1301.0,A,55.0,6.1NRT,299.91,14.14,D,MODIS,4,Savannas & Grasslands
-18.75344,34.77982,320.46,2.74,1.58,2026-09-19,1301.0,A,74.0,6.1NRT,297.24,54.8,D,MODIS,4,Savannas & Grasslands
-18.76237,34.77585,315.49,2.74,1.58,2026-09-19,1301.0,A,57.0,6.1NRT,298.04,32.88,D,MODIS,4,Savannas & Grasslands
-17.45147,44.41775,318.26,1.12,1.06,2026-09-19,1301.0,A,66.0,6.1NRT,300.76,9.63,D,MODIS,4,Savannas & Grasslands
-18.74844,34.77408,317.68,2.74,1.58,2026-09-19,1301.0,A,70.0,6.1NRT,296.9,42.03,D,MODIS,4,Savannas & Grasslands
-18.74469,33.98391,339.35,3.16,1.68,2026-09-19,1301.0,A,75.0,6.1NRT,296.53,175.29,D,MODIS,4,Savannas & Grasslands
-17.41271,44.24401,313.94,1.1,1.05,2026-09-19,1301.0,A,53.0,6.1NRT,300.81,5.71,D,MODIS,4,Savannas & Grasslands
-18.74414,33.97709,329.83,3.16,1.68,2026-09-19,1301.0,A,34.0,6.1NRT,297.45,109.48,D,MODIS,4,Savannas & Grasslands
-18.5856,35.1651,322.91,2.54,1.53,2026-09-19,1301.0,A,76.0,6.1NRT,298.65,56.39,D,MODIS,4,Savannas & Grasslands
-17.33402,44.39091,314.89,1.12,1.06,2026-09-19,1301.0,A,54.0,6.1NRT,300.1,6.1,D,MODIS,4,Savannas & Grasslands
-18.5721,35.16359,325.7,2.54,1.53,2026-09-19,1301.0,A,78.0,6.1NRT,298.04,65.81,D,MODIS,4,Savannas & Grasslands
-18.71193,33.85377,315.24,3.23,1.7,2026-09-19,1301.0,A,55.0,6.1NRT,294.19,43.84,D,MODIS,4,Savannas & Grasslands
-16.81929,47.27452,320.23,1.73,1.29,2026-09-19,1301.0,A,69.0,6.1NRT,303.12,21.2,D,MODIS,4,Savannas & Grasslands
-18.45558,35.8573,313.99,2.23,1.45,2026-09-19,1301.0,A,62.0,6.1NRT,301.38,15.47,D,MODIS,4,Savannas & Grasslands
-18.68842,33.50768,316.49,3.43,1.74,2026-09-19,1301.0,A,63.0,6.1NRT,297.81,47.48,D,MODIS,4,Savannas & Grasslands
-18.61717,33.89886,322.3,3.19,1.69,2026-09-19,1301.0,A,76.0,6.1NRT,299.18,75.06,D,MODIS,4,Savannas & Grasslands
-18.62018,33.86981,333.79,3.21,1.7,2026-09-19,1301.0,A,86.0,6.1NRT,298.68,152.27,D,MODIS,4,Savannas & Grasslands
-18.6144,33.7788,313.1,3.26,1.71,2026-09-19,1301.0,A,51.0,6.1NRT,297.44,33.15,D,MODIS,4,Savannas & Grasslands
-18.43399,35.35041,311.29,2.45,1.51,2026-09-19,1301.0,A,42.0,6.1NRT,295.25,20.16,D,MODIS,4,Savannas & Grasslands
-17.22263,44.22348,317.19,1.11,1.05,2026-09-19,1301.0,A,44.0,6.1NRT,299.69,9.2,D,MODIS,4,Savannas & Grasslands
-18.4373,35.34395,311.58,2.45,1.51,2026-09-19,1301.0,A,35.0,6.1NRT,295.25,19.78,D,MODIS,4,Savannas & Grasslands
-18.3924,35.38376,324.19,2.43,1.5,2026-09-19,1301.0,A,78.0,6.1NRT,298.09,66.09,D,MODIS,4,Savannas & Grasslands
-18.53654,33.94166,316.02,3.16,1.68,2026-09-19,1301.0,A,66.0,6.1NRT,299.73,42.86,D,MODIS,4,Savannas & Grasslands
-18.3601,35.31244,316.12,2.46,1.51,2026-09-19,1301.0,A,57.0,6.1NRT,295.73,32.76,D,MODIS,4,Savannas & Grasslands
-16.79924,46.38979,350.05,1.5,1.21,2026-09-19,1301.0,A,95.0,6.1NRT,303.67,96.22,D,MODIS,4,Savannas & Grasslands
-16.80156,46.37626,338.13,1.49,1.21,2026-09-19,1301.0,A,87.0,6.1NRT,303.85,55.55,D,MODIS,4,Savannas & Grasslands
-16.76399,46.46769,322.15,1.52,1.22,2026-09-19,1301.0,A,70.0,6.1NRT,305.9,19.52,D,MODIS,4,Savannas & Grasslands
-16.76638,46.4539,318.82,1.51,1.21,2026-09-19,1301.0,A,63.0,6.1NRT,304.8,13.72,D,MODIS,4,Savannas & Grasslands
-18.34321,35.37305,310.95,2.43,1.5,2026-09-19,1301.0,A,24.0,6.1NRT,295.87,17.69,D,MODIS,4,Savannas & Grasslands
-16.76093,46.46131,326.38,1.52,1.22,2026-09-19,1301.0,A,76.0,6.1NRT,305.16,27.65,D,MODIS,4,Savannas & Grasslands
-18.36968,35.02789,318.55,2.58,1.54,2026-09-19,1301.0,A,55.0,6.1NRT,299.17,37.3,D,MODIS,4,Savannas & Grasslands
-16.95441,45.15417,322.28,1.24,1.11,2026-09-19,1301.0,A,70.0,6.1NRT,302.91,13.7,D,MODIS,4,Savannas & Grasslands
-16.74064,46.38689,317.04,1.5,1.21,2026-09-19,1301.0,A,41.0,6.1NRT,301.08,9.71,D,MODIS,4,Savannas & Grasslands
-18.16451,36.45201,331.75,1.99,1.38,2026-09-19,1301.0,A,84.0,6.1NRT,301.24,64.91,D,MODIS,4,Savannas & Grasslands
-18.16668,36.43371,317.5,2.0,1.38,2026-09-19,1301.0,A,68.0,6.1NRT,300.63,22.33,D,MODIS,4,Savannas & Grasslands
-16.48503,47.79996,316.08,1.93,1.36,2026-09-19,1301.0,A,53.0,6.1NRT,302.63,14.34,D,MODIS,4,Savannas & Grasslands
-18.45856,33.37524,321.99,3.49,1.76,2026-09-19,1301.0,A,66.0,6.1NRT,293.97,80.92,D,MODIS,4,Savannas & Grasslands
-16.5916,46.99409,323.19,1.67,1.27,2026-09-19,1301.0,A,72.0,6.1NRT,306.4,18.4,D,MODIS,4,Savannas & Grasslands
-16.59425,46.979,321.41,1.66,1.27,2026-09-19,1301.0,A,69.0,6.1NRT,307.18,14.33,D,MODIS,4,Savannas & Grasslands
-18.2721,35.03941,324.52,2.57,1.54,2026-09-19,1301.0,A,63.0,6.1NRT,299.77,59.4,D,MODIS,4,Savannas & Grasslands
-18.38851,33.92144,314.17,3.16,1.68,2026-09-19,1301.0,A,58.0,6.1NRT,298.01,26.51,D,MODIS,4,Savannas & Grasslands
-16.5908,46.98713,327.66,1.67,1.27,2026-09-19,1301.0,A,78.0,6.1NRT,306.84,28.51,D,MODIS,4,Savannas & Grasslands
-18.10764,36.56612,313.31,1.95,1.36,2026-09-19,1301.0,A,40.0,6.1NRT,300.03,13.33,D,MODIS,4,Savannas & Grasslands
-16.65169,46.49066,333.61,1.53,1.22,2026-09-19,1301.0,A,84.0,6.1NRT,305.8,44.11,D,MODIS,4,Savannas & Grasslands
-18.38796,33.91423,316.99,3.16,1.68,2026-09-19,1301.0,A,68.0,6.1NRT,299.08,38.82,D,MODIS,4,Savannas & Grasslands
-18.38643,33.64381,313.66,3.32,1.72,2026-09-19,1301.0,A,60.0,6.1NRT,299.77,27.35,D,MODIS,4,Savannas & Grasslands
-18.38957,33.61376,311.55,3.34,1.72,2026-09-19,1301.0,A,30.0,6.1NRT,297.11,18.89,D,MODIS,4,Savannas & Grasslands
-18.12641,35.77163,314.05,2.24,1.45,2026-09-19,1301.0,A,37.0,6.1NRT,299.38,18.66,D,MODIS,4,Savannas & Grasslands
-16.58766,46.47931,320.09,1.53,1.22,2026-09-19,1301.0,A,67.0,6.1NRT,305.32,14.8,D,MODIS,4,Savannas & Grasslands
-18.27339,34.15584,318.84,3.02,1.65,2026-09-19,1301.0,A,70.0,6.1NRT,299.32,48.37,D,MODIS,4,Savannas & Grasslands
-16.74385,45.43656,314.38,1.3,1.13,2026-09-19,1301.0,A,30.0,6.1NRT,300.5,6.27,D,MODIS,4,Savannas & Grasslands
-18.27191,34.15117,319.78,3.02,1.65,2026-09-19,1301.0,A,72.0,6.1NRT,298.34,52.39,D,MODIS,4,Savannas & Grasslands
-16.55501,46.32502,317.54,1.5,1.21,2026-09-19,1301.0,A,50.0,6.1NRT,303.37,8.33,D,MODIS,4,Savannas & Grasslands
-18.31478,33.31609,333.04,3.51,1.76,2026-09-19,1301.0,A,85.0,6.1NRT,295.63,159.89,D,MODIS,4,Savannas & Grasslands
-18.03059,35.81703,320.29,2.22,1.44,2026-09-19,1301.0,A,44.0,6.1NRT,299.78,33.89,D,MODIS,4,Savannas & Grasslands
-18.1388,34.71579,316.57,2.71,1.58,2026-09-19,1301.0,A,49.0,6.1NRT,303.32,21.86,D,MODIS,4,Savannas & Grasslands
-18.12976,34.73254,317.99,2.7,1.57,2026-09-19,1301.0,A,38.0,6.1NRT,303.19,27.5,D,MODIS,4,Savannas & Grasslands
-16.58914,45.68731,324.77,1.36,1.15,2026-09-19,1301.0,A,74.0,6.1NRT,301.11,20.62,D,MODIS,4,Savannas & Grasslands
-18.19648,33.58014,316.34,3.34,1.72,2026-09-19,1301.0,A,53.0,6.1NRT,300.23,35.59,D,MODIS,4,Savannas & Grasslands
-18.19959,33.55013,322.03,3.35,1.73,2026-09-19,1301.0,A,74.0,6.1NRT,298.99,66.59,D,MODIS,4,Savannas & Grasslands
-17.96923,35.5491,317.6,2.32,1.47,2026-09-19,1301.0,A,49.0,6.1NRT,300.59,23.31,D,MODIS,4,Savannas & Grasslands
-18.17583,33.32546,347.68,3.49,1.76,2026-09-19,1301.0,A,94.0,6.1NRT,299.75,296.24,D,MODIS,4,Savannas & Grasslands
-18.179,33.29337,335.69,3.51,1.76,2026-09-19,1301.0,A,87.0,6.1NRT,299.72,172.74,D,MODIS,4,Savannas & Grasslands
-17.84004,36.51441,313.35,1.95,1.36,2026-09-19,1301.0,A,38.0,6.1NRT,299.17,12.77,D,MODIS,4,Savannas & Grasslands
-16.44852,46.04759,326.85,1.44,1.19,2026-09-19,1301.0,A,78.0,6.1NRT,304.26,26.13,D,MODIS,4,Savannas & Grasslands
-16.4507,46.03439,324.5,1.44,1.19,2026-09-19,1301.0,A,75.0,6.1NRT,304.81,22.06,D,MODIS,4,Savannas & Grasslands
-17.79464,36.68669,313.89,1.89,1.34,2026-09-19,1301.0,A,48.0,6.1NRT,298.34,16.28,D,MODIS,4,Savannas & Grasslands
-18.17999,33.32154,345.37,3.49,1.76,2026-09-19,1301.0,A,93.0,6.1NRT,298.59,269.04,D,MODIS,4,Savannas & Grasslands
-18.18338,33.28956,325.49,3.51,1.76,2026-09-19,1301.0,A,66.0,6.1NRT,298.78,91.75,D,MODIS,4,Savannas & Grasslands
-16.42734,46.11077,323.96,1.46,1.19,2026-09-19,1301.0,A,74.0,6.1NRT,305.75,18.37,D,MODIS,4,Savannas & Grasslands
-18.16453,33.31993,320.94,3.49,1.76,2026-09-19,1301.0,A,72.0,6.1NRT,298.01,61.82,D,MODIS,4,Savannas & Grasslands
-16.38642,46.2264,325.07,1.48,1.2,2026-09-19,1301.0,A,76.0,6.1NRT,303.22,25.24,D,MODIS,4,Savannas & Grasslands
-17.9988,34.45824,322.84,2.83,1.61,2026-09-19,1301.0,A,75.0,6.1NRT,303.74,49.4,D,MODIS,4,Savannas & Grasslands
-16.35714,46.20759,335.74,1.48,1.2,2026-09-19,1301.0,A,85.0,6.1NRT,302.92,48.27,D,MODIS,4,Savannas & Grasslands
-16.34937,46.2131,326.62,1.48,1.2,2026-09-19,1301.0,A,48.0,6.1NRT,300.69,28.68,D,MODIS,4,Savannas & Grasslands
-16.35159,46.1996,335.29,1.48,1.2,2026-09-19,1301.0,A,75.0,6.1NRT,301.5,47.69,D,MODIS,4,Savannas & Grasslands
-16.36722,46.0392,321.42,1.44,1.19,2026-09-19,1301.0,A,71.0,6.1NRT,304.44,15.6,D,MODIS,4,Savannas & Grasslands
-17.71655,36.47336,311.79,1.95,1.36,2026-09-19,1301.0,A,19.0,6.1NRT,298.46,12.75,D,MODIS,4,Savannas & Grasslands
-16.4032,45.62894,334.26,1.35,1.15,2026-09-19,1301.0,A,85.0,6.1NRT,302.96,37.64,D,MODIS,4,Savannas & Grasslands
-16.40523,45.6166,325.11,1.35,1.15,2026-09-19,1301.0,A,76.0,6.1NRT,302.69,20.27,D,MODIS,4,Savannas & Grasslands
-17.63062,37.08062,312.94,1.75,1.3,2026-09-19,1301.0,A,46.0,6.1NRT,300.69,10.69,D,MODIS,4,Savannas & Grasslands
-17.81663,35.51874,324.66,2.32,1.47,2026-09-19,1301.0,A,77.0,6.1NRT,303.25,44.65,D,MODIS,4,Savannas & Grasslands
-17.61921,37.0791,313.86,1.75,1.3,2026-09-19,1301.0,A,52.0,6.1NRT,300.39,12.71,D,MODIS,4,Savannas & Grasslands
-17.6695,36.66336,313.21,1.89,1.34,2026-09-19,1301.0,A,34.0,6.1NRT,299.92,14.37,D,MODIS,4,Savannas & Grasslands
-17.6883,36.50603,314.57,1.94,1.36,2026-09-19,1301.0,A,26.0,6.1NRT,296.89,18.83,D,MODIS,4,Savannas & Grasslands
-16.01626,47.75768,339.07,1.95,1.36,2026-09-19,1301.0,A,84.0,6.1NRT,305.24,83.86,D,MODIS,4,Savannas & Grasslands
-17.99089,33.66756,323.99,3.26,1.71,2026-09-19,1301.0,A,72.0,6.1NRT,299.05,79.04,D,MODIS,4,Savannas & Grasslands
-16.24956,46.06668,324.41,1.46,1.19,2026-09-19,1301.0,A,71.0,6.1NRT,303.9,22.54,D,MODIS,4,Savannas & Grasslands
-16.30466,45.73336,324.7,1.38,1.16,2026-09-19,1301.0,A,66.0,6.1NRT,301.2,20.82,D,MODIS,4,Savannas & Grasslands
-16.29247,45.74378,343.24,1.38,1.16,2026-09-19,1301.0,A,91.0,6.1NRT,300.63,62.93,D,MODIS,4,Savannas & Grasslands
-16.29453,45.73129,330.6,1.38,1.16,2026-09-19,1301.0,A,70.0,6.1NRT,303.12,30.55,D,MODIS,4,Savannas & Grasslands
-17.49364,37.451,311.93,1.64,1.26,2026-09-19,1301.0,A,39.0,6.1NRT,298.1,12.07,D,MODIS,4,Savannas & Grasslands
-17.64724,36.0851,322.93,2.09,1.41,2026-09-19,1301.0,A,75.0,6.1NRT,298.44,42.88,D,MODIS,4,Savannas & Grasslands
-17.90804,33.7433,321.44,3.21,1.7,2026-09-19,1301.0,A,72.0,6.1NRT,299.06,60.9,D,MODIS,4,Savannas & Grasslands
-17.55896,36.62682,313.2,1.89,1.34,2026-09-19,1301.0,A,49.0,6.1NRT,298.13,12.69,D,MODIS,4,Savannas & Grasslands
-16.23042,45.86309,320.61,1.41,1.18,2026-09-19,1301.0,A,65.0,6.1NRT,301.79,15.71,D,MODIS,4,Savannas & Grasslands
-17.59506,36.21222,314.4,2.04,1.39,2026-09-19,1301.0,A,32.0,6.1NRT,299.26,15.71,D,MODIS,4,Savannas & Grasslands
-17.90299,33.34485,352.12,3.45,1.75,2026-09-19,1301.0,A,96.0,6.1NRT,297.62,355.67,D,MODIS,4,Savannas & Grasslands
-17.9062,33.31272,328.31,3.47,1.75,2026-09-19,1301.0,A,76.0,6.1NRT,297.88,111.03,D,MODIS,4,Savannas & Grasslands
-17.91255,33.24892,323.47,3.51,1.76,2026-09-19,1301.0,A,75.0,6.1NRT,297.08,86.97,D,MODIS,4,Savannas & Grasslands
-17.61744,35.90467,318.58,2.15,1.43,2026-09-19,1301.0,A,57.0,6.1NRT,295.15,28.69,D,MODIS,4,Savannas & Grasslands
-17.54982,36.63608,314.93,1.89,1.34,2026-09-19,1301.0,A,57.0,6.1NRT,299.1,14.4,D,MODIS,4,Savannas & Grasslands
-17.60316,36.20623,317.71,2.04,1.39,2026-09-19,1301.0,A,62.0,6.1NRT,298.59,23.94,D,MODIS,4,Savannas & Grasslands
-16.2334,45.72647,332.62,1.38,1.16,2026-09-19,1301.0,A,84.0,6.1NRT,301.45,37.45,D,MODIS,4,Savannas & Grasslands
-16.23542,45.71407,329.16,1.38,1.16,2026-09-19,1301.0,A,80.0,6.1NRT,302.49,30.48,D,MODIS,4,Savannas & Grasslands
-17.90586,33.33776,357.61,3.45,1.75,2026-09-19,1301.0,A,98.0,6.1NRT,298.69,436.41,D,MODIS,4,Savannas & Grasslands
-17.91612,33.24184,321.52,3.51,1.76,2026-09-19,1301.0,A,69.0,6.1NRT,297.8,73.92,D,MODIS,4,Savannas & Grasslands
-16.14909,46.10938,334.62,1.47,1.2,2026-09-19,1301.0,A,61.0,6.1NRT,301.62,45.38,D,MODIS,4,Savannas & Grasslands
-16.15128,46.09623,338.29,1.47,1.2,2026-09-19,1301.0,A,58.0,6.1NRT,302.04,55.77,D,MODIS,4,Savannas & Grasslands
-17.484,36.78294,316.94,1.83,1.33,2026-09-19,1301.0,A,63.0,6.1NRT,299.9,19.25,D,MODIS,4,Savannas & Grasslands
-15.8292,47.83809,316.95,2.0,1.38,2026-09-19,1301.0,A,52.0,6.1NRT,298.5,20.49,D,MODIS,4,Savannas & Grasslands
-16.2626,45.29542,315.9,1.3,1.13,2026-09-19,1301.0,A,57.0,6.1NRT,299.45,9.91,D,MODIS,4,Savannas & Grasslands
-17.43654,37.07557,315.59,1.74,1.29,2026-09-19,1301.0,A,59.0,6.1NRT,300.05,16.27,D,MODIS,4,Savannas & Grasslands
-17.48051,36.71377,315.97,1.86,1.33,2026-09-19,1301.0,A,60.0,6.1NRT,299.45,16.9,D,MODIS,4,Savannas & Grasslands
-17.53853,36.12214,316.75,2.07,1.4,2026-09-19,1301.0,A,57.0,6.1NRT,297.32,21.97,D,MODIS,4,Savannas & Grasslands
-16.34383,44.6741,316.9,1.19,1.09,2026-09-19,1301.0,A,62.0,6.1NRT,302.75,10.27,D,MODIS,4,Savannas & Grasslands
-17.47538,36.55593,319.92,1.91,1.35,2026-09-19,1301.0,A,65.0,6.1NRT,299.25,25.97,D,MODIS,4,Savannas & Grasslands
-17.33444,37.63191,313.76,1.58,1.24,2026-09-19,1301.0,A,55.0,6.1NRT,299.43,12.27,D,MODIS,4,Savannas & Grasslands
-16.11535,45.92794,325.78,1.43,1.18,2026-09-19,1301.0,A,0.0,6.1NRT,301.94,23.62,D,MODIS,4,Savannas & Grasslands
-17.43957,36.65661,333.7,1.87,1.34,2026-09-19,1301.0,A,85.0,6.1NRT,301.03,62.01,D,MODIS,4,Savannas & Grasslands
-17.5501,35.68659,319.94,2.23,1.45,2026-09-19,1301.0,A,49.0,6.1NRT,302.89,25.58,D,MODIS,4,Savannas & Grasslands
-17.33254,37.62642,312.99,1.58,1.24,2026-09-19,1301.0,A,50.0,6.1NRT,299.17,10.46,D,MODIS,4,Savannas & Grasslands
-17.62711,35.25827,317.6,2.42,1.5,2026-09-19,1301.0,A,63.0,6.1NRT,304.48,21.55,D,MODIS,4,Savannas & Grasslands
-17.4448,36.6522,325.11,1.87,1.34,2026-09-19,1301.0,A,77.0,6.1NRT,300.29,34.93,D,MODIS,4,Savannas & Grasslands
-17.45766,36.5486,315.1,1.91,1.35,2026-09-19,1301.0,A,49.0,6.1NRT,299.59,14.15,D,MODIS,4,Savannas & Grasslands
-17.433,36.65083,319.34,1.87,1.34,2026-09-19,1301.0,A,68.0,6.1NRT,300.49,22.38,D,MODIS,4,Savannas & Grasslands
-17.55041,35.68179,319.44,2.23,1.45,2026-09-19,1301.0,A,65.0,6.1NRT,303.14,26.03,D,MODIS,4,Savannas & Grasslands
-17.6621,34.60015,318.23,2.73,1.58,2026-09-19,1301.0,A,66.0,6.1NRT,303.34,23.8,D,MODIS,4,Savannas & Grasslands
-17.2963,37.56245,316.31,1.6,1.24,2026-09-19,1301.0,A,55.0,6.1NRT,298.47,16.22,D,MODIS,4,Savannas & Grasslands
-17.35695,37.07631,313.89,1.74,1.29,2026-09-19,1301.0,A,53.0,6.1NRT,300.64,10.43,D,MODIS,4,Savannas & Grasslands
-16.27435,44.6564,315.73,1.19,1.09,2026-09-19,1301.0,A,61.0,6.1NRT,300.22,9.43,D,MODIS,4,Savannas & Grasslands
-16.27608,44.64562,318.68,1.19,1.09,2026-09-19,1301.0,A,68.0,6.1NRT,301.0,12.82,D,MODIS,4,Savannas & Grasslands
-17.50879,35.59387,316.69,2.27,1.46,2026-09-19,1301.0,A,63.0,6.1NRT,303.08,20.6,D,MODIS,4,Savannas & Grasslands
-17.75262,33.34799,332.86,3.43,1.74,2026-09-19,1301.0,A,84.0,6.1NRT,298.52,149.15,D,MODIS,4,Savannas & Grasslands
-16.06719,45.79498,315.35,1.4,1.17,2026-09-19,1301.0,A,56.0,6.1NRT,300.55,11.5,D,MODIS,4,Savannas & Grasslands
-17.45048,35.99043,333.7,2.11,1.41,2026-09-19,1301.0,A,85.0,6.1NRT,302.45,75.76,D,MODIS,4,Savannas & Grasslands
-17.48897,35.65402,318.84,2.24,1.45,2026-09-19,1301.0,A,68.0,6.1NRT,302.26,26.87,D,MODIS,4,Savannas & Grasslands
-17.49128,35.63361,334.39,2.25,1.45,2026-09-19,1301.0,A,86.0,6.1NRT,304.8,84.1,D,MODIS,4,Savannas & Grasslands
-16.05744,45.72782,317.19,1.39,1.17,2026-09-19,1301.0,A,62.0,6.1NRT,298.78,15.01,D,MODIS,4,Savannas & Grasslands
-17.23805,37.5843,312.8,1.59,1.24,2026-09-19,1301.0,A,42.0,6.1NRT,298.73,10.31,D,MODIS,4,Savannas & Grasslands
-17.23984,37.56968,313.92,1.59,1.24,2026-09-19,1301.0,A,54.0,6.1NRT,299.72,11.72,D,MODIS,4,Savannas & Grasslands
-17.47028,35.58942,316.01,2.27,1.46,2026-09-19,1301.0,A,50.0,6.1NRT,302.01,17.7,D,MODIS,4,Savannas & Grasslands
-17.44531,36.00241,321.95,2.1,1.41,2026-09-19,1301.0,A,68.0,6.1NRT,298.59,31.94,D,MODIS,4,Savannas & Grasslands
-17.44766,35.98323,322.43,2.11,1.41,2026-09-19,1301.0,A,58.0,6.1NRT,302.51,33.31,D,MODIS,4,Savannas & Grasslands
-17.48859,35.64715,327.66,2.24,1.45,2026-09-19,1301.0,A,80.0,6.1NRT,303.02,54.83,D,MODIS,4,Savannas & Grasslands
-17.49106,35.62674,324.67,2.25,1.45,2026-09-19,1301.0,A,63.0,6.1NRT,304.83,41.65,D,MODIS,4,Savannas & Grasslands
-17.75526,33.34083,323.81,3.43,1.74,2026-09-19,1301.0,A,53.0,6.1NRT,297.68,78.65,D,MODIS,4,Savannas & Grasslands
-17.21339,37.7486,311.35,1.54,1.22,2026-09-19,1301.0,A,41.0,6.1NRT,297.52,9.61,D,MODIS,4,Savannas & Grasslands
-17.23554,37.57711,317.73,1.59,1.24,2026-09-19,1301.0,A,67.0,6.1NRT,299.52,18.88,D,MODIS,4,Savannas & Grasslands
-16.03925,45.71771,323.46,1.39,1.17,2026-09-19,1301.0,A,74.0,6.1NRT,298.63,25.16,D,MODIS,4,Savannas & Grasslands
-17.2157,37.47018,321.26,1.62,1.25,2026-09-19,1301.0,A,72.0,6.1NRT,299.04,24.15,D,MODIS,4,Savannas & Grasslands
-17.51298,34.98628,335.03,2.53,1.53,2026-09-19,1301.0,A,86.0,6.1NRT,305.36,96.4,D,MODIS,4,Savannas & Grasslands
-15.69246,47.56331,319.97,1.91,1.35,2026-09-19,1301.0,A,67.0,6.1NRT,301.01,21.99,D,MODIS,4,Savannas & Grasslands
-17.20838,37.4392,317.8,1.62,1.25,2026-09-19,1301.0,A,67.0,6.1NRT,298.47,17.23,D,MODIS,4,Savannas & Grasslands
-17.39235,35.91771,331.5,2.13,1.42,2026-09-19,1301.0,A,83.0,6.1NRT,302.79,65.61,D,MODIS,4,Savannas & Grasslands
-17.66874,33.42663,323.08,3.37,1.73,2026-09-19,1301.0,A,74.0,6.1NRT,299.24,81.66,D,MODIS,4,Savannas & Grasslands
-17.67203,33.39519,328.24,3.39,1.74,2026-09-19,1301.0,A,80.0,6.1NRT,296.81,115.87,D,MODIS,4,Savannas & Grasslands
-17.69158,33.20729,316.74,3.51,1.76,2026-09-19,1301.0,A,48.0,6.1NRT,297.38,58.81,D,MODIS,4,Savannas & Grasslands
-17.37986,35.91626,316.98,2.13,1.42,2026-09-19,1301.0,A,37.0,6.1NRT,301.03,19.07,D,MODIS,4,Savannas & Grasslands
-17.38212,35.89678,317.74,2.14,1.42,2026-09-19,1301.0,A,53.0,6.1NRT,301.82,20.89,D,MODIS,4,Savannas & Grasslands
-17.01707,38.77602,313.54,1.31,1.14,2026-09-19,1301.0,A,58.0,6.1NRT,297.66,11.67,D,MODIS,4,Savannas & Grasslands
-17.61385,33.51246,315.22,3.32,1.72,2026-09-19,1301.0,A,36.0,6.1NRT,300.18,35.25,D,MODIS,4,Savannas & Grasslands
-17.0139,38.57196,311.45,1.35,1.15,2026-09-19,1301.0,A,52.0,6.1NRT,298.29,8.23,D,MODIS,4,Savannas & Grasslands
-17.33476,36.06052,324.7,2.07,1.4,2026-09-19,1301.0,A,76.0,6.1NRT,303.43,39.5,D,MODIS,4,Savannas & Grasslands
-17.61596,33.50827,315.76,3.32,1.72,2026-09-19,1301.0,A,56.0,6.1NRT,299.85,37.91,D,MODIS,4,Savannas & Grasslands
-15.85861,46.19096,325.38,1.51,1.21,2026-09-19,1301.0,A,78.0,6.1NRT,304.28,25.18,D,MODIS,4,Savannas & Grasslands
-17.08849,37.84024,312.47,1.51,1.21,2026-09-19,1301.0,A,16.0,6.1NRT,297.79,9.05,D,MODIS,4,Savannas & Grasslands
-17.1508,37.35088,312.93,1.65,1.26,2026-09-19,1301.0,A,52.0,6.1NRT,297.88,11.48,D,MODIS,4,Savannas & Grasslands
-17.34944,35.7279,322.25,2.2,1.44,2026-09-19,1301.0,A,73.0,6.1NRT,304.08,34.14,D,MODIS,4,Savannas & Grasslands
-17.07605,37.85265,316.36,1.51,1.21,2026-09-19,1301.0,A,57.0,6.1NRT,297.71,14.25,D,MODIS,4,Savannas & Grasslands
-17.08672,37.76895,326.11,1.53,1.22,2026-09-19,1301.0,A,79.0,6.1NRT,296.6,34.76,D,MODIS,4,Savannas & Grasslands
-17.0885,37.75492,311.36,1.54,1.22,2026-09-19,1301.0,A,29.0,6.1NRT,296.48,9.18,D,MODIS,4,Savannas & Grasslands
-17.60197,33.35194,316.2,3.41,1.74,2026-09-19,1301.0,A,60.0,6.1NRT,299.06,42.93,D,MODIS,4,Savannas & Grasslands
-17.04981,37.97367,312.67,1.48,1.2,2026-09-19,1301.0,A,54.0,6.1NRT,297.93,9.68,D,MODIS,4,Savannas & Grasslands
-17.1047,37.53941,321.03,1.59,1.24,2026-09-19,1301.0,A,73.0,6.1NRT,297.39,23.62,D,MODIS,4,Savannas & Grasslands
-17.10653,37.52478,315.47,1.6,1.24,2026-09-19,1301.0,A,62.0,6.1NRT,297.7,13.64,D,MODIS,4,Savannas & Grasslands
-15.6513,47.2063,318.56,1.8,1.32,2026-09-19,1301.0,A,49.0,6.1NRT,303.43,19.91,D,MODIS,4,Savannas & Grasslands
-17.15739,37.02158,317.89,1.74,1.29,2026-09-19,1301.0,A,66.0,6.1NRT,300.12,16.93,D,MODIS,4,Savannas & Grasslands
-17.28869,35.91977,321.29,2.12,1.42,2026-09-19,1301.0,A,72.0,6.1NRT,301.06,29.64,D,MODIS,4,Savannas & Grasslands
-17.29095,35.90036,347.15,2.13,1.42,2026-09-19,1301.0,A,94.0,6.1NRT,301.71,144.22,D,MODIS,4,Savannas & Grasslands
-15.49572,47.94492,331.75,2.07,1.4,2026-09-19,1301.0,A,84.0,6.1NRT,298.53,76.9,D,MODIS,4,Savannas & Grasslands
-17.55334,33.22077,313.36,3.49,1.76,2026-09-19,1301.0,A,39.0,6.1NRT,298.62,38.25,D,MODIS,4,Savannas & Grasslands
-15.48862,47.95516,317.85,2.07,1.4,2026-09-19,1301.0,A,71.0,6.1NRT,297.13,31.13,D,MODIS,4,Savannas & Grasslands
-15.49177,47.93697,329.94,2.07,1.4,2026-09-19,1301.0,A,83.0,6.1NRT,299.07,70.15,D,MODIS,4,Savannas & Grasslands
-17.31479,35.46556,316.75,2.3,1.47,2026-09-19,1301.0,A,63.0,6.1NRT,302.48,21.48,D,MODIS,4,Savannas & Grasslands
-17.55655,33.21424,314.52,3.49,1.76,2026-09-19,1301.0,A,48.0,6.1NRT,298.39,44.11,D,MODIS,4,Savannas & Grasslands
-17.24327,35.84812,318.6,2.15,1.42,2026-09-19,1301.0,A,43.0,6.1NRT,301.75,26.5,D,MODIS,4,Savannas & Grasslands
-17.01299,37.6231,311.89,1.57,1.23,2026-09-19,1301.0,A,49.0,6.1NRT,296.28,9.09,D,MODIS,4,Savannas & Grasslands
-17.0148,37.60877,331.3,1.57,1.23,2026-09-19,1301.0,A,84.0,6.1NRT,297.9,47.05,D,MODIS,4,Savannas & Grasslands
-17.27361,35.48166,321.65,2.29,1.47,2026-09-19,1301.0,A,72.0,6.1NRT,301.69,37.21,D,MODIS,4,Savannas & Grasslands
-15.22871,49.04101,311.36,2.55,1.54,2026-09-19,1301.0,A,58.0,6.1NRT,294.5,29.08,D,MODIS,4,Savannas & Grasslands
-17.08515,36.85852,316.26,1.79,1.31,2026-09-19,1301.0,A,63.0,6.1NRT,299.41,15.73,D,MODIS,4,Savannas & Grasslands
-17.08712,36.84224,321.19,1.79,1.31,2026-09-19,1301.0,A,72.0,6.1NRT,300.21,26.28,D,MODIS,4,Savannas & Grasslands
-17.22404,35.68538,329.21,2.21,1.44,2026-09-19,1301.0,A,81.0,6.1NRT,302.15,63.17,D,MODIS,4,Savannas & Grasslands
-16.91358,38.15132,311.51,1.43,1.18,2026-09-19,1301.0,A,49.0,6.1NRT,296.12,9.29,D,MODIS,4,Savannas & Grasslands
-17.16669,36.07089,323.49,2.06,1.4,2026-09-19,1301.0,A,75.0,6.1NRT,301.99,37.35,D,MODIS,4,Savannas & Grasslands
-17.16886,36.0523,315.23,2.07,1.4,2026-09-19,1301.0,A,59.0,6.1NRT,299.12,14.67,D,MODIS,4,Savannas & Grasslands
-17.14287,35.92827,324.68,2.11,1.41,2026-09-19,1301.0,A,76.0,6.1NRT,301.74,39.59,D,MODIS,4,Savannas & Grasslands
-17.1452,35.90887,325.24,2.12,1.41,2026-09-19,1301.0,A,77.0,6.1NRT,302.24,42.77,D,MODIS,4,Savannas & Grasslands
-17.1475,35.88967,319.01,2.12,1.42,2026-09-19,1301.0,A,24.0,6.1NRT,302.3,22.01,D,MODIS,4,Savannas & Grasslands
-17.14889,35.77133,319.24,2.17,1.43,2026-09-19,1301.0,A,69.0,6.1NRT,301.71,25.64,D,MODIS,4,Savannas & Grasslands
-17.11112,35.76714,318.97,2.17,1.43,2026-09-19,1301.0,A,64.0,6.1NRT,301.36,26.22,D,MODIS,4,Savannas & Grasslands
-17.27478,34.29815,319.75,2.84,1.61,2026-09-19,1301.0,A,68.0,6.1NRT,304.16,34.02,D,MODIS,4,Savannas & Grasslands
-16.8911,37.42427,312.31,1.61,1.25,2026-09-19,1301.0,A,43.0,6.1NRT,295.35,10.4,D,MODIS,4,Savannas & Grasslands
-17.1094,35.76009,321.7,2.17,1.43,2026-09-19,1301.0,A,62.0,6.1NRT,300.69,32.29,D,MODIS,4,Savannas & Grasslands
-16.98265,36.68256,315.16,1.83,1.33,2026-09-19,1301.0,A,37.0,6.1NRT,297.04,18.43,D,MODIS,4,Savannas & Grasslands
-17.26726,34.31644,318.77,2.83,1.61,2026-09-19,1301.0,A,66.0,6.1NRT,303.29,29.6,D,MODIS,4,Savannas & Grasslands
-17.27021,34.29071,319.03,2.84,1.61,2026-09-19,1301.0,A,67.0,6.1NRT,304.55,32.22,D,MODIS,4,Savannas & Grasslands
-17.05309,35.9107,315.52,2.11,1.41,2026-09-19,1301.0,A,50.0,6.1NRT,298.42,14.92,D,MODIS,4,Savannas & Grasslands
-17.05539,35.89156,319.48,2.12,1.41,2026-09-19,1301.0,A,69.0,6.1NRT,298.86,25.44,D,MODIS,4,Savannas & Grasslands
-16.80904,37.69845,313.95,1.54,1.22,2026-09-19,1301.0,A,53.0,6.1NRT,297.73,11.88,D,MODIS,4,Savannas & Grasslands
-15.45495,46.73154,323.82,1.68,1.27,2026-09-19,1301.0,A,78.0,6.1NRT,292.61,35.09,D,MODIS,4,Savannas & Grasslands
-15.36185,47.19984,313.06,1.82,1.32,2026-09-19,1301.0,A,37.0,6.1NRT,293.2,21.56,D,MODIS,4,Savannas & Grasslands
-15.36475,47.18334,325.91,1.82,1.32,2026-09-19,1301.0,A,66.0,6.1NRT,293.2,50.44,D,MODIS,4,Savannas & Grasslands
-16.84339,37.15193,318.47,1.68,1.28,2026-09-19,1301.0,A,44.0,6.1NRT,296.75,18.0,D,MODIS,4,Savannas & Grasslands
-16.84526,37.13647,324.15,1.69,1.28,2026-09-19,1301.0,A,66.0,6.1NRT,295.24,30.29,D,MODIS,4,Savannas & Grasslands
-17.03663,35.50293,318.07,2.27,1.46,2026-09-19,1301.0,A,66.0,6.1NRT,302.33,21.02,D,MODIS,4,Savannas & Grasslands
-16.56039,39.30371,316.97,1.21,1.09,2026-09-19,1304.0,A,55.0,6.1NRT,298.68,9.6,D,MODIS,4,Savannas & Grasslands
-17.21029,33.76572,314.54,3.13,1.68,2026-09-19,1304.0,A,53.0,6.1NRT,299.26,25.3,D,MODIS,4,Savannas & Grasslands
-17.22504,33.62197,318.19,3.21,1.7,2026-09-19,1304.0,A,46.0,6.1NRT,300.58,40.07,D,MODIS,4,Savannas & Grasslands
-17.22798,33.5932,319.26,3.23,1.7,2026-09-19,1304.0,A,49.0,6.1NRT,300.52,47.7,D,MODIS,4,Savannas & Grasslands
-16.53106,39.34952,327.5,1.2,1.09,2026-09-19,1304.0,A,81.0,6.1NRT,298.73,21.68,D,MODIS,4,Savannas & Grasslands
-15.39271,46.76065,335.34,1.69,1.28,2026-09-19,1304.0,A,87.0,6.1NRT,292.89,63.97,D,MODIS,4,Savannas & Grasslands
-16.79323,37.27859,325.17,1.65,1.26,2026-09-19,1304.0,A,77.0,6.1NRT,299.15,32.98,D,MODIS,4,Savannas & Grasslands
-16.79513,37.26354,323.79,1.65,1.26,2026-09-19,1304.0,A,76.0,6.1NRT,298.84,29.87,D,MODIS,4,Savannas & Grasslands
-17.21012,33.76099,313.1,3.13,1.68,2026-09-19,1304.0,A,39.0,6.1NRT,299.24,20.83,D,MODIS,4,Savannas & Grasslands
-17.22589,33.61742,320.18,3.21,1.7,2026-09-19,1304.0,A,69.0,6.1NRT,300.72,55.68,D,MODIS,4,Savannas & Grasslands
-17.22904,33.58866,315.91,3.23,1.7,2026-09-19,1304.0,A,58.0,6.1NRT,300.5,35.68,D,MODIS,4,Savannas & Grasslands
-16.51342,39.33585,319.89,1.2,1.09,2026-09-19,1304.0,A,72.0,6.1NRT,299.07,12.36,D,MODIS,4,Savannas & Grasslands
-16.5149,39.32492,317.32,1.2,1.09,2026-09-19,1304.0,A,68.0,6.1NRT,298.95,9.71,D,MODIS,4,Savannas & Grasslands
-16.86072,36.64497,316.08,1.84,1.33,2026-09-19,1304.0,A,44.0,6.1NRT,296.86,20.35,D,MODIS,4,Savannas & Grasslands
-16.45819,39.6011,317.74,1.16,1.07,2026-09-19,1304.0,A,68.0,6.1NRT,298.68,10.14,D,MODIS,4,Savannas & Grasslands
-16.51786,39.15668,314.41,1.23,1.1,2026-09-19,1304.0,A,59.0,6.1NRT,297.36,8.18,D,MODIS,4,Savannas & Grasslands
-16.63135,38.29091,317.95,1.39,1.17,2026-09-19,1304.0,A,59.0,6.1NRT,296.34,16.04,D,MODIS,4,Savannas & Grasslands
-16.94057,35.77342,320.67,2.15,1.43,2026-09-19,1304.0,A,71.0,6.1NRT,302.78,30.5,D,MODIS,4,Savannas & Grasslands
-16.75443,37.22744,316.37,1.66,1.27,2026-09-19,1304.0,A,34.0,6.1NRT,296.4,16.59,D,MODIS,4,Savannas & Grasslands
-16.94657,35.61106,327.32,2.22,1.44,2026-09-19,1304.0,A,79.0,6.1NRT,302.98,51.97,D,MODIS,4,Savannas & Grasslands
-16.94574,35.60411,325.68,2.22,1.44,2026-09-19,1304.0,A,77.0,6.1NRT,303.05,45.26,D,MODIS,4,Savannas & Grasslands
-16.40953,39.63042,314.19,1.15,1.07,2026-09-19,1304.0,A,60.0,6.1NRT,299.02,7.22,D,MODIS,4,Savannas & Grasslands
-16.8359,36.39193,323.7,1.92,1.35,2026-09-19,1304.0,A,48.0,6.1NRT,301.82,30.62,D,MODIS,4,Savannas & Grasslands
-16.999,35.05291,314.82,2.46,1.51,2026-09-19,1304.0,A,55.0,6.1NRT,300.68,19.89,D,MODIS,4,Savannas & Grasslands
-16.83054,36.33758,321.32,1.94,1.36,2026-09-19,1304.0,A,57.0,6.1NRT,300.64,26.07,D,MODIS,4,Savannas & Grasslands
-16.86752,35.93383,320.74,2.09,1.41,2026-09-19,1304.0,A,64.0,6.1NRT,302.18,28.72,D,MODIS,4,Savannas & Grasslands
-16.86983,35.9147,320.47,2.09,1.41,2026-09-19,1304.0,A,64.0,6.1NRT,301.84,27.92,D,MODIS,4,Savannas & Grasslands
-16.98061,34.97958,316.29,2.49,1.52,2026-09-19,1304.0,A,61.0,6.1NRT,302.6,19.74,D,MODIS,4,Savannas & Grasslands
-16.41762,39.35971,313.97,1.19,1.09,2026-09-19,1304.0,A,60.0,6.1NRT,298.55,6.95,D,MODIS,4,Savannas & Grasslands
-17.12152,33.59863,337.33,3.21,1.7,2026-09-19,1304.0,A,87.0,6.1NRT,300.6,168.2,D,MODIS,4,Savannas & Grasslands
-17.12465,33.56977,317.01,3.23,1.7,2026-09-19,1304.0,A,62.0,6.1NRT,299.97,37.08,D,MODIS,4,Savannas & Grasslands
-16.85883,35.79546,320.76,2.14,1.42,2026-09-19,1304.0,A,71.0,6.1NRT,300.04,26.79,D,MODIS,4,Savannas & Grasslands
-16.88231,35.59577,324.29,2.22,1.44,2026-09-19,1304.0,A,76.0,6.1NRT,303.87,40.55,D,MODIS,4,Savannas & Grasslands
-17.07915,33.85138,322.72,3.06,1.66,2026-09-19,1304.0,A,73.0,6.1NRT,301.08,67.46,D,MODIS,4,Savannas & Grasslands
-17.09737,33.68295,318.07,3.16,1.68,2026-09-19,1304.0,A,64.0,6.1NRT,301.52,44.09,D,MODIS,4,Savannas & Grasslands
-17.10971,33.5681,315.04,3.23,1.7,2026-09-19,1304.0,A,52.0,6.1NRT,299.83,27.68,D,MODIS,4,Savannas & Grasslands
-17.06457,33.84939,314.84,3.06,1.66,2026-09-19,1304.0,A,35.0,6.1NRT,300.42,27.46,D,MODIS,4,Savannas & Grasslands
-17.06193,33.59151,317.14,3.21,1.7,2026-09-19,1304.0,A,62.0,6.1NRT,301.45,40.54,D,MODIS,4,Savannas & Grasslands
-15.04397,47.80693,317.89,2.06,1.4,2026-09-19,1304.0,A,40.0,6.1NRT,303.38,19.82,D,MODIS,4,Savannas & Grasslands
-16.77221,36.27079,318.12,1.96,1.37,2026-09-19,1304.0,A,66.0,6.1NRT,298.18,24.33,D,MODIS,4,Savannas & Grasslands
-17.06283,33.58667,317.29,3.21,1.7,2026-09-19,1304.0,A,62.0,6.1NRT,301.34,42.12,D,MODIS,4,Savannas & Grasslands
-16.36946,39.11168,315.61,1.23,1.1,2026-09-19,1304.0,A,64.0,6.1NRT,298.73,7.88,D,MODIS,4,Savannas & Grasslands
-16.70146,36.35207,312.93,1.93,1.36,2026-09-19,1304.0,A,36.0,6.1NRT,296.65,15.92,D,MODIS,4,Savannas & Grasslands
-16.97324,33.72086,322.96,3.13,1.68,2026-09-19,1304.0,A,73.0,6.1NRT,301.22,65.23,D,MODIS,4,Savannas & Grasslands
-16.56449,37.19022,321.7,1.66,1.27,2026-09-19,1304.0,A,69.0,6.1NRT,294.57,28.63,D,MODIS,4,Savannas & Grasslands
-16.95851,33.71906,315.34,3.13,1.68,2026-09-19,1304.0,A,27.0,6.1NRT,300.82,28.02,D,MODIS,4,Savannas & Grasslands
-16.96145,33.69096,315.99,3.14,1.68,2026-09-19,1304.0,A,38.0,6.1NRT,300.17,30.1,D,MODIS,4,Savannas & Grasslands
-16.66829,36.22192,316.41,1.97,1.37,2026-09-19,1304.0,A,60.0,6.1NRT,298.54,18.32,D,MODIS,4,Savannas & Grasslands
-16.43251,38.10133,313.63,1.42,1.18,2026-09-19,1304.0,A,57.0,6.1NRT,298.1,8.95,D,MODIS,4,Savannas & Grasslands
-16.97221,33.71381,324.24,3.13,1.68,2026-09-19,1304.0,A,75.0,6.1NRT,301.63,72.87,D,MODIS,4,Savannas & Grasslands
-16.95747,33.71209,316.11,3.13,1.68,2026-09-19,1304.0,A,34.0,6.1NRT,300.81,30.69,D,MODIS,4,Savannas & Grasslands
-16.6442,36.2661,325.01,1.95,1.36,2026-09-19,1304.0,A,76.0,6.1NRT,299.67,37.65,D,MODIS,4,Savannas & Grasslands
-16.64635,36.24863,315.43,1.96,1.37,2026-09-19,1304.0,A,30.0,6.1NRT,299.48,14.45,D,MODIS,4,Savannas & Grasslands
-16.6104,36.24362,326.48,1.96,1.37,2026-09-19,1304.0,A,78.0,6.1NRT,299.44,45.8,D,MODIS,4,Savannas & Grasslands
-16.82611,34.24002,317.57,2.83,1.61,2026-09-19,1304.0,A,59.0,6.1NRT,303.35,23.92,D,MODIS,4,Savannas & Grasslands
-16.19247,39.30365,312.99,1.19,1.09,2026-09-19,1304.0,A,57.0,6.1NRT,294.5,6.49,D,MODIS,4,Savannas & Grasslands
-16.55403,36.41291,317.59,1.9,1.35,2026-09-19,1304.0,A,22.0,6.1NRT,299.65,16.66,D,MODIS,4,Savannas & Grasslands
-16.58907,36.11296,316.6,2.0,1.38,2026-09-19,1304.0,A,34.0,6.1NRT,299.66,17.55,D,MODIS,4,Savannas & Grasslands
-16.59978,36.0205,320.72,2.04,1.39,2026-09-19,1304.0,A,70.0,6.1NRT,299.08,27.96,D,MODIS,4,Savannas & Grasslands
-16.6277,35.77772,328.83,2.13,1.42,2026-09-19,1304.0,A,77.0,6.1NRT,296.66,61.85,D,MODIS,4,Savannas & Grasslands
-16.83631,34.23647,319.9,2.83,1.61,2026-09-19,1304.0,A,68.0,6.1NRT,303.66,33.47,D,MODIS,4,Savannas & Grasslands
-14.70585,48.66175,316.62,2.45,1.51,2026-09-19,1304.0,A,57.0,6.1NRT,293.56,42.93,D,MODIS,4,Savannas & Grasslands
-16.57825,36.16212,314.99,1.98,1.37,2026-09-19,1304.0,A,56.0,6.1NRT,299.12,15.0,D,MODIS,4,Savannas & Grasslands
-16.585,36.10745,315.44,2.0,1.38,2026-09-19,1304.0,A,54.0,6.1NRT,299.5,15.29,D,MODIS,4,Savannas & Grasslands
-16.5941,36.03352,319.36,2.03,1.39,2026-09-19,1304.0,A,68.0,6.1NRT,299.81,26.11,D,MODIS,4,Savannas & Grasslands
-16.59635,36.01519,314.87,2.04,1.39,2026-09-19,1304.0,A,55.0,6.1NRT,298.53,14.88,D,MODIS,4,Savannas & Grasslands
-16.62366,35.79185,317.89,2.12,1.42,2026-09-19,1304.0,A,61.0,6.1NRT,296.23,31.05,D,MODIS,4,Savannas & Grasslands
-16.62603,35.77236,322.88,2.13,1.42,2026-09-19,1304.0,A,73.0,6.1NRT,296.36,44.18,D,MODIS,4,Savannas & Grasslands
-16.65308,35.54947,318.57,2.22,1.44,2026-09-19,1304.0,A,52.0,6.1NRT,298.93,24.75,D,MODIS,4,Savannas & Grasslands
-16.15042,39.3689,319.86,1.18,1.08,2026-09-19,1304.0,A,69.0,6.1NRT,297.42,15.13,D,MODIS,4,Savannas & Grasslands
-16.20208,38.91438,320.18,1.25,1.11,2026-09-19,1304.0,A,50.0,6.1NRT,295.43,15.71,D,MODIS,4,Savannas & Grasslands
-16.42439,37.20612,318.66,1.65,1.26,2026-09-19,1304.0,A,66.0,6.1NRT,298.34,18.44,D,MODIS,4,Savannas & Grasslands
-16.59108,35.74726,312.96,2.14,1.42,2026-09-19,1304.0,A,30.0,6.1NRT,297.31,17.74,D,MODIS,4,Savannas & Grasslands
-16.3966,37.24825,314.67,1.63,1.26,2026-09-19,1304.0,A,33.0,6.1NRT,299.39,10.89,D,MODIS,4,Savannas & Grasslands
-16.48819,36.50331,322.28,1.86,1.33,2026-09-19,1304.0,A,34.0,6.1NRT,299.77,26.82,D,MODIS,4,Savannas & Grasslands
-16.50743,36.24276,321.38,1.95,1.36,2026-09-19,1304.0,A,71.0,6.1NRT,300.84,25.48,D,MODIS,4,Savannas & Grasslands
-16.59899,35.46024,325.57,2.25,1.45,2026-09-19,1304.0,A,77.0,6.1NRT,301.98,47.69,D,MODIS,4,Savannas & Grasslands
-16.52386,35.89161,319.96,2.08,1.4,2026-09-19,1304.0,A,69.0,6.1NRT,300.27,25.83,D,MODIS,4,Savannas & Grasslands
-16.52604,35.8727,324.56,2.09,1.41,2026-09-19,1304.0,A,76.0,6.1NRT,300.15,40.02,D,MODIS,4,Savannas & Grasslands
-16.50159,36.2349,319.16,1.95,1.36,2026-09-19,1304.0,A,68.0,6.1NRT,300.82,18.49,D,MODIS,4,Savannas & Grasslands
-16.59879,35.45319,323.4,2.25,1.45,2026-09-19,1304.0,A,74.0,6.1NRT,302.03,40.32,D,MODIS,4,Savannas & Grasslands
-16.52046,35.8843,345.74,2.08,1.4,2026-09-19,1304.0,A,93.0,6.1NRT,300.91,131.74,D,MODIS,4,Savannas & Grasslands
-16.52277,35.86543,325.38,2.09,1.41,2026-09-19,1304.0,A,77.0,6.1NRT,299.6,42.71,D,MODIS,4,Savannas & Grasslands
-16.52749,35.50824,326.04,2.23,1.45,2026-09-19,1304.0,A,49.0,6.1NRT,299.47,46.15,D,MODIS,4,Savannas & Grasslands
-15.99907,39.58826,309.83,1.15,1.07,2026-09-19,1304.0,A,16.0,6.1NRT,293.71,3.78,D,MODIS,4,Savannas & Grasslands
-16.51701,35.48745,329.68,2.23,1.45,2026-09-19,1304.0,A,81.0,6.1NRT,298.67,63.22,D,MODIS,4,Savannas & Grasslands
-16.74231,33.46927,317.9,3.25,1.7,2026-09-19,1304.0,A,64.0,6.1NRT,301.67,41.12,D,MODIS,4,Savannas & Grasslands
-15.9247,39.74012,322.46,1.13,1.06,2026-09-19,1304.0,A,75.0,6.1NRT,299.78,15.12,D,MODIS,4,Savannas & Grasslands
-15.9418,39.61671,311.96,1.14,1.07,2026-09-19,1304.0,A,31.0,6.1NRT,297.56,5.17,D,MODIS,4,Savannas & Grasslands
-16.3767,36.21393,313.7,1.95,1.36,2026-09-19,1304.0,A,35.0,6.1NRT,299.26,13.01,D,MODIS,4,Savannas & Grasslands
-16.37889,36.19622,317.7,1.96,1.37,2026-09-19,1304.0,A,65.0,6.1NRT,299.07,21.26,D,MODIS,4,Savannas & Grasslands
-16.28264,36.78297,330.4,1.76,1.3,2026-09-19,1304.0,A,82.0,6.1NRT,297.85,55.03,D,MODIS,4,Savannas & Grasslands
-14.49679,48.49566,310.99,2.4,1.49,2026-09-19,1304.0,A,43.0,6.1NRT,298.14,16.32,D,MODIS,4,Savannas & Grasslands
-15.84052,40.07606,317.75,1.09,1.04,2026-09-19,1304.0,A,69.0,6.1NRT,301.14,9.86,D,MODIS,4,Savannas & Grasslands
-16.15524,37.70832,327.19,1.5,1.21,2026-09-19,1304.0,A,80.0,6.1NRT,298.24,31.49,D,MODIS,4,Savannas & Grasslands
-16.41793,35.44825,316.65,2.24,1.45,2026-09-19,1304.0,A,53.0,6.1NRT,299.39,22.22,D,MODIS,4,Savannas & Grasslands
-16.218,37.02789,318.78,1.68,1.28,2026-09-19,1304.0,A,68.0,6.1NRT,299.08,20.32,D,MODIS,4,Savannas & Grasslands
-16.23866,36.85836,314.2,1.74,1.29,2026-09-19,1304.0,A,53.0,6.1NRT,297.04,16.29,D,MODIS,4,Savannas & Grasslands
-16.31059,36.25881,312.8,1.93,1.36,2026-09-19,1304.0,A,43.0,6.1NRT,298.08,18.69,D,MODIS,4,Savannas & Grasslands
-15.81039,40.09171,314.8,1.09,1.04,2026-09-19,1304.0,A,42.0,6.1NRT,300.29,6.16,D,MODIS,4,Savannas & Grasslands
-16.40408,35.34212,314.12,2.29,1.46,2026-09-19,1304.0,A,52.0,6.1NRT,297.72,14.36,D,MODIS,4,Savannas & Grasslands
-16.21583,37.03629,315.29,1.68,1.27,2026-09-19,1304.0,A,40.0,6.1NRT,299.55,11.66,D,MODIS,4,Savannas & Grasslands
-16.23971,36.8516,317.11,1.74,1.29,2026-09-19,1304.0,A,52.0,6.1NRT,297.34,20.06,D,MODIS,4,Savannas & Grasslands
-16.31617,36.25317,316.91,1.93,1.36,2026-09-19,1304.0,A,58.0,6.1NRT,298.56,26.37,D,MODIS,4,Savannas & Grasslands
-15.80602,39.99358,312.78,1.1,1.04,2026-09-19,1304.0,A,40.0,6.1NRT,297.93,5.73,D,MODIS,4,Savannas & Grasslands
-15.80742,39.98361,320.13,1.1,1.04,2026-09-19,1304.0,A,72.0,6.1NRT,299.18,12.69,D,MODIS,4,Savannas & Grasslands
-15.77885,40.1206,313.51,1.08,1.04,2026-09-19,1304.0,A,58.0,6.1NRT,299.5,6.74,D,MODIS,4,Savannas & Grasslands
-15.80941,39.90237,315.06,1.11,1.05,2026-09-19,1304.0,A,63.0,6.1NRT,299.42,7.29,D,MODIS,4,Savannas & Grasslands
-16.22304,36.80105,328.9,1.75,1.3,2026-09-19,1304.0,A,81.0,6.1NRT,297.33,47.23,D,MODIS,4,Savannas & Grasslands
-16.30335,36.16139,320.46,1.96,1.37,2026-09-19,1304.0,A,70.0,6.1NRT,299.96,27.34,D,MODIS,4,Savannas & Grasslands
-16.30555,36.14365,317.19,1.97,1.37,2026-09-19,1304.0,A,64.0,6.1NRT,300.36,19.57,D,MODIS,4,Savannas & Grasslands
-16.40439,35.33548,316.06,2.29,1.46,2026-09-19,1304.0,A,61.0,6.1NRT,298.06,21.15,D,MODIS,4,Savannas & Grasslands
-15.87429,39.36443,325.15,1.17,1.08,2026-09-19,1304.0,A,66.0,6.1NRT,299.11,18.46,D,MODIS,4,Savannas & Grasslands
-15.87576,39.35373,324.79,1.18,1.08,2026-09-19,1304.0,A,66.0,6.1NRT,298.33,17.92,D,MODIS,4,Savannas & Grasslands
-16.21161,36.79973,315.33,1.75,1.3,2026-09-19,1304.0,A,58.0,6.1NRT,295.63,16.64,D,MODIS,4,Savannas & Grasslands
-16.2136,36.78394,321.51,1.76,1.3,2026-09-19,1304.0,A,72.0,6.1NRT,295.79,29.7,D,MODIS,4,Savannas & Grasslands
-15.86482,39.36307,323.75,1.17,1.08,2026-09-19,1304.0,A,76.0,6.1NRT,298.66,17.68,D,MODIS,4,Savannas & Grasslands
-15.86628,39.35235,323.99,1.18,1.08,2026-09-19,1304.0,A,77.0,6.1NRT,296.97,17.8,D,MODIS,4,Savannas & Grasslands
-16.08658,37.69251,318.38,1.5,1.21,2026-09-19,1304.0,A,61.0,6.1NRT,299.48,14.15,D,MODIS,4,Savannas & Grasslands
-15.77581,39.805,317.73,1.12,1.05,2026-09-19,1304.0,A,68.0,6.1NRT,297.65,9.52,D,MODIS,4,Savannas & Grasslands
-16.17187,36.74578,313.66,1.77,1.3,2026-09-19,1304.0,A,52.0,6.1NRT,296.44,15.93,D,MODIS,4,Savannas & Grasslands
-16.17377,36.73022,322.85,1.77,1.3,2026-09-19,1304.0,A,74.0,6.1NRT,296.82,35.44,D,MODIS,4,Savannas & Grasslands
-16.03175,37.69901,330.25,1.5,1.21,2026-09-19,1304.0,A,82.0,6.1NRT,296.62,39.62,D,MODIS,4,Savannas & Grasslands
-15.75151,39.7958,319.49,1.12,1.05,2026-09-19,1304.0,A,45.0,6.1NRT,299.08,10.46,D,MODIS,4,Savannas & Grasslands
-15.75292,39.78569,319.69,1.12,1.05,2026-09-19,1304.0,A,45.0,6.1NRT,300.03,11.09,D,MODIS,4,Savannas & Grasslands
-16.03643,37.708,317.75,1.49,1.21,2026-09-19,1304.0,A,48.0,6.1NRT,298.34,15.1,D,MODIS,4,Savannas & Grasslands
-16.03825,37.69432,325.26,1.5,1.21,2026-09-19,1304.0,A,77.0,6.1NRT,298.71,28.48,D,MODIS,4,Savannas & Grasslands
-15.74368,39.78426,318.88,1.12,1.05,2026-09-19,1304.0,A,47.0,6.1NRT,298.81,10.38,D,MODIS,4,Savannas & Grasslands
-16.18323,36.39437,316.83,1.88,1.34,2026-09-19,1304.0,A,54.0,6.1NRT,294.09,25.52,D,MODIS,4,Savannas & Grasslands
-16.18539,36.37714,320.02,1.89,1.34,2026-09-19,1304.0,A,67.0,6.1NRT,295.19,33.12,D,MODIS,4,Savannas & Grasslands
-15.71819,39.83191,315.56,1.11,1.05,2026-09-19,1304.0,A,62.0,6.1NRT,297.11,7.04,D,MODIS,4,Savannas & Grasslands
-16.22578,35.85081,316.27,2.07,1.4,2026-09-19,1304.0,A,60.0,6.1NRT,297.57,17.29,D,MODIS,4,Savannas & Grasslands
-15.63938,40.26305,322.8,1.07,1.03,2026-09-19,1304.0,A,76.0,6.1NRT,299.53,15.24,D,MODIS,4,Savannas & Grasslands
-15.92881,38.04208,318.98,1.41,1.18,2026-09-19,1304.0,A,43.0,6.1NRT,298.06,15.86,D,MODIS,4,Savannas & Grasslands
-16.11015,36.60162,327.72,1.81,1.32,2026-09-19,1304.0,A,79.0,6.1NRT,296.02,50.7,D,MODIS,4,Savannas & Grasslands
-16.67834,31.26647,344.21,4.82,2.0,2026-09-19,1304.0,A,87.0,6.1NRT,297.79,433.76,D,MODIS,4,Savannas & Grasslands
-16.07145,36.72738,327.41,1.77,1.3,2026-09-19,1304.0,A,57.0,6.1NRT,297.34,37.07,D,MODIS,4,Savannas & Grasslands
-15.91257,37.92147,314.24,1.44,1.19,2026-09-19,1304.0,A,56.0,6.1NRT,298.76,8.52,D,MODIS,4,Savannas & Grasslands
-16.3203,34.45549,320.62,2.68,1.57,2026-09-19,1304.0,A,70.0,6.1NRT,302.41,33.55,D,MODIS,4,Savannas & Grasslands
-15.64593,39.75274,310.29,1.12,1.05,2026-09-19,1304.0,A,5.0,6.1NRT,294.6,3.41,D,MODIS,4,Savannas & Grasslands
-15.98381,37.23688,314.95,1.61,1.25,2026-09-19,1304.0,A,58.0,6.1NRT,300.16,10.59,D,MODIS,4,Savannas & Grasslands
-16.07077,36.55607,325.65,1.82,1.32,2026-09-19,1304.0,A,77.0,6.1NRT,296.78,41.66,D,MODIS,4,Savannas & Grasslands
-16.07287,36.53944,319.64,1.82,1.32,2026-09-19,1304.0,A,62.0,6.1NRT,296.49,25.46,D,MODIS,4,Savannas & Grasslands
-16.32722,34.44924,323.07,2.68,1.57,2026-09-19,1304.0,A,74.0,6.1NRT,302.6,46.05,D,MODIS,4,Savannas & Grasslands
-16.67728,31.25813,354.93,4.82,2.0,2026-09-19,1304.0,A,97.0,6.1NRT,298.1,648.91,D,MODIS,4,Savannas & Grasslands
-15.55127,40.36104,321.61,1.06,1.03,2026-09-19,1304.0,A,74.0,6.1NRT,299.41,13.99,D,MODIS,4,Savannas & Grasslands
-15.55805,40.31303,323.07,1.06,1.03,2026-09-19,1304.0,A,76.0,6.1NRT,299.6,15.78,D,MODIS,4,Savannas & Grasslands
-16.02147,36.76217,321.63,1.75,1.3,2026-09-19,1304.0,A,72.0,6.1NRT,296.92,29.38,D,MODIS,4,Savannas & Grasslands
-16.02346,36.74634,324.46,1.76,1.3,2026-09-19,1304.0,A,75.0,6.1NRT,297.31,35.18,D,MODIS,4,Savannas & Grasslands
-16.27743,34.26853,320.01,2.76,1.59,2026-09-19,1304.0,A,69.0,6.1NRT,302.19,36.54,D,MODIS,4,Savannas & Grasslands
-16.28023,34.24325,319.21,2.78,1.59,2026-09-19,1304.0,A,68.0,6.1NRT,301.73,33.94,D,MODIS,4,Savannas & Grasslands
-16.34988,33.60392,316.18,3.13,1.68,2026-09-19,1304.0,A,60.0,6.1NRT,300.86,27.89,D,MODIS,4,Savannas & Grasslands
-15.52266,40.16954,311.64,1.07,1.03,2026-09-19,1304.0,A,37.0,6.1NRT,297.42,4.9,D,MODIS,4,Savannas & Grasslands
-15.70395,38.8241,328.33,1.25,1.11,2026-09-19,1304.0,A,61.0,6.1NRT,299.31,25.5,D,MODIS,4,Savannas & Grasslands
-15.98575,36.5777,315.7,1.81,1.32,2026-09-19,1304.0,A,44.0,6.1NRT,297.22,15.87,D,MODIS,4,Savannas & Grasslands
-15.68423,38.95316,323.32,1.23,1.1,2026-09-19,1304.0,A,47.0,6.1NRT,300.66,17.5,D,MODIS,4,Savannas & Grasslands
-15.49938,40.2099,319.7,1.07,1.03,2026-09-19,1304.0,A,72.0,6.1NRT,296.86,12.55,D,MODIS,4,Savannas & Grasslands
-15.69297,38.81704,340.34,1.25,1.11,2026-09-19,1304.0,A,82.0,6.1NRT,297.94,48.89,D,MODIS,4,Savannas & Grasslands
-15.98925,36.5731,313.32,1.81,1.32,2026-09-19,1304.0,A,30.0,6.1NRT,297.37,12.98,D,MODIS,4,Savannas & Grasslands
-16.27258,34.26303,326.02,2.76,1.59,2026-09-19,1304.0,A,77.0,6.1NRT,302.12,64.83,D,MODIS,4,Savannas & Grasslands
-16.27551,34.23805,318.92,2.78,1.59,2026-09-19,1304.0,A,67.0,6.1NRT,301.72,33.42,D,MODIS,4,Savannas & Grasslands
-15.47941,40.28579,315.2,1.06,1.03,2026-09-19,1304.0,A,49.0,6.1NRT,297.55,7.71,D,MODIS,4,Savannas & Grasslands
-15.44154,40.35837,317.08,1.06,1.03,2026-09-19,1304.0,A,68.0,6.1NRT,296.66,10.18,D,MODIS,4,Savannas & Grasslands
-15.8472,37.24294,315.21,1.6,1.25,2026-09-19,1304.0,A,60.0,6.1NRT,296.44,12.99,D,MODIS,4,Savannas & Grasslands
-15.84905,37.22826,317.29,1.61,1.25,2026-09-19,1304.0,A,65.0,6.1NRT,297.45,17.34,D,MODIS,4,Savannas & Grasslands
-15.57272,39.27014,320.96,1.18,1.08,2026-09-19,1304.0,A,60.0,6.1NRT,300.38,14.0,D,MODIS,4,Savannas & Grasslands
-15.80028,37.44075,316.96,1.55,1.23,2026-09-19,1304.0,A,65.0,6.1NRT,296.82,17.22,D,MODIS,4,Savannas & Grasslands
-15.40419,40.36247,311.64,1.06,1.03,2026-09-19,1304.0,A,45.0,6.1NRT,297.95,5.67,D,MODIS,4,Savannas & Grasslands
-15.54377,39.34195,350.84,1.17,1.08,2026-09-19,1304.0,A,96.0,6.1NRT,301.15,68.81,D,MODIS,4,Savannas & Grasslands
-15.53887,39.3345,323.25,1.17,1.08,2026-09-19,1304.0,A,0.0,6.1NRT,294.46,18.13,D,MODIS,4,Savannas & Grasslands
-15.4232,40.09264,311.48,1.08,1.04,2026-09-19,1304.0,A,44.0,6.1NRT,296.62,4.66,D,MODIS,4,Savannas & Grasslands
-16.17418,34.32041,316.73,2.73,1.58,2026-09-19,1304.0,A,61.0,6.1NRT,301.54,23.16,D,MODIS,4,Savannas & Grasslands
-15.65129,38.28973,321.24,1.35,1.15,2026-09-19,1304.0,A,73.0,6.1NRT,300.68,17.0,D,MODIS,4,Savannas & Grasslands
-15.70116,37.91289,320.63,1.43,1.18,2026-09-19,1304.0,A,49.0,6.1NRT,295.38,17.75,D,MODIS,4,Savannas & Grasslands
-15.43274,39.68834,322.25,1.12,1.06,2026-09-19,1304.0,A,75.0,6.1NRT,297.95,15.91,D,MODIS,4,Savannas & Grasslands
-15.41006,39.71599,313.46,1.12,1.05,2026-09-19,1304.0,A,57.0,6.1NRT,298.29,5.91,D,MODIS,4,Savannas & Grasslands
-15.70506,37.46463,320.45,1.54,1.22,2026-09-19,1304.0,A,49.0,6.1NRT,298.58,20.27,D,MODIS,4,Savannas & Grasslands
-16.07966,34.28395,316.06,2.74,1.58,2026-09-19,1304.0,A,59.0,6.1NRT,301.04,22.19,D,MODIS,4,Savannas & Grasslands
-15.7001,37.47299,327.88,1.54,1.22,2026-09-19,1304.0,A,49.0,6.1NRT,298.36,33.79,D,MODIS,4,Savannas & Grasslands
-15.28741,40.27409,321.84,1.06,1.03,2026-09-19,1304.0,A,74.0,6.1NRT,299.4,13.81,D,MODIS,4,Savannas & Grasslands
-15.29554,40.21651,313.48,1.07,1.03,2026-09-19,1304.0,A,36.0,6.1NRT,297.81,5.31,D,MODIS,4,Savannas & Grasslands
-15.26223,40.38714,331.0,1.05,1.02,2026-09-19,1304.0,A,83.0,6.1NRT,300.52,24.72,D,MODIS,4,Savannas & Grasslands
-15.26357,40.37767,317.82,1.05,1.02,2026-09-19,1304.0,A,68.0,6.1NRT,299.11,9.31,D,MODIS,4,Savannas & Grasslands
-15.2865,40.21514,319.26,1.07,1.03,2026-09-19,1304.0,A,70.0,6.1NRT,299.05,11.2,D,MODIS,4,Savannas & Grasslands
-16.21389,32.77378,316.25,3.62,1.78,2026-09-19,1304.0,A,60.0,6.1NRT,300.76,35.56,D,MODIS,4,Savannas & Grasslands
-15.22729,40.43989,322.2,1.05,1.02,2026-09-19,1304.0,A,75.0,6.1NRT,300.41,14.37,D,MODIS,4,Savannas & Grasslands
-15.34696,39.577,317.53,1.13,1.06,2026-09-19,1304.0,A,66.0,6.1NRT,298.25,10.64,D,MODIS,4,Savannas & Grasslands
-15.60745,37.51575,315.97,1.52,1.22,2026-09-19,1304.0,A,46.0,6.1NRT,291.71,17.32,D,MODIS,4,Savannas & Grasslands
-15.97974,34.24215,314.88,2.75,1.59,2026-09-19,1304.0,A,54.0,6.1NRT,299.58,19.7,D,MODIS,4,Savannas & Grasslands
-15.98243,34.21754,321.77,2.76,1.59,2026-09-19,1304.0,A,72.0,6.1NRT,299.33,49.7,D,MODIS,4,Savannas & Grasslands
-15.3578,39.24203,323.54,1.18,1.08,2026-09-19,1304.0,A,76.0,6.1NRT,302.09,16.57,D,MODIS,4,Savannas & Grasslands
-15.35929,39.2313,341.23,1.18,1.08,2026-09-19,1304.0,A,90.0,6.1NRT,302.48,45.31,D,MODIS,4,Savannas & Grasslands
-15.35274,39.20864,321.68,1.18,1.08,2026-09-19,1304.0,A,74.0,6.1NRT,300.87,14.0,D,MODIS,4,Savannas & Grasslands
-15.98779,34.23622,321.69,2.75,1.59,2026-09-19,1304.0,A,72.0,6.1NRT,299.88,48.14,D,MODIS,4,Savannas & Grasslands
-15.99067,34.21162,317.54,2.76,1.59,2026-09-19,1304.0,A,64.0,6.1NRT,299.95,33.02,D,MODIS,4,Savannas & Grasslands
-15.97823,33.81555,325.07,2.97,1.64,2026-09-19,1304.0,A,76.0,6.1NRT,300.01,69.89,D,MODIS,4,Savannas & Grasslands
-15.98129,33.78796,325.92,2.99,1.64,2026-09-19,1304.0,A,77.0,6.1NRT,300.16,75.57,D,MODIS,4,Savannas & Grasslands
-15.54232,37.38722,320.97,1.55,1.23,2026-09-19,1304.0,A,63.0,6.1NRT,294.35,26.45,D,MODIS,4,Savannas & Grasslands
-16.04953,32.71532,316.7,3.64,1.79,2026-09-19,1304.0,A,61.0,6.1NRT,298.88,41.52,D,MODIS,4,Savannas & Grasslands
-15.97609,33.81043,328.66,2.97,1.64,2026-09-19,1304.0,A,80.0,6.1NRT,300.03,90.55,D,MODIS,4,Savannas & Grasslands
-15.97935,33.78275,320.25,2.99,1.64,2026-09-19,1304.0,A,69.0,6.1NRT,299.95,46.88,D,MODIS,4,Savannas & Grasslands
-15.22307,39.48369,338.83,1.14,1.06,2026-09-19,1304.0,A,89.0,6.1NRT,299.03,42.56,D,MODIS,4,Savannas & Grasslands
-15.22451,39.47339,323.49,1.14,1.06,2026-09-19,1304.0,A,72.0,6.1NRT,299.68,17.9,D,MODIS,4,Savannas & Grasslands
-15.22232,39.42027,316.87,1.15,1.07,2026-09-19,1304.0,A,62.0,6.1NRT,300.52,9.79,D,MODIS,4,Savannas & Grasslands
-16.05523,32.71188,317.62,3.64,1.79,2026-09-19,1304.0,A,64.0,6.1NRT,299.05,48.92,D,MODIS,4,Savannas & Grasslands
-15.09354,40.14427,312.17,1.07,1.03,2026-09-19,1304.0,A,44.0,6.1NRT,297.22,6.44,D,MODIS,4,Savannas & Grasslands
-15.281,38.69949,317.46,1.26,1.11,2026-09-19,1304.0,A,57.0,6.1NRT,299.34,10.46,D,MODIS,4,Savannas & Grasslands
-15.99172,32.3989,315.18,3.85,1.83,2026-09-19,1304.0,A,55.0,6.1NRT,298.6,39.82,D,MODIS,4,Savannas & Grasslands
-15.27521,38.57542,328.41,1.28,1.12,2026-09-19,1304.0,A,81.0,6.1NRT,300.37,26.09,D,MODIS,4,Savannas & Grasslands
-15.99687,32.10215,323.92,4.05,1.87,2026-09-19,1304.0,A,75.0,6.1NRT,299.83,96.41,D,MODIS,4,Savannas & Grasslands
-15.10662,39.13357,319.71,1.18,1.08,2026-09-19,1304.0,A,48.0,6.1NRT,302.48,11.45,D,MODIS,4,Savannas & Grasslands
-15.99059,32.09694,321.97,4.05,1.87,2026-09-19,1304.0,A,72.0,6.1NRT,299.75,76.68,D,MODIS,4,Savannas & Grasslands
-14.85748,40.44587,334.07,1.04,1.02,2026-09-19,1304.0,A,86.0,6.1NRT,300.61,28.72,D,MODIS,4,Savannas & Grasslands
-14.84855,40.44448,316.15,1.04,1.02,2026-09-19,1304.0,A,37.0,6.1NRT,298.27,7.5,D,MODIS,4,Savannas & Grasslands
-15.09669,38.62685,337.46,1.26,1.12,2026-09-19,1304.0,A,88.0,6.1NRT,298.16,44.46,D,MODIS,4,Savannas & Grasslands
-14.80644,40.53668,312.81,1.03,1.02,2026-09-19,1304.0,A,53.0,6.1NRT,297.74,4.61,D,MODIS,4,Savannas & Grasslands
-14.95417,39.42552,318.77,1.14,1.06,2026-09-19,1304.0,A,63.0,6.1NRT,296.27,10.6,D,MODIS,4,Savannas & Grasslands
-15.65075,33.7534,318.74,2.97,1.64,2026-09-19,1304.0,A,68.0,6.1NRT,297.78,41.31,D,MODIS,4,Savannas & Grasslands
-14.72907,40.50003,318.87,1.04,1.02,2026-09-19,1304.0,A,69.0,6.1NRT,298.66,9.97,D,MODIS,4,Savannas & Grasslands
-14.80593,39.49174,322.98,1.13,1.06,2026-09-19,1304.0,A,70.0,6.1NRT,298.75,16.29,D,MODIS,4,Savannas & Grasslands
-14.84454,38.95672,314.39,1.2,1.09,2026-09-19,1304.0,A,41.0,6.1NRT,293.1,9.95,D,MODIS,4,Savannas & Grasslands
-15.51013,33.39006,319.66,3.16,1.68,2026-09-19,1304.0,A,71.0,6.1NRT,297.1,47.41,D,MODIS,4,Savannas & Grasslands
-15.5133,33.36188,319.11,3.18,1.69,2026-09-19,1304.0,A,70.0,6.1NRT,297.23,47.06,D,MODIS,4,Savannas & Grasslands
-14.60654,40.38897,333.09,1.04,1.02,2026-09-19,1304.0,A,85.0,6.1NRT,300.5,26.95,D,MODIS,4,Savannas & Grasslands
-14.7067,39.67595,325.06,1.1,1.05,2026-09-19,1304.0,A,0.0,6.1NRT,294.79,22.91,D,MODIS,4,Savannas & Grasslands
-14.70809,39.66599,322.7,1.11,1.05,2026-09-19,1304.0,A,0.0,6.1NRT,295.34,19.88,D,MODIS,4,Savannas & Grasslands
-14.79008,38.92676,331.15,1.21,1.09,2026-09-19,1304.0,A,73.0,6.1NRT,298.8,32.42,D,MODIS,4,Savannas & Grasslands
-14.63975,39.95655,311.92,1.08,1.04,2026-09-19,1304.0,A,21.0,6.1NRT,296.5,4.97,D,MODIS,4,Savannas & Grasslands
-14.71088,39.4402,331.79,1.13,1.06,2026-09-19,1304.0,A,63.0,6.1NRT,295.3,28.09,D,MODIS,4,Savannas & Grasslands
-14.60605,40.00506,324.95,1.07,1.03,2026-09-19,1304.0,A,77.0,6.1NRT,299.91,16.84,D,MODIS,4,Savannas & Grasslands
-14.60741,39.99543,318.98,1.07,1.03,2026-09-19,1304.0,A,57.0,6.1NRT,299.7,10.28,D,MODIS,4,Savannas & Grasslands
-14.57979,40.06,320.74,1.07,1.03,2026-09-19,1304.0,A,68.0,6.1NRT,298.94,13.14,D,MODIS,4,Savannas & Grasslands
-14.50523,40.5202,340.26,1.03,1.01,2026-09-19,1304.0,A,90.0,6.1NRT,301.89,38.6,D,MODIS,4,Savannas & Grasslands
-14.6775,39.2935,321.32,1.15,1.07,2026-09-19,1304.0,A,55.0,6.1NRT,297.4,15.45,D,MODIS,4,Savannas & Grasslands
-14.53222,40.26638,316.03,1.05,1.02,2026-09-19,1304.0,A,38.0,6.1NRT,299.36,7.12,D,MODIS,4,Savannas & Grasslands
-14.52325,40.26501,316.98,1.05,1.02,2026-09-19,1304.0,A,62.0,6.1NRT,298.99,7.91,D,MODIS,4,Savannas & Grasslands
-14.66585,39.23901,340.5,1.16,1.07,2026-09-19,1304.0,A,90.0,6.1NRT,299.27,44.71,D,MODIS,4,Savannas & Grasslands
-14.69026,39.05989,318.35,1.18,1.08,2026-09-19,1304.0,A,62.0,6.1NRT,296.79,12.42,D,MODIS,4,Savannas & Grasslands
-14.53563,40.1119,325.21,1.06,1.03,2026-09-19,1304.0,A,78.0,6.1NRT,298.92,17.92,D,MODIS,4,Savannas & Grasslands
-14.4555,40.55046,321.29,1.03,1.01,2026-09-19,1304.0,A,73.0,6.1NRT,302.23,10.71,D,MODIS,4,Savannas & Grasslands
-14.44553,40.54251,316.13,1.03,1.01,2026-09-19,1304.0,A,59.0,6.1NRT,301.36,6.83,D,MODIS,4,Savannas & Grasslands
-14.60124,39.24401,324.61,1.15,1.07,2026-09-19,1304.0,A,71.0,6.1NRT,300.95,17.97,D,MODIS,4,Savannas & Grasslands
-14.60267,39.23362,324.03,1.16,1.07,2026-09-19,1304.0,A,57.0,6.1NRT,300.15,16.56,D,MODIS,4,Savannas & Grasslands
-15.11676,35.29958,315.73,2.2,1.44,2026-09-19,1304.0,A,45.0,6.1NRT,298.31,19.45,D,MODIS,4,Savannas & Grasslands
-14.67074,38.5923,338.99,1.25,1.11,2026-09-19,1304.0,A,0.0,6.1NRT,291.0,49.98,D,MODIS,4,Savannas & Grasslands
-14.56797,39.20728,312.16,1.16,1.07,2026-09-19,1304.0,A,39.0,6.1NRT,297.08,5.47,D,MODIS,4,Savannas & Grasslands
-14.5273,39.32247,334.94,1.14,1.06,2026-09-19,1304.0,A,81.0,6.1NRT,296.83,35.17,D,MODIS,4,Savannas & Grasslands
-14.58804,38.74563,315.45,1.23,1.1,2026-09-19,1304.0,A,38.0,6.1NRT,296.27,10.02,D,MODIS,4,Savannas & Grasslands
-14.4336,39.78865,316.38,1.09,1.04,2026-09-19,1304.0,A,48.0,6.1NRT,298.52,9.15,D,MODIS,4,Savannas & Grasslands
-14.42909,39.68759,315.09,1.1,1.04,2026-09-19,1304.0,A,37.0,6.1NRT,298.46,6.93,D,MODIS,4,Savannas & Grasslands
-14.45165,39.45709,317.75,1.12,1.06,2026-09-19,1304.0,A,53.0,6.1NRT,300.72,8.95,D,MODIS,4,Savannas & Grasslands
-14.45304,39.44698,318.25,1.12,1.06,2026-09-19,1304.0,A,49.0,6.1NRT,301.73,9.17,D,MODIS,4,Savannas & Grasslands
-14.50556,39.06377,319.9,1.18,1.08,2026-09-19,1304.0,A,49.0,6.1NRT,297.33,12.58,D,MODIS,4,Savannas & Grasslands
-14.44243,39.45542,335.21,1.12,1.06,2026-09-19,1304.0,A,86.0,6.1NRT,303.02,31.62,D,MODIS,4,Savannas & Grasslands
-14.44381,39.44537,346.65,1.12,1.06,2026-09-19,1304.0,A,93.0,6.1NRT,302.97,54.61,D,MODIS,4,Savannas & Grasslands
-14.4452,39.43522,329.94,1.13,1.06,2026-09-19,1304.0,A,82.0,6.1NRT,301.21,22.43,D,MODIS,4,Savannas & Grasslands
-14.43456,39.44386,356.04,1.12,1.06,2026-09-19,1304.0,A,98.0,6.1NRT,302.06,80.03,D,MODIS,4,Savannas & Grasslands
-14.43594,39.43378,340.96,1.13,1.06,2026-09-19,1304.0,A,90.0,6.1NRT,301.33,42.53,D,MODIS,4,Savannas & Grasslands
-14.30028,40.34347,323.54,1.04,1.02,2026-09-19,1304.0,A,75.0,6.1NRT,301.03,14.02,D,MODIS,4,Savannas & Grasslands
-14.27866,40.41947,330.8,1.03,1.02,2026-09-19,1304.0,A,83.0,6.1NRT,301.44,22.98,D,MODIS,4,Savannas & Grasslands
-14.28,40.41018,316.05,1.03,1.02,2026-09-19,1304.0,A,61.0,6.1NRT,300.71,6.34,D,MODIS,4,Savannas & Grasslands
-14.4389,39.29208,321.3,1.14,1.07,2026-09-19,1304.0,A,72.0,6.1NRT,300.51,13.27,D,MODIS,4,Savannas & Grasslands
-14.46801,39.08418,326.16,1.17,1.08,2026-09-19,1304.0,A,0.0,6.1NRT,295.47,22.33,D,MODIS,4,Savannas & Grasslands
-14.58914,38.05761,320.68,1.35,1.15,2026-09-19,1304.0,A,56.0,6.1NRT,295.43,20.07,D,MODIS,4,Savannas & Grasslands
-14.67906,36.78081,321.92,1.67,1.27,2026-09-19,1304.0,A,72.0,6.1NRT,302.18,20.97,D,MODIS,4,Savannas & Grasslands
-14.6772,36.79047,318.95,1.66,1.27,2026-09-19,1304.0,A,67.0,6.1NRT,301.59,15.87,D,MODIS,4,Savannas & Grasslands
-14.21742,39.88278,323.32,1.07,1.03,2026-09-19,1304.0,A,75.0,6.1NRT,301.04,15.55,D,MODIS,4,Savannas & Grasslands
-14.08795,39.82175,314.17,1.08,1.04,2026-09-19,1304.0,A,38.0,6.1NRT,297.22,7.98,D,MODIS,4,Savannas & Grasslands
-14.03489,40.00012,314.79,1.06,1.03,2026-09-19,1304.0,A,55.0,6.1NRT,299.42,6.94,D,MODIS,4,Savannas & Grasslands
-14.10679,39.42246,323.44,1.12,1.05,2026-09-19,1304.0,A,74.0,6.1NRT,293.68,16.98,D,MODIS,4,Savannas & Grasslands
-14.03674,39.39523,326.89,1.12,1.05,2026-09-19,1304.0,A,78.0,6.1NRT,300.57,21.03,D,MODIS,4,Savannas & Grasslands
-14.35806,36.8638,319.0,1.62,1.25,2026-09-19,1304.0,A,66.0,6.1NRT,302.29,15.0,D,MODIS,4,Savannas & Grasslands
-14.35995,36.84919,320.52,1.63,1.26,2026-09-19,1304.0,A,69.0,6.1NRT,301.93,18.05,D,MODIS,4,Savannas & Grasslands
-13.94736,39.56501,319.89,1.1,1.05,2026-09-19,1304.0,A,45.0,6.1NRT,298.44,12.12,D,MODIS,4,Savannas & Grasslands
-14.32742,36.65858,319.38,1.68,1.27,2026-09-19,1304.0,A,61.0,6.1NRT,301.66,17.45,D,MODIS,4,Savannas & Grasslands
-13.77666,40.13256,319.32,1.05,1.02,2026-09-19,1304.0,A,66.0,6.1NRT,300.59,9.47,D,MODIS,4,Savannas & Grasslands
-13.75521,40.20853,315.0,1.04,1.02,2026-09-19,1304.0,A,44.0,6.1NRT,301.14,5.87,D,MODIS,4,Savannas & Grasslands
-14.19781,36.77069,317.07,1.64,1.26,2026-09-19,1304.0,A,61.0,6.1NRT,300.6,13.16,D,MODIS,4,Savannas & Grasslands
-13.81701,39.51314,319.58,1.1,1.05,2026-09-19,1304.0,A,24.0,6.1NRT,297.87,8.73,D,MODIS,4,Savannas & Grasslands
-14.21975,36.51328,318.24,1.72,1.29,2026-09-19,1304.0,A,66.0,6.1NRT,300.11,19.68,D,MODIS,4,Savannas & Grasslands
-14.17195,36.79688,343.17,1.63,1.26,2026-09-19,1304.0,A,91.0,6.1NRT,298.89,83.18,D,MODIS,4,Savannas & Grasslands
-14.20107,36.47954,317.31,1.73,1.29,2026-09-19,1304.0,A,64.0,6.1NRT,299.31,18.43,D,MODIS,4,Savannas & Grasslands
-14.203,36.46423,325.03,1.73,1.29,2026-09-19,1304.0,A,76.0,6.1NRT,299.5,37.2,D,MODIS,4,Savannas & Grasslands
-13.71126,40.06797,317.66,1.05,1.02,2026-09-19,1304.0,A,59.0,6.1NRT,303.23,6.33,D,MODIS,4,Savannas & Grasslands
-13.71259,40.05855,318.68,1.05,1.02,2026-09-19,1304.0,A,64.0,6.1NRT,304.39,6.96,D,MODIS,4,Savannas & Grasslands
-13.71026,40.01006,321.08,1.05,1.03,2026-09-19,1304.0,A,69.0,6.1NRT,303.07,9.68,D,MODIS,4,Savannas & Grasslands
-13.61949,40.32449,315.06,1.03,1.01,2026-09-19,1304.0,A,46.0,6.1NRT,300.41,6.08,D,MODIS,4,Savannas & Grasslands
-14.06756,37.06802,327.5,1.55,1.23,2026-09-19,1304.0,A,71.0,6.1NRT,300.72,31.65,D,MODIS,4,Savannas & Grasslands
-14.06939,37.05409,344.32,1.56,1.23,2026-09-19,1304.0,A,92.0,6.1NRT,301.99,80.08,D,MODIS,4,Savannas & Grasslands
-13.64819,39.99502,336.57,1.05,1.03,2026-09-19,1304.0,A,86.0,6.1NRT,304.85,30.04,D,MODIS,4,Savannas & Grasslands
-13.64953,39.98557,320.78,1.05,1.03,2026-09-19,1304.0,A,55.0,6.1NRT,303.49,8.91,D,MODIS,4,Savannas & Grasslands
-13.63922,39.99362,320.49,1.05,1.03,2026-09-19,1304.0,A,67.0,6.1NRT,303.84,8.54,D,MODIS,4,Savannas & Grasslands
-13.73589,39.30225,318.68,1.12,1.06,2026-09-19,1304.0,A,51.0,6.1NRT,301.49,7.51,D,MODIS,4,Savannas & Grasslands
-14.03498,36.52353,314.61,1.7,1.28,2026-09-19,1304.0,A,40.0,6.1NRT,298.57,13.55,D,MODIS,4,Savannas & Grasslands
-13.59505,39.648,316.12,1.08,1.04,2026-09-19,1304.0,A,42.0,6.1NRT,300.25,5.17,D,MODIS,4,Savannas & Grasslands
-13.59641,39.6383,325.87,1.08,1.04,2026-09-19,1304.0,A,76.0,6.1NRT,298.59,16.29,D,MODIS,4,Savannas & Grasslands
-14.12408,35.42568,314.93,2.08,1.4,2026-09-19,1304.0,A,61.0,6.1NRT,296.73,18.48,D,MODIS,4,Savannas & Grasslands
-13.998,36.36087,316.26,1.75,1.3,2026-09-19,1304.0,A,53.0,6.1NRT,298.37,17.01,D,MODIS,4,Savannas & Grasslands
-13.99994,36.34515,315.11,1.76,1.3,2026-09-19,1304.0,A,42.0,6.1NRT,298.24,15.08,D,MODIS,4,Savannas & Grasslands
-14.00008,36.35614,322.63,1.75,1.3,2026-09-19,1304.0,A,75.0,6.1NRT,298.77,32.59,D,MODIS,4,Savannas & Grasslands
-14.11891,35.43893,314.61,2.07,1.4,2026-09-19,1304.0,A,51.0,6.1NRT,297.39,16.86,D,MODIS,4,Savannas & Grasslands
-13.59153,39.08226,354.18,1.15,1.07,2026-09-19,1304.0,A,97.0,6.1NRT,301.67,75.03,D,MODIS,4,Savannas & Grasslands
-13.59296,39.07194,324.94,1.15,1.07,2026-09-19,1304.0,A,75.0,6.1NRT,301.49,15.24,D,MODIS,4,Savannas & Grasslands
-13.9715,36.12381,315.35,1.82,1.32,2026-09-19,1304.0,A,62.0,6.1NRT,298.56,15.9,D,MODIS,4,Savannas & Grasslands
-13.66144,38.42698,334.76,1.25,1.11,2026-09-19,1304.0,A,85.0,6.1NRT,301.79,33.75,D,MODIS,4,Savannas & Grasslands
-13.67048,38.35968,319.03,1.26,1.11,2026-09-19,1304.0,A,47.0,6.1NRT,303.33,9.06,D,MODIS,4,Savannas & Grasslands
-13.68722,38.23459,324.4,1.28,1.12,2026-09-19,1304.0,A,74.0,6.1NRT,302.02,19.04,D,MODIS,4,Savannas & Grasslands
-13.65323,38.24665,318.41,1.28,1.12,2026-09-19,1304.0,A,58.0,6.1NRT,301.41,11.28,D,MODIS,4,Savannas & Grasslands
-13.60027,38.55852,321.58,1.22,1.1,2026-09-19,1304.0,A,64.0,6.1NRT,298.65,14.61,D,MODIS,4,Savannas & Grasslands
-13.60179,38.54753,323.54,1.22,1.1,2026-09-19,1304.0,A,56.0,6.1NRT,303.53,17.28,D,MODIS,4,Savannas & Grasslands
-13.95497,35.80911,315.53,1.93,1.36,2026-09-19,1304.0,A,0.0,6.1NRT,291.12,20.97,D,MODIS,4,Savannas & Grasslands
-13.44247,39.35282,320.31,1.11,1.05,2026-09-19,1304.0,A,57.0,6.1NRT,300.02,12.61,D,MODIS,4,Savannas & Grasslands
-13.44385,39.3429,317.77,1.11,1.05,2026-09-19,1304.0,A,51.0,6.1NRT,299.41,9.95,D,MODIS,4,Savannas & Grasslands
-13.34174,40.00706,317.86,1.05,1.02,2026-09-19,1304.0,A,61.0,6.1NRT,300.65,6.74,D,MODIS,4,Savannas & Grasslands
-13.36064,39.80722,320.07,1.06,1.03,2026-09-19,1304.0,A,67.0,6.1NRT,303.25,9.0,D,MODIS,4,Savannas & Grasslands
-13.69093,37.37779,321.61,1.46,1.19,2026-09-19,1304.0,A,46.0,6.1NRT,297.35,20.8,D,MODIS,4,Savannas & Grasslands
-13.38486,39.17517,320.61,1.13,1.06,2026-09-19,1304.0,A,54.0,6.1NRT,296.29,12.29,D,MODIS,4,Savannas & Grasslands
-13.37559,39.17374,335.87,1.13,1.06,2026-09-19,1304.0,A,75.0,6.1NRT,294.13,34.1,D,MODIS,4,Savannas & Grasslands
-13.22797,40.09858,318.14,1.04,1.02,2026-09-19,1304.0,A,60.0,6.1NRT,300.1,9.14,D,MODIS,4,Savannas & Grasslands
-13.60474,37.25232,313.97,1.48,1.2,2026-09-19,1304.0,A,46.0,6.1NRT,294.6,11.89,D,MODIS,4,Savannas & Grasslands
-13.75671,36.10916,320.02,1.81,1.32,2026-09-19,1304.0,A,67.0,6.1NRT,298.37,26.13,D,MODIS,4,Savannas & Grasslands
-13.29804,39.26868,320.81,1.12,1.05,2026-09-19,1304.0,A,66.0,6.1NRT,298.85,12.01,D,MODIS,4,Savannas & Grasslands
-13.31209,39.16806,334.94,1.13,1.06,2026-09-19,1304.0,A,66.0,6.1NRT,296.57,30.36,D,MODIS,4,Savannas & Grasslands
-13.77308,35.70337,321.06,1.95,1.36,2026-09-19,1304.0,A,69.0,6.1NRT,297.59,31.63,D,MODIS,4,Savannas & Grasslands
-13.32799,38.84548,326.79,1.17,1.08,2026-09-19,1304.0,A,74.0,6.1NRT,297.76,22.2,D,MODIS,4,Savannas & Grasslands
-13.1186,40.14588,318.33,1.04,1.02,2026-09-19,1304.0,A,64.0,6.1NRT,297.67,8.73,D,MODIS,4,Savannas & Grasslands
-13.67646,35.84161,323.5,1.9,1.35,2026-09-19,1304.0,A,72.0,6.1NRT,296.63,41.78,D,MODIS,4,Savannas & Grasslands
-13.1449,39.63992,322.96,1.07,1.03,2026-09-19,1304.0,A,73.0,6.1NRT,300.81,13.62,D,MODIS,4,Savannas & Grasslands
-13.60371,35.87658,325.66,1.88,1.34,2026-09-19,1304.0,A,79.0,6.1NRT,297.15,45.64,D,MODIS,4,Savannas & Grasslands
-13.04424,39.89009,326.08,1.05,1.02,2026-09-19,1304.0,A,77.0,6.1NRT,301.98,15.41,D,MODIS,4,Savannas & Grasslands
-13.04558,39.8807,325.44,1.05,1.02,2026-09-19,1304.0,A,76.0,6.1NRT,302.25,14.54,D,MODIS,4,Savannas & Grasslands
-13.04142,39.71595,317.93,1.07,1.03,2026-09-19,1304.0,A,58.0,6.1NRT,299.72,8.04,D,MODIS,4,Savannas & Grasslands
-13.04276,39.70642,319.01,1.07,1.03,2026-09-19,1304.0,A,65.0,6.1NRT,297.63,8.45,D,MODIS,4,Savannas & Grasslands
-13.0007,39.87399,317.01,1.05,1.02,2026-09-19,1304.0,A,59.0,6.1NRT,301.92,6.6,D,MODIS,4,Savannas & Grasslands
-13.48382,35.82127,313.57,1.89,1.34,2026-09-19,1304.0,A,57.0,6.1NRT,296.39,16.99,D,MODIS,4,Savannas & Grasslands
-12.91003,39.93126,321.51,1.05,1.02,2026-09-19,1304.0,A,70.0,6.1NRT,302.92,11.18,D,MODIS,4,Savannas & Grasslands
-13.02828,39.08815,325.44,1.13,1.06,2026-09-19,1304.0,A,76.0,6.1NRT,300.69,14.65,D,MODIS,4,Savannas & Grasslands
-13.02969,39.07801,335.96,1.13,1.06,2026-09-19,1304.0,A,86.0,6.1NRT,304.15,31.49,D,MODIS,4,Savannas & Grasslands
-12.90108,39.9299,337.5,1.05,1.02,2026-09-19,1304.0,A,87.0,6.1NRT,301.53,32.28,D,MODIS,4,Savannas & Grasslands
-13.01899,39.08682,371.73,1.13,1.06,2026-09-19,1304.0,A,100.0,6.1NRT,301.23,133.36,D,MODIS,4,Savannas & Grasslands
-13.02039,39.07666,353.82,1.13,1.06,2026-09-19,1304.0,A,97.0,6.1NRT,303.58,72.4,D,MODIS,4,Savannas & Grasslands
-13.03071,38.93237,321.46,1.15,1.07,2026-09-19,1304.0,A,68.0,6.1NRT,301.47,11.73,D,MODIS,4,Savannas & Grasslands
-13.03212,38.92207,338.78,1.15,1.07,2026-09-19,1304.0,A,88.0,6.1NRT,302.23,38.94,D,MODIS,4,Savannas & Grasslands
-13.02415,38.91045,365.51,1.15,1.07,2026-09-19,1304.0,A,100.0,6.1NRT,303.68,113.65,D,MODIS,4,Savannas & Grasslands
-13.02555,38.90018,321.57,1.16,1.07,2026-09-19,1304.0,A,64.0,6.1NRT,299.9,12.04,D,MODIS,4,Savannas & Grasslands
-13.11709,38.22058,330.3,1.26,1.12,2026-09-19,1304.0,A,76.0,6.1NRT,302.14,27.69,D,MODIS,4,Savannas & Grasslands
-13.42703,35.79611,321.22,1.9,1.35,2026-09-19,1304.0,A,69.0,6.1NRT,297.65,32.11,D,MODIS,4,Savannas & Grasslands
-13.42909,35.77934,321.82,1.9,1.35,2026-09-19,1304.0,A,74.0,6.1NRT,298.62,33.84,D,MODIS,4,Savannas & Grasslands
-13.01712,38.91343,331.7,1.15,1.07,2026-09-19,1304.0,A,83.0,6.1NRT,302.12,27.34,D,MODIS,4,Savannas & Grasslands
-13.01857,38.90315,326.51,1.15,1.07,2026-09-19,1304.0,A,77.0,6.1NRT,300.73,19.35,D,MODIS,4,Savannas & Grasslands
-13.11361,38.22521,323.46,1.26,1.12,2026-09-19,1304.0,A,69.0,6.1NRT,302.39,16.96,D,MODIS,4,Savannas & Grasslands
-12.8385,40.03773,318.8,1.04,1.02,2026-09-19,1304.0,A,65.0,6.1NRT,300.57,8.59,D,MODIS,4,Savannas & Grasslands
-13.41981,35.7887,337.04,1.9,1.35,2026-09-19,1304.0,A,88.0,6.1NRT,299.05,81.29,D,MODIS,4,Savannas & Grasslands
-13.42198,35.772,316.01,1.9,1.35,2026-09-19,1304.0,A,38.0,6.1NRT,297.74,18.59,D,MODIS,4,Savannas & Grasslands
-13.0,,,,,,,,,,,,,MODIS,4,Savannas & Grasslands
