latitude,longitude,bright_ti4,scan,track,acq_date,acq_time,satellite,confidence,version,bright_ti5,frp,daynight,source_sensor,fire_class_id,biome_name
38.9401,-112.8185,314.57,0.4,0.37,2026-09-19,930,N,nominal,2.0NRT,287.14,2.33,N,VIIRS,1,Montane & Hills
38.93609,-112.81471,295.18,0.4,0.37,2026-09-19,930,N,nominal,2.0NRT,283.52,1.29,N,VIIRS,1,Montane & Hills
39.62154,-119.2623,299.91,0.49,0.49,2026-09-19,930,N,nominal,2.0NRT,281.2,1.38,N,VIIRS,1,Montane & Hills
37.63013,-119.60081,332.01,0.49,0.48,2026-09-19,930,N,nominal,2.0NRT,274.74,4.31,N,VIIRS,1,Montane & Hills
37.62613,-119.60689,301.62,0.49,0.48,2026-09-19,930,N,nominal,2.0NRT,273.78,7.13,N,VIIRS,1,Montane & Hills
37.62563,-119.6011,301.58,0.49,0.48,2026-09-19,930,N,nominal,2.0NRT,274.84,7.13,N,VIIRS,1,Montane & Hills
37.62163,-119.60722,367.0,0.49,0.48,2026-09-19,930,N,high,2.0NRT,287.35,7.13,N,VIIRS,1,Montane & Hills
37.62112,-119.60134,355.62,0.49,0.48,2026-09-19,930,N,nominal,2.0NRT,283.91,7.13,N,VIIRS,1,Montane & Hills
37.62213,-119.61292,314.17,0.49,0.48,2026-09-19,930,N,nominal,2.0NRT,277.7,4.14,N,VIIRS,1,Montane & Hills
37.61765,-119.61359,367.0,0.49,0.48,2026-09-19,930,N,high,2.0NRT,287.79,12.31,N,VIIRS,1,Montane & Hills
37.61712,-119.60743,367.0,0.49,0.48,2026-09-19,930,N,high,2.0NRT,288.01,9.42,N,VIIRS,1,Montane & Hills
37.61659,-119.60134,350.16,0.49,0.48,2026-09-19,930,N,nominal,2.0NRT,280.96,9.42,N,VIIRS,1,Montane & Hills
37.61377,-119.62125,323.25,0.49,0.48,2026-09-19,930,N,nominal,2.0NRT,283.58,12.31,N,VIIRS,1,Montane & Hills
37.61318,-119.61434,352.05,0.49,0.48,2026-09-19,930,N,nominal,2.0NRT,286.78,12.31,N,VIIRS,1,Montane & Hills
37.61261,-119.60767,351.13,0.49,0.48,2026-09-19,930,N,nominal,2.0NRT,287.09,9.42,N,VIIRS,1,Montane & Hills
37.61208,-119.60146,297.29,0.49,0.48,2026-09-19,930,N,nominal,2.0NRT,278.31,9.42,N,VIIRS,1,Montane & Hills
37.6087,-119.61498,322.31,0.49,0.48,2026-09-19,930,N,nominal,2.0NRT,284.14,2.45,N,VIIRS,1,Montane & Hills
37.60658,-119.59022,338.98,0.49,0.48,2026-09-19,930,N,nominal,2.0NRT,284.3,5.2,N,VIIRS,1,Montane & Hills
37.60929,-119.62184,316.62,0.49,0.48,2026-09-19,930,N,nominal,2.0NRT,285.02,2.45,N,VIIRS,1,Montane & Hills
37.60814,-119.60844,299.87,0.49,0.48,2026-09-19,930,N,nominal,2.0NRT,280.88,4.88,N,VIIRS,1,Montane & Hills
37.60367,-119.60909,355.97,0.49,0.48,2026-09-19,930,N,nominal,2.0NRT,290.46,4.88,N,VIIRS,1,Montane & Hills
37.60479,-119.62213,298.07,0.49,0.48,2026-09-19,930,N,nominal,2.0NRT,282.63,2.45,N,VIIRS,1,Montane & Hills
37.60421,-119.61543,316.09,0.49,0.48,2026-09-19,930,N,nominal,2.0NRT,283.98,2.45,N,VIIRS,1,Montane & Hills
37.60315,-119.60306,302.68,0.49,0.48,2026-09-19,930,N,nominal,2.0NRT,279.98,4.88,N,VIIRS,1,Montane & Hills
37.60263,-119.59698,317.2,0.49,0.48,2026-09-19,930,N,nominal,2.0NRT,281.68,5.2,N,VIIRS,1,Montane & Hills
37.60212,-119.59104,310.52,0.49,0.48,2026-09-19,930,N,nominal,2.0NRT,280.89,5.2,N,VIIRS,1,Montane & Hills
37.59917,-119.60937,329.92,0.49,0.48,2026-09-19,930,N,nominal,2.0NRT,282.92,4.94,N,VIIRS,1,Montane & Hills
37.59821,-119.59816,323.83,0.49,0.48,2026-09-19,930,N,nominal,2.0NRT,279.9,5.13,N,VIIRS,1,Montane & Hills
37.59771,-119.59236,339.35,0.49,0.48,2026-09-19,930,N,nominal,2.0NRT,282.49,5.13,N,VIIRS,1,Montane & Hills
48.88371,-122.73858,297.34,0.43,0.62,2026-09-19,928,N,nominal,2.0NRT,278.92,1.17,N,VIIRS,1,Montane & Hills
37.60079,-119.62846,296.74,0.49,0.48,2026-09-19,930,N,nominal,2.0NRT,282.93,1.33,N,VIIRS,1,Montane & Hills
48.3744,-120.82896,295.62,0.35,0.57,2026-09-19,928,N,nominal,2.0NRT,274.51,0.76,N,VIIRS,1,Montane & Hills
37.59968,-119.61538,313.41,0.49,0.48,2026-09-19,930,N,nominal,2.0NRT,281.51,3.55,N,VIIRS,1,Montane & Hills
47.56633,-122.34483,303.55,0.41,0.61,2026-09-19,928,N,nominal,2.0NRT,283.45,0.7,N,VIIRS,1,Montane & Hills
37.59868,-119.60365,317.69,0.49,0.48,2026-09-19,930,N,nominal,2.0NRT,282.49,4.94,N,VIIRS,1,Montane & Hills
46.97407,-122.29264,295.79,0.4,0.6,2026-09-19,928,N,nominal,2.0NRT,280.98,0.45,N,VIIRS,1,Montane & Hills
37.5942,-119.60426,338.89,0.49,0.48,2026-09-19,930,N,nominal,2.0NRT,286.34,4.94,N,VIIRS,1,Montane & Hills
37.59375,-119.59899,328.24,0.49,0.48,2026-09-19,930,N,nominal,2.0NRT,283.53,5.13,N,VIIRS,1,Montane & Hills
37.59328,-119.59353,322.48,0.49,0.48,2026-09-19,930,N,nominal,2.0NRT,280.24,5.13,N,VIIRS,1,Montane & Hills
42.94733,-112.6173,298.98,0.42,0.38,2026-09-19,928,N,nominal,2.0NRT,277.16,0.84,N,VIIRS,1,Montane & Hills
37.58974,-119.60508,329.98,0.49,0.48,2026-09-19,930,N,nominal,2.0NRT,281.74,5.94,N,VIIRS,1,Montane & Hills
42.68902,-111.59243,298.66,0.4,0.37,2026-09-19,928,N,nominal,2.0NRT,269.3,18.14,N,VIIRS,1,Montane & Hills
37.58928,-119.59966,326.07,0.49,0.48,2026-09-19,930,N,nominal,2.0NRT,282.11,5.17,N,VIIRS,1,Montane & Hills
42.68568,-111.59332,333.68,0.4,0.37,2026-09-19,928,N,nominal,2.0NRT,276.91,18.14,N,VIIRS,1,Montane & Hills
37.58882,-119.59438,342.67,0.49,0.48,2026-09-19,930,N,nominal,2.0NRT,286.74,5.17,N,VIIRS,1,Montane & Hills
42.685,-111.58848,311.55,0.4,0.37,2026-09-19,928,N,nominal,2.0NRT,273.39,3.08,N,VIIRS,1,Montane & Hills
37.58438,-119.59537,327.21,0.49,0.48,2026-09-19,930,N,nominal,2.0NRT,280.12,5.17,N,VIIRS,1,Montane & Hills
42.68234,-111.59422,298.21,0.4,0.37,2026-09-19,928,N,nominal,2.0NRT,270.19,1.11,N,VIIRS,1,Montane & Hills
37.58484,-119.60065,298.11,0.49,0.48,2026-09-19,930,N,nominal,2.0NRT,280.59,5.17,N,VIIRS,1,Montane & Hills
37.57995,-119.59652,331.79,0.49,0.48,2026-09-19,930,N,nominal,2.0NRT,281.69,3.22,N,VIIRS,1,Montane & Hills
37.58041,-119.60188,299.76,0.49,0.48,2026-09-19,930,N,nominal,2.0NRT,281.58,3.22,N,VIIRS,1,Montane & Hills
37.57552,-119.59763,337.17,0.49,0.48,2026-09-19,930,N,nominal,2.0NRT,281.09,3.22,N,VIIRS,1,Montane & Hills
37.57599,-119.60326,295.43,0.49,0.48,2026-09-19,930,N,nominal,2.0NRT,282.18,3.22,N,VIIRS,1,Montane & Hills
41.57242,-110.90853,330.19,0.39,0.36,2026-09-19,930,N,nominal,2.0NRT,277.91,3.89,N,VIIRS,1,Montane & Hills
37.5925,-119.60501,337.97,0.49,0.48,2026-09-19,930,N,nominal,2.0NRT,283.96,6.17,N,VIIRS,1,Montane & Hills
37.59201,-119.59967,342.97,0.49,0.48,2026-09-19,930,N,nominal,2.0NRT,285.79,6.17,N,VIIRS,1,Montane & Hills
37.59152,-119.59431,340.89,0.49,0.48,2026-09-19,930,N,nominal,2.0NRT,283.54,6.77,N,VIIRS,1,Montane & Hills
40.7543,-111.40498,297.81,0.39,0.36,2026-09-19,930,N,nominal,2.0NRT,281.41,0.6,N,VIIRS,1,Montane & Hills
37.59407,-119.62213,299.66,0.49,0.48,2026-09-19,930,N,nominal,2.0NRT,280.16,1.14,N,VIIRS,1,Montane & Hills
40.74586,-112.03646,300.72,0.4,0.37,2026-09-19,930,N,nominal,2.0NRT,283.42,0.4,N,VIIRS,1,Montane & Hills
37.58707,-119.59518,346.84,0.49,0.48,2026-09-19,930,N,nominal,2.0NRT,286.1,6.77,N,VIIRS,1,Montane & Hills
40.72181,-112.2067,299.68,0.4,0.37,2026-09-19,930,N,nominal,2.0NRT,284.68,0.44,N,VIIRS,1,Montane & Hills
37.58805,-119.6059,304.42,0.49,0.48,2026-09-19,930,N,nominal,2.0NRT,281.45,6.17,N,VIIRS,1,Montane & Hills
40.55713,-112.06284,297.44,0.39,0.37,2026-09-19,930,N,nominal,2.0NRT,282.18,0.43,N,VIIRS,1,Montane & Hills
37.58755,-119.60041,298.29,0.49,0.48,2026-09-19,930,N,nominal,2.0NRT,279.61,6.17,N,VIIRS,1,Montane & Hills
40.13019,-110.17272,295.07,0.39,0.36,2026-09-19,930,N,nominal,2.0NRT,274.35,1.17,N,VIIRS,1,Montane & Hills
37.58312,-119.60155,300.27,0.49,0.48,2026-09-19,930,N,nominal,2.0NRT,281.53,4.43,N,VIIRS,1,Montane & Hills
37.58264,-119.59626,308.12,0.49,0.48,2026-09-19,930,N,nominal,2.0NRT,279.37,4.71,N,VIIRS,1,Montane & Hills
37.57822,-119.59739,344.76,0.49,0.48,2026-09-19,930,N,nominal,2.0NRT,283.65,4.71,N,VIIRS,1,Montane & Hills
37.57431,-119.60428,295.76,0.49,0.48,2026-09-19,930,N,nominal,2.0NRT,282.03,2.81,N,VIIRS,1,Montane & Hills
37.5699,-119.60559,334.18,0.49,0.48,2026-09-19,930,N,nominal,2.0NRT,282.26,2.81,N,VIIRS,1,Montane & Hills
36.38395,-114.87801,308.36,0.43,0.38,2026-09-19,930,N,nominal,2.0NRT,290.65,0.62,N,VIIRS,1,Montane & Hills
39.56296,-112.19577,299.25,0.39,0.36,2026-09-19,930,N,nominal,2.0NRT,285.08,0.62,N,VIIRS,1,Montane & Hills
36.35633,-114.91315,312.2,0.43,0.38,2026-09-19,930,N,nominal,2.0NRT,291.61,1.45,N,VIIRS,1,Montane & Hills
35.51908,-113.3157,311.81,0.39,0.36,2026-09-19,932,N,nominal,2.0NRT,287.28,1.24,N,VIIRS,1,Montane & Hills
35.51576,-113.31645,307.11,0.39,0.36,2026-09-19,932,N,nominal,2.0NRT,283.86,1.24,N,VIIRS,1,Montane & Hills
35.78978,-119.32682,296.25,0.45,0.47,2026-09-19,932,N,nominal,2.0NRT,285.66,0.48,N,VIIRS,1,Montane & Hills
34.61458,-110.63008,303.21,0.4,0.37,2026-09-19,932,N,nominal,2.0NRT,284.54,0.57,N,VIIRS,1,Montane & Hills
34.62088,-117.10143,308.59,0.5,0.41,2026-09-19,932,N,nominal,2.0NRT,289.84,1.39,N,VIIRS,1,Montane & Hills
34.61015,-117.33896,301.94,0.52,0.41,2026-09-19,932,N,nominal,2.0NRT,288.44,1.16,N,VIIRS,1,Montane & Hills
34.60635,-117.3397,301.17,0.52,0.41,2026-09-19,932,N,nominal,2.0NRT,287.69,1.38,N,VIIRS,1,Montane & Hills
33.41972,-110.86183,309.59,0.4,0.37,2026-09-19,932,N,nominal,2.0NRT,292.29,0.78,N,VIIRS,1,Montane & Hills
33.41989,-110.86404,316.49,0.4,0.37,2026-09-19,932,N,nominal,2.0NRT,293.8,2.08,N,VIIRS,1,Montane & Hills
33.41653,-110.86486,318.59,0.4,0.37,2026-09-19,932,N,nominal,2.0NRT,290.73,2.08,N,VIIRS,1,Montane & Hills
34.43018,-118.6459,310.33,0.4,0.44,2026-09-19,932,N,nominal,2.0NRT,286.46,0.99,N,VIIRS,1,Montane & Hills
34.33467,-118.52197,300.7,0.39,0.44,2026-09-19,932,N,nominal,2.0NRT,286.12,0.87,N,VIIRS,1,Montane & Hills
34.33424,-118.51796,310.14,0.39,0.44,2026-09-19,932,N,nominal,2.0NRT,287.26,0.83,N,VIIRS,1,Montane & Hills
34.14315,-117.42688,302.25,0.52,0.41,2026-09-19,932,N,nominal,2.0NRT,288.21,0.69,N,VIIRS,1,Montane & Hills
34.15579,-118.19596,299.73,0.56,0.43,2026-09-19,932,N,nominal,2.0NRT,287.94,0.64,N,VIIRS,1,Montane & Hills
33.87641,-117.00134,296.87,0.49,0.4,2026-09-19,932,N,nominal,2.0NRT,285.69,0.48,N,VIIRS,1,Montane & Hills
33.7955,-117.4744,303.2,0.51,0.41,2026-09-19,932,N,nominal,2.0NRT,289.1,1.51,N,VIIRS,1,Montane & Hills
33.85339,-118.33195,307.68,0.57,0.43,2026-09-19,932,N,nominal,2.0NRT,294.96,1.92,N,VIIRS,1,Montane & Hills
33.71602,-117.70789,301.82,0.53,0.42,2026-09-19,932,N,nominal,2.0NRT,288.46,0.92,N,VIIRS,1,Montane & Hills
33.61446,-117.82574,301.25,0.53,0.42,2026-09-19,932,N,nominal,2.0NRT,288.04,1.08,N,VIIRS,1,Montane & Hills
33.49087,-117.61613,303.4,0.52,0.41,2026-09-19,932,N,nominal,2.0NRT,288.46,1.02,N,VIIRS,1,Montane & Hills
32.63659,-115.22463,314.51,0.41,0.37,2026-09-19,932,N,nominal,2.0NRT,293.11,1.23,N,VIIRS,1,Montane & Hills
32.63597,-115.22025,303.85,0.41,0.37,2026-09-19,932,N,nominal,2.0NRT,292.74,0.71,N,VIIRS,1,Montane & Hills
32.54338,-115.3543,312.16,0.41,0.37,2026-09-19,932,N,nominal,2.0NRT,295.15,1.06,N,VIIRS,1,Montane & Hills
49.85778,-121.53989,299.2,0.5,0.49,2026-09-19,1108,N,nominal,2.0NRT,279.73,1.22,N,VIIRS,1,Montane & Hills
48.93579,-121.03313,295.81,0.56,0.51,2026-09-19,1108,N,nominal,2.0NRT,281.76,1.32,N,VIIRS,1,Montane & Hills
48.93101,-121.03456,310.94,0.56,0.51,2026-09-19,1108,N,nominal,2.0NRT,282.92,2.54,N,VIIRS,1,Montane & Hills
48.92746,-121.04054,324.35,0.55,0.51,2026-09-19,1108,N,nominal,2.0NRT,283.32,2.54,N,VIIRS,1,Montane & Hills
48.92885,-121.04571,306.39,0.55,0.51,2026-09-19,1108,N,nominal,2.0NRT,282.89,3.18,N,VIIRS,1,Montane & Hills
48.92617,-121.03577,298.17,0.56,0.51,2026-09-19,1108,N,nominal,2.0NRT,281.57,2.54,N,VIIRS,1,Montane & Hills
48.88651,-122.73355,295.54,0.47,0.48,2026-09-19,1108,N,nominal,2.0NRT,277.56,1.39,N,VIIRS,1,Montane & Hills
48.3762,-120.81855,297.14,0.59,0.53,2026-09-19,1108,N,nominal,2.0NRT,284.29,0.9,N,VIIRS,1,Montane & Hills
48.37436,-120.81185,314.27,0.59,0.53,2026-09-19,1108,N,nominal,2.0NRT,285.29,2.46,N,VIIRS,1,Montane & Hills
48.3724,-120.80473,306.38,0.59,0.53,2026-09-19,1108,N,nominal,2.0NRT,285.18,2.46,N,VIIRS,1,Montane & Hills
48.37582,-120.83649,295.18,0.59,0.53,2026-09-19,1108,N,nominal,2.0NRT,283.59,1.09,N,VIIRS,1,Montane & Hills
48.36686,-120.80396,295.62,0.59,0.53,2026-09-19,1108,N,nominal,2.0NRT,285.19,1.11,N,VIIRS,1,Montane & Hills
48.3651,-120.85542,300.19,0.59,0.53,2026-09-19,1108,N,nominal,2.0NRT,284.71,1.02,N,VIIRS,1,Montane & Hills
48.36087,-120.85932,300.5,0.59,0.53,2026-09-19,1108,N,nominal,2.0NRT,284.74,1.43,N,VIIRS,1,Montane & Hills
48.35952,-120.85441,298.18,0.59,0.53,2026-09-19,1108,N,nominal,2.0NRT,284.68,1.43,N,VIIRS,1,Montane & Hills
47.56894,-122.33941,295.4,0.53,0.5,2026-09-19,1108,N,nominal,2.0NRT,278.84,0.72,N,VIIRS,1,Montane & Hills
47.46989,-122.04966,298.38,0.55,0.51,2026-09-19,1108,N,nominal,2.0NRT,277.6,1.0,N,VIIRS,1,Montane & Hills
45.63712,-120.22371,296.2,0.38,0.58,2026-09-19,1108,N,nominal,2.0NRT,283.67,0.38,N,VIIRS,1,Montane & Hills
39.62182,-119.2636,295.84,0.63,0.72,2026-09-19,1110,N,nominal,2.0NRT,279.45,1.3,N,VIIRS,1,Montane & Hills
39.6177,-119.26342,300.71,0.63,0.72,2026-09-19,1110,N,nominal,2.0NRT,279.8,1.01,N,VIIRS,1,Montane & Hills
38.72346,-122.065,298.08,0.49,0.65,2026-09-19,1110,N,nominal,2.0NRT,287.85,0.71,N,VIIRS,1,Montane & Hills
37.63125,-119.60381,314.21,0.69,0.75,2026-09-19,1110,N,nominal,2.0NRT,273.38,2.36,N,VIIRS,1,Montane & Hills
37.62904,-119.59704,304.47,0.7,0.75,2026-09-19,1110,N,nominal,2.0NRT,274.72,2.36,N,VIIRS,1,Montane & Hills
37.63048,-119.60141,328.69,0.7,0.75,2026-09-19,1110,N,nominal,2.0NRT,274.55,6.95,N,VIIRS,1,Montane & Hills
37.62426,-119.60548,323.22,0.7,0.75,2026-09-19,1110,N,nominal,2.0NRT,277.74,6.95,N,VIIRS,1,Montane & Hills
37.62218,-119.59899,330.0,0.7,0.75,2026-09-19,1110,N,nominal,2.0NRT,279.28,8.26,N,VIIRS,1,Montane & Hills
37.61997,-119.61559,321.35,0.69,0.75,2026-09-19,1110,N,nominal,2.0NRT,281.08,13.03,N,VIIRS,1,Montane & Hills
37.61804,-119.60959,367.0,0.7,0.75,2026-09-19,1110,N,high,2.0NRT,286.71,13.03,N,VIIRS,1,Montane & Hills
37.61609,-119.6035,344.52,0.7,0.75,2026-09-19,1110,N,nominal,2.0NRT,281.88,8.97,N,VIIRS,1,Montane & Hills
37.61413,-119.59742,299.05,0.7,0.75,2026-09-19,1110,N,nominal,2.0NRT,278.64,8.97,N,VIIRS,1,Montane & Hills
37.61317,-119.61784,337.35,0.69,0.75,2026-09-19,1110,N,nominal,2.0NRT,284.64,13.03,N,VIIRS,1,Montane & Hills
37.61148,-119.61261,337.58,0.7,0.75,2026-09-19,1110,N,nominal,2.0NRT,284.22,13.03,N,VIIRS,1,Montane & Hills
37.60965,-119.60691,329.0,0.7,0.75,2026-09-19,1110,N,nominal,2.0NRT,282.51,8.97,N,VIIRS,1,Montane & Hills
37.61491,-119.62326,305.14,0.69,0.75,2026-09-19,1110,N,nominal,2.0NRT,281.9,8.45,N,VIIRS,1,Montane & Hills
37.6056,-119.59431,307.52,0.7,0.75,2026-09-19,1110,N,nominal,2.0NRT,281.37,2.65,N,VIIRS,1,Montane & Hills
37.60335,-119.58731,300.09,0.7,0.75,2026-09-19,1110,N,nominal,2.0NRT,281.19,2.65,N,VIIRS,1,Montane & Hills
37.60302,-119.60973,331.32,0.7,0.75,2026-09-19,1110,N,nominal,2.0NRT,285.4,5.7,N,VIIRS,1,Montane & Hills
37.59854,-119.59582,341.71,0.7,0.75,2026-09-19,1110,N,nominal,2.0NRT,284.08,4.47,N,VIIRS,1,Montane & Hills
37.60654,-119.62068,298.24,0.69,0.75,2026-09-19,1110,N,nominal,2.0NRT,282.98,4.15,N,VIIRS,1,Montane & Hills
37.60484,-119.61538,303.55,0.7,0.75,2026-09-19,1110,N,nominal,2.0NRT,282.14,4.15,N,VIIRS,1,Montane & Hills
37.60093,-119.60323,306.13,0.7,0.75,2026-09-19,1110,N,nominal,2.0NRT,281.73,5.7,N,VIIRS,1,Montane & Hills
37.59625,-119.5887,302.71,0.7,0.75,2026-09-19,1110,N,nominal,2.0NRT,280.85,4.47,N,VIIRS,1,Montane & Hills
37.59453,-119.60679,297.29,0.7,0.75,2026-09-19,1110,N,nominal,2.0NRT,280.65,5.7,N,VIIRS,1,Montane & Hills
37.59178,-119.59825,313.24,0.7,0.75,2026-09-19,1110,N,nominal,2.0NRT,281.8,4.47,N,VIIRS,1,Montane & Hills
38.01482,-122.11292,299.29,0.51,0.66,2026-09-19,1110,N,nominal,2.0NRT,288.69,1.32,N,VIIRS,1,Montane & Hills
49.08097,-115.10643,332.76,0.45,0.39,2026-09-19,2053,N,nominal,2.0NRT,299.61,4.54,D,VIIRS,1,Montane & Hills
48.34943,-120.84119,336.09,0.39,0.36,2026-09-19,2053,N,nominal,2.0NRT,293.83,5.03,D,VIIRS,1,Montane & Hills
48.36613,-120.80421,334.32,0.39,0.36,2026-09-19,2053,N,nominal,2.0NRT,293.53,3.58,D,VIIRS,1,Montane & Hills
48.35741,-120.85584,334.16,0.39,0.36,2026-09-19,2053,N,nominal,2.0NRT,296.31,4.72,D,VIIRS,1,Montane & Hills
48.36063,-120.85745,339.57,0.39,0.36,2026-09-19,2053,N,nominal,2.0NRT,293.53,4.72,D,VIIRS,1,Montane & Hills
48.37822,-120.81527,332.37,0.39,0.36,2026-09-19,2053,N,nominal,2.0NRT,296.68,2.64,D,VIIRS,1,Montane & Hills
48.37649,-120.8255,326.7,0.39,0.36,2026-09-19,2053,N,nominal,2.0NRT,294.18,3.06,D,VIIRS,1,Montane & Hills
48.37475,-120.83582,325.41,0.39,0.36,2026-09-19,2053,N,low,2.0NRT,295.91,2.8,D,VIIRS,1,Montane & Hills
48.80339,-121.13984,330.38,0.39,0.36,2026-09-19,2053,N,nominal,2.0NRT,294.61,4.33,D,VIIRS,1,Montane & Hills
48.93431,-121.03612,333.39,0.39,0.36,2026-09-19,2053,N,nominal,2.0NRT,294.41,6.0,D,VIIRS,1,Montane & Hills
49.08994,-121.07642,331.68,0.39,0.36,2026-09-19,2053,N,nominal,2.0NRT,296.73,2.02,D,VIIRS,1,Montane & Hills
49.13264,-120.92522,326.87,0.39,0.36,2026-09-19,2053,N,nominal,2.0NRT,298.53,4.69,D,VIIRS,1,Montane & Hills
49.13178,-120.93038,334.49,0.39,0.36,2026-09-19,2053,N,nominal,2.0NRT,301.82,6.81,D,VIIRS,1,Montane & Hills
49.85449,-121.53465,332.78,0.39,0.36,2026-09-19,2055,N,nominal,2.0NRT,297.31,3.37,D,VIIRS,1,Montane & Hills
49.8578,-121.53577,338.76,0.39,0.36,2026-09-19,2055,N,nominal,2.0NRT,300.71,3.67,D,VIIRS,1,Montane & Hills
49.8611,-121.53687,328.19,0.39,0.36,2026-09-19,2055,N,nominal,2.0NRT,299.75,3.67,D,VIIRS,1,Montane & Hills
32.26643,-115.25366,349.33,0.4,0.37,2026-09-19,2049,N,low,2.0NRT,323.47,23.62,D,VIIRS,1,Montane & Hills
32.36915,-115.08218,354.86,0.39,0.36,2026-09-19,2049,N,nominal,2.0NRT,325.55,5.11,D,VIIRS,1,Montane & Hills
32.37179,-115.08709,367.0,0.39,0.36,2026-09-19,2049,N,low,2.0NRT,325.64,5.11,D,VIIRS,1,Montane & Hills
34.33619,-118.51991,331.64,0.48,0.4,2026-09-19,2049,N,low,2.0NRT,303.94,2.0,D,VIIRS,1,Montane & Hills
35.96003,-119.41808,342.96,0.49,0.4,2026-09-19,2051,N,nominal,2.0NRT,313.93,4.36,D,VIIRS,1,Montane & Hills
37.57062,-119.6048,348.18,0.47,0.4,2026-09-19,2051,N,nominal,2.0NRT,309.05,20.65,D,VIIRS,1,Montane & Hills
37.58353,-119.59664,339.74,0.47,0.4,2026-09-19,2051,N,nominal,2.0NRT,304.98,12.4,D,VIIRS,1,Montane & Hills
37.58813,-119.59236,336.91,0.47,0.4,2026-09-19,2051,N,nominal,2.0NRT,303.8,12.4,D,VIIRS,1,Montane & Hills
37.58715,-119.59751,342.47,0.47,0.4,2026-09-19,2051,N,nominal,2.0NRT,306.31,12.4,D,VIIRS,1,Montane & Hills
37.58615,-119.60268,337.36,0.47,0.4,2026-09-19,2051,N,nominal,2.0NRT,306.83,7.61,D,VIIRS,1,Montane & Hills
37.59174,-119.59329,350.31,0.47,0.4,2026-09-19,2051,N,nominal,2.0NRT,299.29,17.97,D,VIIRS,1,Montane & Hills
37.59074,-119.59848,348.7,0.47,0.4,2026-09-19,2051,N,nominal,2.0NRT,304.2,17.97,D,VIIRS,1,Montane & Hills
37.58976,-119.60365,346.35,0.47,0.4,2026-09-19,2051,N,nominal,2.0NRT,310.18,8.12,D,VIIRS,1,Montane & Hills
37.59532,-119.59428,343.04,0.47,0.4,2026-09-19,2051,N,nominal,2.0NRT,300.72,17.97,D,VIIRS,1,Montane & Hills
37.59433,-119.59951,353.53,0.47,0.4,2026-09-19,2051,N,nominal,2.0NRT,299.93,17.97,D,VIIRS,1,Montane & Hills
37.59334,-119.60464,333.45,0.47,0.4,2026-09-19,2051,N,low,2.0NRT,304.7,8.12,D,VIIRS,1,Montane & Hills
37.59998,-119.5897,343.08,0.47,0.4,2026-09-19,2051,N,nominal,2.0NRT,298.39,8.57,D,VIIRS,1,Montane & Hills
37.59893,-119.59518,346.83,0.47,0.4,2026-09-19,2051,N,nominal,2.0NRT,309.6,24.51,D,VIIRS,1,Montane & Hills
37.59692,-119.6057,331.24,0.47,0.4,2026-09-19,2051,N,low,2.0NRT,305.8,12.12,D,VIIRS,1,Montane & Hills
37.59592,-119.61097,332.01,0.47,0.4,2026-09-19,2051,N,low,2.0NRT,305.35,12.12,D,VIIRS,1,Montane & Hills
37.60358,-119.59063,349.22,0.47,0.4,2026-09-19,2051,N,nominal,2.0NRT,299.61,8.57,D,VIIRS,1,Montane & Hills
37.6015,-119.60152,341.15,0.47,0.4,2026-09-19,2051,N,nominal,2.0NRT,296.13,24.51,D,VIIRS,1,Montane & Hills
37.60048,-119.60689,354.13,0.47,0.4,2026-09-19,2051,N,nominal,2.0NRT,311.01,12.12,D,VIIRS,1,Montane & Hills
37.59947,-119.61218,339.4,0.47,0.4,2026-09-19,2051,N,nominal,2.0NRT,302.65,12.12,D,VIIRS,1,Montane & Hills
37.60714,-119.59172,346.06,0.47,0.4,2026-09-19,2051,N,nominal,2.0NRT,303.42,25.14,D,VIIRS,1,Montane & Hills
37.60403,-119.6081,346.21,0.47,0.4,2026-09-19,2051,N,nominal,2.0NRT,315.54,23.53,D,VIIRS,1,Montane & Hills
37.60299,-119.61356,342.87,0.47,0.4,2026-09-19,2051,N,nominal,2.0NRT,302.16,23.53,D,VIIRS,1,Montane & Hills
37.60759,-119.60925,340.33,0.47,0.4,2026-09-19,2051,N,nominal,2.0NRT,296.74,23.53,D,VIIRS,1,Montane & Hills
37.61221,-119.60484,353.13,0.47,0.4,2026-09-19,2051,N,nominal,2.0NRT,303.54,19.84,D,VIIRS,1,Montane & Hills
37.61115,-119.61041,349.11,0.47,0.4,2026-09-19,2051,N,nominal,2.0NRT,305.66,31.08,D,VIIRS,1,Montane & Hills
37.60898,-119.62187,348.85,0.47,0.4,2026-09-19,2051,N,nominal,2.0NRT,299.34,7.29,D,VIIRS,1,Montane & Hills
37.61676,-119.60076,351.65,0.47,0.4,2026-09-19,2051,N,nominal,2.0NRT,306.94,19.84,D,VIIRS,1,Montane & Hills
37.61575,-119.60615,354.01,0.47,0.4,2026-09-19,2051,N,nominal,2.0NRT,302.82,19.84,D,VIIRS,1,Montane & Hills
37.6147,-119.61166,349.38,0.47,0.4,2026-09-19,2051,N,nominal,2.0NRT,319.3,31.08,D,VIIRS,1,Montane & Hills
37.61361,-119.61738,351.16,0.47,0.4,2026-09-19,2051,N,nominal,2.0NRT,308.34,31.08,D,VIIRS,1,Montane & Hills
37.61253,-119.62313,332.3,0.47,0.4,2026-09-19,2051,N,nominal,2.0NRT,296.54,7.29,D,VIIRS,1,Montane & Hills
37.61826,-119.61282,367.0,0.47,0.4,2026-09-19,2051,N,high,2.0NRT,304.14,25.85,D,VIIRS,1,Montane & Hills
37.62029,-119.60213,357.39,0.47,0.4,2026-09-19,2051,N,nominal,2.0NRT,305.02,110.77,D,VIIRS,1,Montane & Hills
37.61718,-119.61855,348.86,0.47,0.4,2026-09-19,2051,N,nominal,2.0NRT,294.78,25.85,D,VIIRS,1,Montane & Hills
37.62382,-119.60342,334.2,0.47,0.4,2026-09-19,2051,N,nominal,2.0NRT,296.41,110.77,D,VIIRS,1,Montane & Hills
37.62838,-119.59934,352.22,0.47,0.4,2026-09-19,2051,N,nominal,2.0NRT,304.92,31.23,D,VIIRS,1,Montane & Hills
38.93726,-112.81625,335.25,0.43,0.38,2026-09-19,2051,N,nominal,2.0NRT,307.54,1.91,D,VIIRS,1,Montane & Hills
38.50042,-121.98904,341.2,0.38,0.43,2026-09-19,2051,N,nominal,2.0NRT,307.62,6.01,D,VIIRS,1,Montane & Hills
38.95103,-121.59569,339.95,0.54,0.42,2026-09-19,2051,N,nominal,2.0NRT,309.79,6.9,D,VIIRS,1,Montane & Hills
39.00082,-122.0079,337.18,0.56,0.43,2026-09-19,2051,N,low,2.0NRT,311.45,4.7,D,VIIRS,1,Montane & Hills
39.08996,-121.69571,337.54,0.54,0.42,2026-09-19,2051,N,nominal,2.0NRT,309.94,4.09,D,VIIRS,1,Montane & Hills
39.08962,-121.69742,334.88,0.54,0.42,2026-09-19,2051,N,nominal,2.0NRT,307.97,5.75,D,VIIRS,1,Montane & Hills
39.18729,-121.63855,335.47,0.54,0.42,2026-09-19,2051,N,nominal,2.0NRT,307.78,5.65,D,VIIRS,1,Montane & Hills
39.19616,-121.65467,345.13,0.54,0.42,2026-09-19,2051,N,nominal,2.0NRT,307.33,6.34,D,VIIRS,1,Montane & Hills
39.37647,-121.69319,341.96,0.54,0.42,2026-09-19,2051,N,low,2.0NRT,314.35,29.88,D,VIIRS,1,Montane & Hills
39.49409,-122.13017,367.0,0.56,0.43,2026-09-19,2051,N,low,2.0NRT,328.47,65.8,D,VIIRS,1,Montane & Hills
39.49794,-122.1315,350.85,0.56,0.43,2026-09-19,2051,N,nominal,2.0NRT,315.03,22.41,D,VIIRS,1,Montane & Hills
39.5018,-122.13284,352.7,0.56,0.43,2026-09-19,2051,N,nominal,2.0NRT,310.11,22.41,D,VIIRS,1,Montane & Hills
42.99212,-123.34071,339.36,0.54,0.42,2026-09-19,2053,N,nominal,2.0NRT,299.09,5.62,D,VIIRS,1,Montane & Hills
49.20504,-121.17049,299.75,0.61,0.71,2026-09-20,907,N,nominal,2.0NRT,282.78,1.08,N,VIIRS,1,Montane & Hills
48.88349,-122.73896,296.32,0.71,0.75,2026-09-20,907,N,nominal,2.0NRT,284.86,1.37,N,VIIRS,1,Montane & Hills
48.88746,-122.74279,297.19,0.71,0.75,2026-09-20,907,N,nominal,2.0NRT,284.72,1.12,N,VIIRS,1,Montane & Hills
48.37486,-120.83547,295.95,0.58,0.7,2026-09-20,907,N,nominal,2.0NRT,284.6,1.32,N,VIIRS,1,Montane & Hills
48.34864,-120.84375,314.13,0.59,0.7,2026-09-20,907,N,nominal,2.0NRT,284.12,1.85,N,VIIRS,1,Montane & Hills
48.34864,-120.83939,304.53,0.58,0.7,2026-09-20,907,N,nominal,2.0NRT,284.6,1.85,N,VIIRS,1,Montane & Hills
44.54337,-117.42149,296.18,0.38,0.59,2026-09-20,909,N,nominal,2.0NRT,283.47,0.39,N,VIIRS,1,Montane & Hills
42.68555,-111.59242,322.06,0.38,0.43,2026-09-20,909,N,nominal,2.0NRT,278.91,1.48,N,VIIRS,1,Montane & Hills
42.68506,-111.58767,295.58,0.38,0.43,2026-09-20,909,N,nominal,2.0NRT,277.0,1.48,N,VIIRS,1,Montane & Hills
40.82271,-114.25436,307.19,0.49,0.49,2026-09-20,909,N,nominal,2.0NRT,282.84,2.14,N,VIIRS,1,Montane & Hills
39.62243,-119.26331,301.88,0.44,0.62,2026-09-20,909,N,nominal,2.0NRT,281.78,0.56,N,VIIRS,1,Montane & Hills
38.93866,-112.81731,319.63,0.4,0.44,2026-09-20,909,N,nominal,2.0NRT,285.93,3.05,N,VIIRS,1,Montane & Hills
37.63177,-119.60126,343.38,0.44,0.63,2026-09-20,911,N,nominal,2.0NRT,279.56,6.85,N,VIIRS,1,Montane & Hills
37.62639,-119.61154,356.98,0.44,0.63,2026-09-20,911,N,nominal,2.0NRT,280.41,16.44,N,VIIRS,1,Montane & Hills
37.62615,-119.6065,357.18,0.44,0.63,2026-09-20,911,N,nominal,2.0NRT,295.33,33.22,N,VIIRS,1,Montane & Hills
37.6259,-119.60107,357.18,0.44,0.63,2026-09-20,911,N,nominal,2.0NRT,291.36,33.22,N,VIIRS,1,Montane & Hills
37.62663,-119.61674,300.55,0.44,0.63,2026-09-20,911,N,nominal,2.0NRT,274.36,16.44,N,VIIRS,1,Montane & Hills
37.62562,-119.59518,304.61,0.44,0.63,2026-09-20,911,N,nominal,2.0NRT,279.39,7.3,N,VIIRS,1,Montane & Hills
37.62054,-119.61185,367.0,0.44,0.63,2026-09-20,911,N,high,2.0NRT,279.91,16.44,N,VIIRS,1,Montane & Hills
37.62028,-119.6062,367.0,0.44,0.63,2026-09-20,911,N,high,2.0NRT,285.02,33.22,N,VIIRS,1,Montane & Hills
37.62001,-119.60046,367.0,0.44,0.63,2026-09-20,911,N,high,2.0NRT,287.08,33.22,N,VIIRS,1,Montane & Hills
37.62084,-119.6184,309.82,0.44,0.63,2026-09-20,911,N,nominal,2.0NRT,271.8,16.44,N,VIIRS,1,Montane & Hills
37.61973,-119.59433,297.03,0.44,0.63,2026-09-20,911,N,nominal,2.0NRT,279.31,7.3,N,VIIRS,1,Montane & Hills
37.61503,-119.61949,334.0,0.44,0.63,2026-09-20,911,N,nominal,2.0NRT,269.77,4.3,N,VIIRS,1,Montane & Hills
37.61438,-119.60537,327.58,0.44,0.63,2026-09-20,911,N,nominal,2.0NRT,276.52,6.07,N,VIIRS,1,Montane & Hills
37.61411,-119.59937,339.68,0.44,0.63,2026-09-20,911,N,nominal,2.0NRT,278.23,6.07,N,VIIRS,1,Montane & Hills
37.61469,-119.61202,319.74,0.44,0.63,2026-09-20,911,N,nominal,2.0NRT,272.4,4.3,N,VIIRS,1,Montane & Hills
37.60884,-119.61235,330.34,0.44,0.63,2026-09-20,911,N,nominal,2.0NRT,273.91,4.3,N,VIIRS,1,Montane & Hills
37.60854,-119.60565,342.41,0.44,0.63,2026-09-20,911,N,nominal,2.0NRT,275.85,6.07,N,VIIRS,1,Montane & Hills
37.60799,-119.59364,329.76,0.44,0.63,2026-09-20,911,N,nominal,2.0NRT,280.86,3.16,N,VIIRS,1,Montane & Hills
37.60918,-119.61992,297.59,0.44,0.63,2026-09-20,911,N,nominal,2.0NRT,273.49,4.3,N,VIIRS,1,Montane & Hills
37.60773,-119.5881,300.48,0.44,0.63,2026-09-20,911,N,nominal,2.0NRT,279.96,3.16,N,VIIRS,1,Montane & Hills
37.60271,-119.60634,334.97,0.44,0.63,2026-09-20,911,N,nominal,2.0NRT,282.13,3.91,N,VIIRS,1,Montane & Hills
37.60218,-119.59455,326.83,0.44,0.63,2026-09-20,911,N,nominal,2.0NRT,282.42,3.83,N,VIIRS,1,Montane & Hills
37.60329,-119.61921,302.33,0.44,0.63,2026-09-20,911,N,nominal,2.0NRT,277.75,2.69,N,VIIRS,1,Montane & Hills
37.60298,-119.61237,319.89,0.44,0.63,2026-09-20,911,N,nominal,2.0NRT,279.78,2.69,N,VIIRS,1,Montane & Hills
37.60244,-119.60037,298.43,0.44,0.63,2026-09-20,911,N,nominal,2.0NRT,280.42,3.91,N,VIIRS,1,Montane & Hills
37.59641,-119.59666,333.99,0.44,0.63,2026-09-20,911,N,nominal,2.0NRT,283.07,3.83,N,VIIRS,1,Montane & Hills
37.59709,-119.61166,302.33,0.44,0.63,2026-09-20,911,N,nominal,2.0NRT,277.66,2.69,N,VIIRS,1,Montane & Hills
37.59662,-119.60127,303.87,0.44,0.63,2026-09-20,911,N,nominal,2.0NRT,281.0,3.91,N,VIIRS,1,Montane & Hills
37.59614,-119.5907,319.91,0.44,0.63,2026-09-20,911,N,nominal,2.0NRT,282.07,3.83,N,VIIRS,1,Montane & Hills
37.59079,-119.60191,323.72,0.44,0.63,2026-09-20,911,N,nominal,2.0NRT,281.36,2.99,N,VIIRS,1,Montane & Hills
37.59058,-119.59728,321.24,0.44,0.63,2026-09-20,911,N,nominal,2.0NRT,282.78,2.58,N,VIIRS,1,Montane & Hills
37.59103,-119.60706,295.31,0.44,0.63,2026-09-20,911,N,nominal,2.0NRT,279.65,2.99,N,VIIRS,1,Montane & Hills
37.59035,-119.59231,318.73,0.44,0.63,2026-09-20,911,N,nominal,2.0NRT,278.77,2.58,N,VIIRS,1,Montane & Hills
37.58477,-119.59836,296.42,0.44,0.63,2026-09-20,911,N,nominal,2.0NRT,278.12,2.58,N,VIIRS,1,Montane & Hills
37.60347,-119.6077,349.97,0.44,0.63,2026-09-20,911,N,nominal,2.0NRT,283.82,3.63,N,VIIRS,1,Montane & Hills
37.60416,-119.62105,298.91,0.44,0.63,2026-09-20,911,N,nominal,2.0NRT,277.48,2.98,N,VIIRS,1,Montane & Hills
37.6038,-119.61396,313.66,0.44,0.63,2026-09-20,911,N,nominal,2.0NRT,279.31,3.63,N,VIIRS,1,Montane & Hills
37.60316,-119.60174,301.11,0.44,0.63,2026-09-20,911,N,nominal,2.0NRT,280.76,3.67,N,VIIRS,1,Montane & Hills
37.60286,-119.59574,318.19,0.44,0.63,2026-09-20,911,N,nominal,2.0NRT,281.71,3.67,N,VIIRS,1,Montane & Hills
37.60256,-119.58994,309.49,0.44,0.63,2026-09-20,911,N,nominal,2.0NRT,280.82,3.91,N,VIIRS,1,Montane & Hills
37.5971,-119.59758,330.77,0.44,0.63,2026-09-20,911,N,nominal,2.0NRT,281.94,3.67,N,VIIRS,1,Montane & Hills
37.5968,-119.59189,329.6,0.44,0.63,2026-09-20,911,N,nominal,2.0NRT,284.0,3.91,N,VIIRS,1,Montane & Hills
37.59788,-119.61292,304.43,0.44,0.63,2026-09-20,911,N,nominal,2.0NRT,278.38,3.63,N,VIIRS,1,Montane & Hills
37.5976,-119.60746,300.12,0.44,0.63,2026-09-20,911,N,nominal,2.0NRT,278.69,3.63,N,VIIRS,1,Montane & Hills
37.59734,-119.60235,300.19,0.44,0.63,2026-09-20,911,N,nominal,2.0NRT,280.66,3.67,N,VIIRS,1,Montane & Hills
37.59151,-119.60291,323.94,0.44,0.63,2026-09-20,911,N,nominal,2.0NRT,281.95,4.47,N,VIIRS,1,Montane & Hills
37.59102,-119.59336,334.66,0.44,0.63,2026-09-20,911,N,nominal,2.0NRT,281.23,2.88,N,VIIRS,1,Montane & Hills
37.59127,-119.59828,309.88,0.44,0.63,2026-09-20,911,N,nominal,2.0NRT,281.24,4.47,N,VIIRS,1,Montane & Hills
37.58523,-119.59454,303.29,0.44,0.63,2026-09-20,911,N,nominal,2.0NRT,276.92,2.88,N,VIIRS,1,Montane & Hills
36.38281,-114.87803,302.86,0.47,0.48,2026-09-20,911,N,nominal,2.0NRT,290.19,0.7,N,VIIRS,1,Montane & Hills
36.3592,-114.91388,302.06,0.47,0.48,2026-09-20,911,N,nominal,2.0NRT,291.53,1.65,N,VIIRS,1,Montane & Hills
35.51648,-113.31484,313.67,0.38,0.43,2026-09-20,911,N,nominal,2.0NRT,284.6,1.58,N,VIIRS,1,Montane & Hills
35.51558,-113.31267,309.86,0.38,0.43,2026-09-20,911,N,nominal,2.0NRT,283.79,1.55,N,VIIRS,1,Montane & Hills
35.26578,-113.94663,295.99,0.41,0.45,2026-09-20,911,N,nominal,2.0NRT,284.36,0.7,N,VIIRS,1,Montane & Hills
34.81828,-118.75043,302.1,0.38,0.58,2026-09-20,911,N,nominal,2.0NRT,287.09,0.75,N,VIIRS,1,Montane & Hills
34.62328,-117.10116,298.39,0.6,0.53,2026-09-20,911,N,nominal,2.0NRT,286.75,1.18,N,VIIRS,1,Montane & Hills
34.60635,-117.34039,303.36,0.62,0.54,2026-09-20,911,N,nominal,2.0NRT,288.39,2.56,N,VIIRS,1,Montane & Hills
34.60707,-117.34097,299.35,0.62,0.54,2026-09-20,911,N,nominal,2.0NRT,287.83,0.66,N,VIIRS,1,Montane & Hills
34.60649,-117.3337,299.69,0.62,0.54,2026-09-20,911,N,nominal,2.0NRT,288.0,1.06,N,VIIRS,1,Montane & Hills
34.42946,-118.64544,297.87,0.37,0.58,2026-09-20,911,N,nominal,2.0NRT,277.54,0.46,N,VIIRS,1,Montane & Hills
34.33688,-118.52001,303.08,0.36,0.57,2026-09-20,911,N,nominal,2.0NRT,279.44,0.72,N,VIIRS,1,Montane & Hills
33.77123,-112.73278,304.84,0.51,0.41,2026-09-20,911,N,nominal,2.0NRT,293.05,0.75,N,VIIRS,1,Montane & Hills
33.41854,-110.86265,328.94,0.43,0.38,2026-09-20,911,N,nominal,2.0NRT,294.56,1.71,N,VIIRS,1,Montane & Hills
33.41793,-110.85809,301.68,0.43,0.38,2026-09-20,911,N,nominal,2.0NRT,290.08,1.71,N,VIIRS,1,Montane & Hills
34.1561,-118.19425,303.77,0.34,0.56,2026-09-20,911,N,nominal,2.0NRT,289.14,0.51,N,VIIRS,1,Montane & Hills
34.15092,-118.19577,302.84,0.34,0.56,2026-09-20,911,N,nominal,2.0NRT,288.21,0.51,N,VIIRS,1,Montane & Hills
34.15616,-118.1951,300.06,0.34,0.56,2026-09-20,911,N,nominal,2.0NRT,289.12,0.43,N,VIIRS,1,Montane & Hills
34.151,-118.19659,301.37,0.34,0.56,2026-09-20,911,N,nominal,2.0NRT,288.27,0.43,N,VIIRS,1,Montane & Hills
33.28008,-111.59122,309.57,0.45,0.39,2026-09-20,911,N,nominal,2.0NRT,294.17,1.16,N,VIIRS,1,Montane & Hills
33.85538,-118.33421,303.1,0.35,0.56,2026-09-20,911,N,nominal,2.0NRT,292.25,1.32,N,VIIRS,1,Montane & Hills
33.79242,-117.47533,298.71,0.62,0.54,2026-09-20,911,N,nominal,2.0NRT,286.71,1.07,N,VIIRS,1,Montane & Hills
33.79302,-117.47413,301.21,0.62,0.54,2026-09-20,911,N,nominal,2.0NRT,287.04,0.77,N,VIIRS,1,Montane & Hills
33.8511,-118.33259,306.04,0.35,0.56,2026-09-20,911,N,nominal,2.0NRT,291.11,1.11,N,VIIRS,1,Montane & Hills
33.81743,-118.23685,300.05,0.34,0.56,2026-09-20,911,N,nominal,2.0NRT,286.31,0.97,N,VIIRS,1,Montane & Hills
32.71635,-114.76077,340.38,0.42,0.45,2026-09-20,913,N,nominal,2.0NRT,297.09,6.69,N,VIIRS,1,Montane & Hills
32.71215,-114.76145,340.51,0.42,0.45,2026-09-20,913,N,nominal,2.0NRT,294.98,9.68,N,VIIRS,1,Montane & Hills
49.31136,-114.00462,295.43,0.34,0.56,2026-09-20,1047,N,nominal,2.0NRT,281.27,0.64,N,VIIRS,1,Montane & Hills
49.42779,-118.05554,298.77,0.45,0.47,2026-09-20,1047,N,nominal,2.0NRT,284.3,1.19,N,VIIRS,1,Montane & Hills
49.85648,-121.53777,302.77,0.5,0.41,2026-09-20,1049,N,nominal,2.0NRT,283.2,1.27,N,VIIRS,1,Montane & Hills
49.67278,-121.20651,296.99,0.51,0.41,2026-09-20,1049,N,nominal,2.0NRT,280.88,0.9,N,VIIRS,1,Montane & Hills
49.08959,-120.97403,307.27,0.54,0.42,2026-09-20,1049,N,nominal,2.0NRT,283.75,2.44,N,VIIRS,1,Montane & Hills
49.08915,-120.97432,306.19,0.54,0.42,2026-09-20,1049,N,nominal,2.0NRT,283.52,1.29,N,VIIRS,1,Montane & Hills
48.94314,-121.02916,295.68,0.54,0.42,2026-09-20,1049,N,nominal,2.0NRT,283.02,1.05,N,VIIRS,1,Montane & Hills
48.9417,-121.02273,306.5,0.54,0.42,2026-09-20,1049,N,nominal,2.0NRT,284.25,1.39,N,VIIRS,1,Montane & Hills
48.93957,-121.03177,296.11,0.54,0.42,2026-09-20,1049,N,nominal,2.0NRT,284.15,1.57,N,VIIRS,1,Montane & Hills
48.9372,-121.03971,302.09,0.54,0.42,2026-09-20,1049,N,nominal,2.0NRT,284.26,1.57,N,VIIRS,1,Montane & Hills
48.93588,-121.03381,316.52,0.54,0.42,2026-09-20,1049,N,nominal,2.0NRT,286.26,1.57,N,VIIRS,1,Montane & Hills
48.93454,-121.02779,295.16,0.54,0.42,2026-09-20,1049,N,nominal,2.0NRT,283.45,0.6,N,VIIRS,1,Montane & Hills
48.932,-121.03498,302.17,0.54,0.42,2026-09-20,1049,N,nominal,2.0NRT,284.12,1.5,N,VIIRS,1,Montane & Hills
48.93079,-121.02956,305.62,0.54,0.42,2026-09-20,1049,N,nominal,2.0NRT,283.25,1.03,N,VIIRS,1,Montane & Hills
48.92934,-121.04161,318.68,0.54,0.42,2026-09-20,1049,N,nominal,2.0NRT,285.38,1.5,N,VIIRS,1,Montane & Hills
48.92812,-121.03613,297.7,0.54,0.42,2026-09-20,1049,N,nominal,2.0NRT,283.78,1.5,N,VIIRS,1,Montane & Hills
48.92679,-121.04877,329.0,0.54,0.42,2026-09-20,1049,N,nominal,2.0NRT,287.09,4.6,N,VIIRS,1,Montane & Hills
48.92547,-121.04284,299.14,0.54,0.42,2026-09-20,1049,N,nominal,2.0NRT,283.46,1.09,N,VIIRS,1,Montane & Hills
48.85165,-121.21524,300.49,0.53,0.42,2026-09-20,1049,N,nominal,2.0NRT,283.71,0.87,N,VIIRS,1,Montane & Hills
48.80635,-121.14165,307.19,0.54,0.42,2026-09-20,1049,N,nominal,2.0NRT,283.29,1.49,N,VIIRS,1,Montane & Hills
49.0995,-123.01772,299.82,0.46,0.39,2026-09-20,1049,N,nominal,2.0NRT,282.77,0.64,N,VIIRS,1,Montane & Hills
48.88745,-122.7337,300.2,0.47,0.4,2026-09-20,1049,N,nominal,2.0NRT,287.48,2.29,N,VIIRS,1,Montane & Hills
48.37726,-120.81378,304.73,0.56,0.43,2026-09-20,1049,N,nominal,2.0NRT,285.75,1.25,N,VIIRS,1,Montane & Hills
48.37564,-120.80675,306.36,0.56,0.43,2026-09-20,1049,N,nominal,2.0NRT,286.37,0.85,N,VIIRS,1,Montane & Hills
48.3769,-120.83065,302.16,0.56,0.43,2026-09-20,1049,N,nominal,2.0NRT,285.46,1.23,N,VIIRS,1,Montane & Hills
48.3753,-120.82371,300.56,0.56,0.43,2026-09-20,1049,N,nominal,2.0NRT,286.25,1.12,N,VIIRS,1,Montane & Hills
48.37215,-120.81,302.85,0.56,0.43,2026-09-20,1049,N,nominal,2.0NRT,287.28,1.48,N,VIIRS,1,Montane & Hills
48.37488,-120.84032,299.1,0.56,0.43,2026-09-20,1049,N,nominal,2.0NRT,284.67,1.23,N,VIIRS,1,Montane & Hills
48.36714,-120.80661,304.27,0.56,0.43,2026-09-20,1049,N,nominal,2.0NRT,287.07,1.48,N,VIIRS,1,Montane & Hills
48.36912,-120.85213,298.83,0.56,0.43,2026-09-20,1049,N,nominal,2.0NRT,284.34,0.8,N,VIIRS,1,Montane & Hills
48.37843,-120.82812,302.0,0.56,0.43,2026-09-20,1049,N,nominal,2.0NRT,284.57,0.62,N,VIIRS,1,Montane & Hills
48.37682,-120.82092,296.19,0.56,0.43,2026-09-20,1049,N,nominal,2.0NRT,285.64,0.62,N,VIIRS,1,Montane & Hills
48.37526,-120.814,308.48,0.56,0.43,2026-09-20,1049,N,nominal,2.0NRT,286.94,1.72,N,VIIRS,1,Montane & Hills
48.37366,-120.80688,311.45,0.56,0.43,2026-09-20,1049,N,nominal,2.0NRT,287.49,1.72,N,VIIRS,1,Montane & Hills
48.37635,-120.83772,299.91,0.56,0.43,2026-09-20,1049,N,nominal,2.0NRT,284.65,0.62,N,VIIRS,1,Montane & Hills
48.36857,-120.80315,306.81,0.56,0.43,2026-09-20,1049,N,nominal,2.0NRT,288.24,2.26,N,VIIRS,1,Montane & Hills
48.3727,-120.84026,295.03,0.56,0.43,2026-09-20,1049,N,nominal,2.0NRT,285.02,0.62,N,VIIRS,1,Montane & Hills
48.36849,-120.8592,295.94,0.56,0.43,2026-09-20,1049,N,nominal,2.0NRT,283.07,0.68,N,VIIRS,1,Montane & Hills
48.36337,-120.85524,303.26,0.56,0.43,2026-09-20,1049,N,nominal,2.0NRT,286.89,2.96,N,VIIRS,1,Montane & Hills
48.35975,-120.85797,331.61,0.56,0.43,2026-09-20,1049,N,nominal,2.0NRT,288.14,2.96,N,VIIRS,1,Montane & Hills
48.35489,-120.85522,297.21,0.56,0.43,2026-09-20,1049,N,nominal,2.0NRT,285.33,1.18,N,VIIRS,1,Montane & Hills
48.34841,-120.84529,296.87,0.56,0.43,2026-09-20,1049,N,nominal,2.0NRT,283.37,0.85,N,VIIRS,1,Montane & Hills
48.46944,-122.55792,295.93,0.49,0.4,2026-09-20,1049,N,nominal,2.0NRT,285.26,0.94,N,VIIRS,1,Montane & Hills
47.56884,-122.34266,303.11,0.51,0.41,2026-09-20,1049,N,nominal,2.0NRT,284.64,1.09,N,VIIRS,1,Montane & Hills
45.64176,-120.22264,297.9,0.46,0.47,2026-09-20,1049,N,nominal,2.0NRT,283.14,0.69,N,VIIRS,1,Montane & Hills
45.63761,-120.22475,296.03,0.46,0.47,2026-09-20,1049,N,nominal,2.0NRT,282.97,0.57,N,VIIRS,1,Montane & Hills
45.64094,-120.22368,301.15,0.46,0.47,2026-09-20,1049,N,nominal,2.0NRT,283.15,1.04,N,VIIRS,1,Montane & Hills
38.93639,-112.81841,302.65,0.79,0.78,2026-09-20,1051,N,nominal,2.0NRT,280.42,2.13,N,VIIRS,1,Montane & Hills
40.18456,-118.54782,304.23,0.39,0.59,2026-09-20,1051,N,nominal,2.0NRT,281.09,0.91,N,VIIRS,1,Montane & Hills
37.62995,-119.60359,367.0,0.4,0.6,2026-09-20,1051,N,high,2.0NRT,284.31,10.12,N,VIIRS,1,Montane & Hills
37.62882,-119.59949,367.0,0.4,0.6,2026-09-20,1051,N,high,2.0NRT,281.56,11.8,N,VIIRS,1,Montane & Hills
37.6312,-119.60815,307.78,0.4,0.6,2026-09-20,1051,N,nominal,2.0NRT,274.97,10.12,N,VIIRS,1,Montane & Hills
37.62598,-119.61069,367.0,0.4,0.6,2026-09-20,1051,N,high,2.0NRT,293.52,26.41,N,VIIRS,1,Montane & Hills
37.62477,-119.60632,352.58,0.4,0.6,2026-09-20,1051,N,nominal,2.0NRT,293.57,26.41,N,VIIRS,1,Montane & Hills
37.62365,-119.6022,367.0,0.4,0.6,2026-09-20,1051,N,high,2.0NRT,283.97,11.53,N,VIIRS,1,Montane & Hills
37.62721,-119.61517,297.92,0.4,0.6,2026-09-20,1051,N,nominal,2.0NRT,278.15,21.25,N,VIIRS,1,Montane & Hills
37.62259,-119.59835,304.47,0.4,0.6,2026-09-20,1051,N,nominal,2.0NRT,278.61,11.53,N,VIIRS,1,Montane & Hills
37.6207,-119.61301,367.0,0.4,0.6,2026-09-20,1051,N,high,2.0NRT,283.0,26.41,N,VIIRS,1,Montane & Hills
37.61963,-119.6091,345.75,0.4,0.6,2026-09-20,1051,N,nominal,2.0NRT,282.33,26.41,N,VIIRS,1,Montane & Hills
37.61852,-119.60511,346.13,0.4,0.6,2026-09-20,1051,N,nominal,2.0NRT,282.12,11.53,N,VIIRS,1,Montane & Hills
37.61749,-119.60135,367.0,0.4,0.6,2026-09-20,1051,N,high,2.0NRT,287.24,11.53,N,VIIRS,1,Montane & Hills
37.61646,-119.59758,301.11,0.4,0.6,2026-09-20,1051,N,nominal,2.0NRT,278.35,6.46,N,VIIRS,1,Montane & Hills
37.61725,-119.62199,331.06,0.4,0.6,2026-09-20,1051,N,nominal,2.0NRT,283.26,6.09,N,VIIRS,1,Montane & Hills
37.61626,-119.61842,349.24,0.4,0.6,2026-09-20,1051,N,nominal,2.0NRT,284.43,6.09,N,VIIRS,1,Montane & Hills
37.61531,-119.61496,367.0,0.4,0.6,2026-09-20,1051,N,high,2.0NRT,286.0,7.27,N,VIIRS,1,Montane & Hills
37.61337,-119.60791,367.0,0.4,0.6,2026-09-20,1051,N,high,2.0NRT,283.69,9.26,N,VIIRS,1,Montane & Hills
37.61235,-119.60419,336.44,0.4,0.6,2026-09-20,1051,N,nominal,2.0NRT,280.75,9.26,N,VIIRS,1,Montane & Hills
37.61436,-119.61147,311.63,0.4,0.6,2026-09-20,1051,N,nominal,2.0NRT,279.22,7.27,N,VIIRS,1,Montane & Hills
37.60909,-119.59235,317.63,0.4,0.6,2026-09-20,1051,N,nominal,2.0NRT,278.71,1.72,N,VIIRS,1,Montane & Hills
37.60799,-119.60988,367.0,0.4,0.6,2026-09-20,1051,N,high,2.0NRT,283.69,9.26,N,VIIRS,1,Montane & Hills
37.60695,-119.60611,367.0,0.4,0.6,2026-09-20,1051,N,high,2.0NRT,286.34,9.26,N,VIIRS,1,Montane & Hills
37.6118,-119.62365,310.97,0.4,0.6,2026-09-20,1051,N,nominal,2.0NRT,281.94,6.09,N,VIIRS,1,Montane & Hills
37.60899,-119.61347,307.09,0.4,0.6,2026-09-20,1051,N,nominal,2.0NRT,278.99,7.27,N,VIIRS,1,Montane & Hills
37.6059,-119.60228,302.41,0.4,0.6,2026-09-20,1051,N,nominal,2.0NRT,278.31,3.48,N,VIIRS,1,Montane & Hills
37.60484,-119.59844,304.42,0.4,0.6,2026-09-20,1051,N,nominal,2.0NRT,278.99,3.48,N,VIIRS,1,Montane & Hills
37.60375,-119.59447,300.03,0.4,0.6,2026-09-20,1051,N,nominal,2.0NRT,278.1,1.72,N,VIIRS,1,Montane & Hills
37.60262,-119.59037,309.15,0.4,0.6,2026-09-20,1051,N,nominal,2.0NRT,278.36,1.72,N,VIIRS,1,Montane & Hills
37.59936,-119.60005,321.4,0.4,0.6,2026-09-20,1051,N,nominal,2.0NRT,279.18,3.39,N,VIIRS,1,Montane & Hills
37.59815,-119.59567,343.95,0.4,0.6,2026-09-20,1051,N,nominal,2.0NRT,283.93,4.48,N,VIIRS,1,Montane & Hills
37.597,-119.59149,343.84,0.4,0.6,2026-09-20,1051,N,nominal,2.0NRT,281.0,4.48,N,VIIRS,1,Montane & Hills
37.60651,-119.62595,297.86,0.4,0.6,2026-09-20,1051,N,nominal,2.0NRT,278.49,1.09,N,VIIRS,1,Montane & Hills
37.60555,-119.62248,303.3,0.4,0.6,2026-09-20,1051,N,nominal,2.0NRT,278.58,1.09,N,VIIRS,1,Montane & Hills
37.60367,-119.61565,306.19,0.4,0.6,2026-09-20,1051,N,nominal,2.0NRT,279.66,3.16,N,VIIRS,1,Montane & Hills
37.6027,-119.61213,311.13,0.4,0.6,2026-09-20,1051,N,nominal,2.0NRT,280.28,2.78,N,VIIRS,1,Montane & Hills
37.60164,-119.60831,319.85,0.4,0.6,2026-09-20,1051,N,nominal,2.0NRT,280.04,2.78,N,VIIRS,1,Montane & Hills
37.60054,-119.60429,296.0,0.4,0.6,2026-09-20,1051,N,nominal,2.0NRT,277.66,3.39,N,VIIRS,1,Montane & Hills
37.59271,-119.59744,327.31,0.4,0.6,2026-09-20,1051,N,nominal,2.0NRT,281.07,4.48,N,VIIRS,1,Montane & Hills
37.59403,-119.6022,309.05,0.4,0.6,2026-09-20,1051,N,nominal,2.0NRT,278.87,3.39,N,VIIRS,1,Montane & Hills
37.59143,-119.59283,307.34,0.4,0.6,2026-09-20,1051,N,nominal,2.0NRT,278.29,4.48,N,VIIRS,1,Montane & Hills
37.61998,-119.61061,367.0,0.4,0.6,2026-09-20,1051,N,high,2.0NRT,283.61,10.02,N,VIIRS,1,Montane & Hills
37.6189,-119.6066,345.22,0.4,0.6,2026-09-20,1051,N,nominal,2.0NRT,282.31,10.02,N,VIIRS,1,Montane & Hills
37.61787,-119.60275,367.0,0.4,0.6,2026-09-20,1051,N,high,2.0NRT,286.09,8.55,N,VIIRS,1,Montane & Hills
37.61685,-119.59898,341.2,0.4,0.6,2026-09-20,1051,N,nominal,2.0NRT,280.46,8.55,N,VIIRS,1,Montane & Hills
37.62101,-119.61443,319.51,0.4,0.6,2026-09-20,1051,N,nominal,2.0NRT,279.93,10.0,N,VIIRS,1,Montane & Hills
37.61654,-119.61977,347.83,0.4,0.6,2026-09-20,1051,N,nominal,2.0NRT,284.76,10.0,N,VIIRS,1,Montane & Hills
37.6156,-119.61626,367.0,0.4,0.6,2026-09-20,1051,N,high,2.0NRT,285.52,10.0,N,VIIRS,1,Montane & Hills
37.61467,-119.61282,325.16,0.4,0.6,2026-09-20,1051,N,nominal,2.0NRT,280.82,10.02,N,VIIRS,1,Montane & Hills
37.61372,-119.60929,332.14,0.4,0.6,2026-09-20,1051,N,nominal,2.0NRT,280.15,10.02,N,VIIRS,1,Montane & Hills
37.61272,-119.6056,353.95,0.4,0.6,2026-09-20,1051,N,nominal,2.0NRT,283.0,8.55,N,VIIRS,1,Montane & Hills
37.61752,-119.62339,299.05,0.4,0.6,2026-09-20,1051,N,nominal,2.0NRT,280.42,4.46,N,VIIRS,1,Montane & Hills
37.61171,-119.60184,301.95,0.4,0.6,2026-09-20,1051,N,nominal,2.0NRT,277.79,8.55,N,VIIRS,1,Montane & Hills
37.60844,-119.5897,317.4,0.4,0.6,2026-09-20,1051,N,nominal,2.0NRT,279.66,1.77,N,VIIRS,1,Montane & Hills
37.60835,-119.6113,333.55,0.4,0.6,2026-09-20,1051,N,nominal,2.0NRT,280.42,4.77,N,VIIRS,1,Montane & Hills
37.60734,-119.60757,367.0,0.4,0.6,2026-09-20,1051,N,high,2.0NRT,288.02,5.94,N,VIIRS,1,Montane & Hills
37.60631,-119.60373,329.91,0.4,0.6,2026-09-20,1051,N,nominal,2.0NRT,279.47,5.94,N,VIIRS,1,Montane & Hills
37.61205,-119.625,306.26,0.4,0.6,2026-09-20,1051,N,nominal,2.0NRT,279.95,2.06,N,VIIRS,1,Montane & Hills
37.61111,-119.62154,296.64,0.4,0.6,2026-09-20,1051,N,nominal,2.0NRT,280.1,1.01,N,VIIRS,1,Montane & Hills
37.60423,-119.59601,310.02,0.4,0.6,2026-09-20,1051,N,nominal,2.0NRT,279.29,4.17,N,VIIRS,1,Montane & Hills
37.60313,-119.59191,304.56,0.4,0.6,2026-09-20,1051,N,nominal,2.0NRT,278.17,3.99,N,VIIRS,1,Montane & Hills
37.59867,-119.59731,338.38,0.4,0.6,2026-09-20,1051,N,nominal,2.0NRT,280.97,4.17,N,VIIRS,1,Montane & Hills
37.59752,-119.59305,354.27,0.4,0.6,2026-09-20,1051,N,nominal,2.0NRT,285.65,3.99,N,VIIRS,1,Montane & Hills
37.60583,-119.62383,299.99,0.4,0.6,2026-09-20,1051,N,nominal,2.0NRT,277.91,1.01,N,VIIRS,1,Montane & Hills
37.60491,-119.62042,297.85,0.4,0.6,2026-09-20,1051,N,nominal,2.0NRT,278.09,1.01,N,VIIRS,1,Montane & Hills
37.60398,-119.617,299.99,0.4,0.6,2026-09-20,1051,N,nominal,2.0NRT,278.53,4.77,N,VIIRS,1,Montane & Hills
37.60305,-119.61356,306.02,0.4,0.6,2026-09-20,1051,N,nominal,2.0NRT,279.51,4.77,N,VIIRS,1,Montane & Hills
37.60204,-119.60981,317.67,0.4,0.6,2026-09-20,1051,N,nominal,2.0NRT,280.22,5.94,N,VIIRS,1,Montane & Hills
37.60098,-119.60589,308.35,0.4,0.6,2026-09-20,1051,N,nominal,2.0NRT,278.66,5.94,N,VIIRS,1,Montane & Hills
37.59985,-119.60171,296.05,0.4,0.6,2026-09-20,1051,N,nominal,2.0NRT,277.33,4.17,N,VIIRS,1,Montane & Hills
37.59639,-119.58888,308.1,0.4,0.6,2026-09-20,1051,N,nominal,2.0NRT,277.75,3.99,N,VIIRS,1,Montane & Hills
37.59201,-119.59455,331.42,0.4,0.6,2026-09-20,1051,N,nominal,2.0NRT,281.08,2.23,N,VIIRS,1,Montane & Hills
37.59456,-119.60399,298.35,0.4,0.6,2026-09-20,1051,N,nominal,2.0NRT,278.5,2.0,N,VIIRS,1,Montane & Hills
37.59327,-119.59924,312.36,0.4,0.6,2026-09-20,1051,N,nominal,2.0NRT,280.18,2.0,N,VIIRS,1,Montane & Hills
37.58795,-119.60142,300.86,0.4,0.6,2026-09-20,1051,N,nominal,2.0NRT,279.43,2.0,N,VIIRS,1,Montane & Hills
37.58663,-119.59652,296.19,0.4,0.6,2026-09-20,1051,N,nominal,2.0NRT,279.19,2.23,N,VIIRS,1,Montane & Hills
37.58158,-119.62158,297.64,0.4,0.6,2026-09-20,1051,N,nominal,2.0NRT,280.94,0.78,N,VIIRS,1,Montane & Hills
34.60662,-117.33602,297.46,0.63,0.72,2026-09-20,1051,N,nominal,2.0NRT,270.81,0.96,N,VIIRS,1,Montane & Hills
34.61008,-117.33705,297.25,0.63,0.72,2026-09-20,1051,N,nominal,2.0NRT,270.75,0.9,N,VIIRS,1,Montane & Hills
48.34828,-120.83763,342.39,0.52,0.41,2026-09-20,2036,N,nominal,2.0NRT,293.75,7.1,D,VIIRS,1,Montane & Hills
48.34713,-120.84303,345.53,0.52,0.41,2026-09-20,2036,N,nominal,2.0NRT,294.67,7.19,D,VIIRS,1,Montane & Hills
48.37541,-120.80505,325.09,0.51,0.41,2026-09-20,2036,N,nominal,2.0NRT,293.08,6.57,D,VIIRS,1,Montane & Hills
49.43679,-118.05925,338.05,0.41,0.37,2026-09-20,2036,N,nominal,2.0NRT,298.27,4.57,D,VIIRS,1,Montane & Hills
49.44018,-118.06036,332.17,0.41,0.37,2026-09-20,2036,N,nominal,2.0NRT,296.29,4.57,D,VIIRS,1,Montane & Hills
48.93445,-121.03154,333.03,0.51,0.41,2026-09-20,2036,N,nominal,2.0NRT,295.62,6.5,D,VIIRS,1,Montane & Hills
48.67154,-123.41918,342.49,0.42,0.46,2026-09-20,2036,N,nominal,2.0NRT,291.51,2.7,D,VIIRS,1,Montane & Hills
49.68744,-121.31389,340.67,0.5,0.41,2026-09-20,2036,N,nominal,2.0NRT,295.69,7.21,D,VIIRS,1,Montane & Hills
49.69417,-121.30106,367.0,0.5,0.41,2026-09-20,2036,N,low,2.0NRT,327.77,63.41,D,VIIRS,1,Montane & Hills
49.69273,-121.30788,296.15,0.5,0.41,2026-09-20,2036,N,low,2.0NRT,298.58,63.41,D,VIIRS,1,Montane & Hills
49.69781,-121.30275,337.7,0.5,0.41,2026-09-20,2036,N,nominal,2.0NRT,295.78,63.41,D,VIIRS,1,Montane & Hills
49.69646,-121.30914,325.46,0.5,0.41,2026-09-20,2036,N,nominal,2.0NRT,294.2,63.41,D,VIIRS,1,Montane & Hills
49.81788,-121.20757,340.56,0.5,0.41,2026-09-20,2036,N,nominal,2.0NRT,294.32,6.59,D,VIIRS,1,Montane & Hills
49.86003,-121.53761,334.53,0.51,0.41,2026-09-20,2036,N,nominal,2.0NRT,302.2,4.47,D,VIIRS,1,Montane & Hills
33.42734,-111.82538,342.51,0.42,0.37,2026-09-20,2032,N,nominal,2.0NRT,311.65,3.13,D,VIIRS,1,Montane & Hills
33.43448,-112.3597,341.42,0.43,0.38,2026-09-20,2032,N,nominal,2.0NRT,304.99,1.8,D,VIIRS,1,Montane & Hills
38.16521,-113.29757,337.99,0.41,0.37,2026-09-20,2032,N,low,2.0NRT,312.6,2.3,D,VIIRS,1,Montane & Hills
40.6177,-110.99338,343.63,0.39,0.36,2026-09-20,2034,N,nominal,2.0NRT,291.34,6.72,D,VIIRS,1,Montane & Hills
40.62097,-110.99424,344.03,0.39,0.36,2026-09-20,2034,N,nominal,2.0NRT,292.18,6.72,D,VIIRS,1,Montane & Hills
40.62425,-110.99509,347.19,0.39,0.36,2026-09-20,2034,N,nominal,2.0NRT,292.22,6.62,D,VIIRS,1,Montane & Hills
40.62753,-110.99595,345.92,0.39,0.36,2026-09-20,2034,N,nominal,2.0NRT,288.5,6.62,D,VIIRS,1,Montane & Hills
40.62686,-111.00046,352.03,0.39,0.36,2026-09-20,2034,N,nominal,2.0NRT,291.2,6.62,D,VIIRS,1,Montane & Hills
40.63081,-110.99681,330.14,0.39,0.36,2026-09-20,2034,N,nominal,2.0NRT,289.73,4.38,D,VIIRS,1,Montane & Hills
39.44267,-122.03008,341.37,0.63,0.54,2026-09-20,2034,N,nominal,2.0NRT,267.84,12.15,D,VIIRS,1,Montane & Hills
39.44748,-122.0321,343.49,0.63,0.54,2026-09-20,2034,N,nominal,2.0NRT,271.37,12.15,D,VIIRS,1,Montane & Hills
39.44567,-122.03925,356.68,0.63,0.54,2026-09-20,2034,N,low,2.0NRT,273.31,27.41,D,VIIRS,1,Montane & Hills
39.45049,-122.04129,328.74,0.63,0.54,2026-09-20,2034,N,nominal,2.0NRT,271.81,6.31,D,VIIRS,1,Montane & Hills
42.5473,-114.70954,343.79,0.41,0.37,2026-09-20,2034,N,nominal,2.0NRT,298.96,2.72,D,VIIRS,1,Montane & Hills
47.88473,-120.57894,330.91,0.52,0.41,2026-09-20,2036,N,nominal,2.0NRT,294.53,1.6,D,VIIRS,1,Montane & Hills
43.15026,-123.21021,329.37,0.48,0.65,2026-09-20,2216,N,low,2.0NRT,300.75,14.34,D,VIIRS,1,Montane & Hills
43.14996,-123.22048,335.54,0.48,0.64,2026-09-20,2216,N,nominal,2.0NRT,301.31,5.71,D,VIIRS,1,Montane & Hills
43.15601,-123.22014,347.42,0.48,0.64,2026-09-20,2216,N,nominal,2.0NRT,302.41,5.71,D,VIIRS,1,Montane & Hills
43.1511,-123.21272,337.49,0.48,0.65,2026-09-20,2216,N,nominal,2.0NRT,299.79,7.03,D,VIIRS,1,Montane & Hills
43.15098,-123.21787,349.49,0.48,0.65,2026-09-20,2216,N,nominal,2.0NRT,301.62,5.48,D,VIIRS,1,Montane & Hills
43.15084,-123.22335,325.72,0.48,0.65,2026-09-20,2216,N,low,2.0NRT,300.47,5.48,D,VIIRS,1,Montane & Hills
48.04842,-120.83304,327.44,0.65,0.73,2026-09-20,2216,N,nominal,2.0NRT,294.16,2.76,D,VIIRS,1,Montane & Hills
48.44255,-124.12071,329.59,0.46,0.64,2026-09-20,2216,N,nominal,2.0NRT,290.37,4.45,D,VIIRS,1,Montane & Hills
48.44512,-124.12334,332.41,0.46,0.64,2026-09-20,2216,N,nominal,2.0NRT,290.04,4.23,D,VIIRS,1,Montane & Hills
48.7981,-121.19014,356.26,0.63,0.72,2026-09-20,2216,N,nominal,2.0NRT,295.97,9.49,D,VIIRS,1,Montane & Hills
48.93381,-121.02609,337.35,0.64,0.72,2026-09-20,2216,N,nominal,2.0NRT,293.92,10.67,D,VIIRS,1,Montane & Hills
48.93386,-121.03117,351.81,0.64,0.72,2026-09-20,2216,N,nominal,2.0NRT,297.63,10.67,D,VIIRS,1,Montane & Hills
48.92778,-121.03143,326.85,0.64,0.72,2026-09-20,2216,N,low,2.0NRT,296.95,9.59,D,VIIRS,1,Montane & Hills
48.93451,-121.02634,347.34,0.64,0.72,2026-09-20,2216,N,nominal,2.0NRT,294.23,15.85,D,VIIRS,1,Montane & Hills
48.93457,-121.03172,340.97,0.64,0.72,2026-09-20,2216,N,nominal,2.0NRT,296.36,9.59,D,VIIRS,1,Montane & Hills
49.02732,-124.54247,367.0,0.45,0.63,2026-09-20,2216,N,high,2.0NRT,299.81,14.53,D,VIIRS,1,Montane & Hills
49.02724,-124.5462,367.0,0.45,0.63,2026-09-20,2216,N,high,2.0NRT,296.17,14.53,D,VIIRS,1,Montane & Hills
49.08368,-120.99114,334.1,0.65,0.73,2026-09-20,2216,N,nominal,2.0NRT,294.49,4.59,D,VIIRS,1,Montane & Hills
49.02577,-124.54337,367.0,0.45,0.63,2026-09-20,2216,N,high,2.0NRT,301.7,17.57,D,VIIRS,1,Montane & Hills
49.02583,-124.54022,335.37,0.45,0.63,2026-09-20,2216,N,nominal,2.0NRT,290.05,17.57,D,VIIRS,1,Montane & Hills
49.0257,-124.54742,344.46,0.45,0.63,2026-09-20,2216,N,nominal,2.0NRT,294.44,12.05,D,VIIRS,1,Montane & Hills
49.08468,-120.9902,326.91,0.65,0.73,2026-09-20,2216,N,nominal,2.0NRT,293.01,6.02,D,VIIRS,1,Montane & Hills
49.09113,-120.96076,367.0,0.65,0.73,2026-09-20,2216,N,high,2.0NRT,305.93,57.29,D,VIIRS,1,Montane & Hills
49.09121,-120.96725,355.41,0.65,0.73,2026-09-20,2216,N,nominal,2.0NRT,297.38,57.29,D,VIIRS,1,Montane & Hills
49.09127,-120.97246,328.15,0.65,0.73,2026-09-20,2216,N,nominal,2.0NRT,292.74,13.34,D,VIIRS,1,Montane & Hills
49.11742,-124.6507,367.0,0.44,0.62,2026-09-20,2216,N,high,2.0NRT,297.71,12.09,D,VIIRS,1,Montane & Hills
49.67491,-121.20815,342.82,0.63,0.72,2026-09-20,2216,N,nominal,2.0NRT,299.74,7.01,D,VIIRS,1,Montane & Hills
49.6887,-121.24487,327.25,0.63,0.72,2026-09-20,2216,N,nominal,2.0NRT,294.81,4.9,D,VIIRS,1,Montane & Hills
49.69582,-121.29566,348.61,0.63,0.72,2026-09-20,2216,N,nominal,2.0NRT,294.7,10.77,D,VIIRS,1,Montane & Hills
49.66978,-121.20731,325.19,0.63,0.72,2026-09-20,2216,N,nominal,2.0NRT,295.52,2.54,D,VIIRS,1,Montane & Hills
49.6766,-121.2121,329.87,0.63,0.72,2026-09-20,2216,N,nominal,2.0NRT,299.15,6.25,D,VIIRS,1,Montane & Hills
49.69112,-121.29663,347.09,0.63,0.72,2026-09-20,2216,N,nominal,2.0NRT,296.64,10.42,D,VIIRS,1,Montane & Hills
49.84961,-121.52451,367.0,0.61,0.71,2026-09-20,2216,N,high,2.0NRT,300.96,21.47,D,VIIRS,1,Montane & Hills
49.84969,-121.53381,341.05,0.61,0.71,2026-09-20,2216,N,nominal,2.0NRT,297.54,21.47,D,VIIRS,1,Montane & Hills
49.85623,-121.51717,367.0,0.61,0.71,2026-09-20,2216,N,high,2.0NRT,302.47,68.18,D,VIIRS,1,Montane & Hills
49.85635,-121.53389,349.87,0.61,0.71,2026-09-20,2216,N,nominal,2.0NRT,306.26,21.47,D,VIIRS,1,Montane & Hills
49.85643,-121.54577,337.63,0.61,0.71,2026-09-20,2216,N,nominal,2.0NRT,292.31,21.47,D,VIIRS,1,Montane & Hills
49.86306,-121.54001,325.3,0.61,0.71,2026-09-20,2216,N,nominal,2.0NRT,291.36,2.45,D,VIIRS,1,Montane & Hills
49.85957,-121.53562,341.18,0.61,0.71,2026-09-20,2216,N,nominal,2.0NRT,296.99,9.15,D,VIIRS,1,Montane & Hills
47.33384,-116.9954,295.12,0.64,0.72,2026-09-21,850,N,nominal,2.0NRT,279.51,1.06,N,VIIRS,1,Montane & Hills
47.33271,-117.00056,303.52,0.64,0.72,2026-09-21,850,N,nominal,2.0NRT,279.64,1.42,N,VIIRS,1,Montane & Hills
45.94468,-111.47562,295.35,0.34,0.56,2026-09-21,850,N,nominal,2.0NRT,281.52,0.63,N,VIIRS,1,Montane & Hills
42.68892,-111.59315,310.09,0.33,0.55,2026-09-21,852,N,nominal,2.0NRT,278.96,1.87,N,VIIRS,1,Montane & Hills
42.6838,-111.59385,327.84,0.33,0.55,2026-09-21,852,N,nominal,2.0NRT,278.56,1.87,N,VIIRS,1,Montane & Hills
40.8375,-111.91962,299.45,0.33,0.55,2026-09-21,852,N,nominal,2.0NRT,285.65,0.48,N,VIIRS,1,Montane & Hills
40.82359,-114.25481,296.97,0.44,0.62,2026-09-21,852,N,nominal,2.0NRT,282.35,1.4,N,VIIRS,1,Montane & Hills
36.35971,-114.91173,309.83,0.44,0.62,2026-09-21,852,N,nominal,2.0NRT,289.37,1.84,N,VIIRS,1,Montane & Hills
34.60508,-117.33769,302.31,0.58,0.7,2026-09-21,854,N,nominal,2.0NRT,287.1,1.08,N,VIIRS,1,Montane & Hills
33.41839,-110.8649,340.03,0.48,0.48,2026-09-21,854,N,nominal,2.0NRT,290.34,27.01,N,VIIRS,1,Montane & Hills
33.41792,-110.85986,308.82,0.48,0.48,2026-09-21,854,N,nominal,2.0NRT,285.6,5.9,N,VIIRS,1,Montane & Hills
33.41347,-110.8606,301.4,0.48,0.48,2026-09-21,854,N,nominal,2.0NRT,286.63,1.06,N,VIIRS,1,Montane & Hills
49.44487,-118.06847,299.55,0.46,0.39,2026-09-21,1030,N,nominal,2.0NRT,284.63,0.82,N,VIIRS,1,Montane & Hills
49.44126,-118.06948,301.37,0.46,0.39,2026-09-21,1030,N,nominal,2.0NRT,285.43,0.82,N,VIIRS,1,Montane & Hills
49.44014,-118.06393,307.29,0.46,0.39,2026-09-21,1030,N,nominal,2.0NRT,286.15,2.06,N,VIIRS,1,Montane & Hills
49.43763,-118.0704,322.46,0.46,0.39,2026-09-21,1030,N,nominal,2.0NRT,287.33,3.51,N,VIIRS,1,Montane & Hills
49.43652,-118.06492,312.85,0.46,0.39,2026-09-21,1030,N,nominal,2.0NRT,287.55,1.33,N,VIIRS,1,Montane & Hills
49.43528,-118.05881,297.44,0.46,0.39,2026-09-21,1030,N,nominal,2.0NRT,285.19,1.33,N,VIIRS,1,Montane & Hills
49.43289,-118.06583,319.54,0.46,0.39,2026-09-21,1030,N,nominal,2.0NRT,287.32,1.33,N,VIIRS,1,Montane & Hills
49.43171,-118.06003,302.96,0.46,0.39,2026-09-21,1030,N,nominal,2.0NRT,286.51,1.33,N,VIIRS,1,Montane & Hills
49.42811,-118.06112,303.5,0.46,0.39,2026-09-21,1030,N,nominal,2.0NRT,285.75,1.65,N,VIIRS,1,Montane & Hills
49.42688,-118.05508,296.24,0.46,0.39,2026-09-21,1030,N,nominal,2.0NRT,285.39,0.65,N,VIIRS,1,Montane & Hills
49.4233,-118.05623,303.43,0.46,0.39,2026-09-21,1030,N,nominal,2.0NRT,285.32,0.65,N,VIIRS,1,Montane & Hills
49.91678,-121.54243,313.31,0.39,0.36,2026-09-21,1030,N,nominal,2.0NRT,276.08,1.53,N,VIIRS,1,Montane & Hills
49.86283,-121.54343,308.45,0.39,0.36,2026-09-21,1030,N,nominal,2.0NRT,282.26,0.89,N,VIIRS,1,Montane & Hills
49.85863,-121.53924,326.25,0.39,0.36,2026-09-21,1030,N,nominal,2.0NRT,284.45,2.93,N,VIIRS,1,Montane & Hills
49.85956,-121.54468,302.69,0.39,0.36,2026-09-21,1030,N,nominal,2.0NRT,280.74,0.89,N,VIIRS,1,Montane & Hills
49.85682,-121.52853,303.89,0.39,0.36,2026-09-21,1030,N,nominal,2.0NRT,281.83,0.6,N,VIIRS,1,Montane & Hills
49.85443,-121.535,325.51,0.39,0.36,2026-09-21,1030,N,nominal,2.0NRT,286.6,2.31,N,VIIRS,1,Montane & Hills
49.85354,-121.52975,327.97,0.39,0.36,2026-09-21,1030,N,nominal,2.0NRT,286.88,4.31,N,VIIRS,1,Montane & Hills
49.85534,-121.54036,300.15,0.39,0.36,2026-09-21,1030,N,nominal,2.0NRT,282.31,2.31,N,VIIRS,1,Montane & Hills
49.85113,-121.53609,319.98,0.39,0.36,2026-09-21,1030,N,nominal,2.0NRT,284.13,2.31,N,VIIRS,1,Montane & Hills
48.89277,-116.60645,309.03,0.52,0.42,2026-09-21,1030,N,nominal,2.0NRT,283.97,1.39,N,VIIRS,1,Montane & Hills
49.68329,-121.14105,297.32,0.39,0.36,2026-09-21,1030,N,nominal,2.0NRT,283.85,0.55,N,VIIRS,1,Montane & Hills
49.69191,-121.2512,299.7,0.39,0.36,2026-09-21,1030,N,nominal,2.0NRT,284.18,0.88,N,VIIRS,1,Montane & Hills
49.69688,-121.30019,304.95,0.39,0.36,2026-09-21,1030,N,nominal,2.0NRT,284.8,0.94,N,VIIRS,1,Montane & Hills
49.6886,-121.25234,301.93,0.39,0.36,2026-09-21,1030,N,nominal,2.0NRT,285.59,1.1,N,VIIRS,1,Montane & Hills
49.69453,-121.30685,300.45,0.39,0.36,2026-09-21,1030,N,nominal,2.0NRT,284.23,0.94,N,VIIRS,1,Montane & Hills
49.6936,-121.30147,308.98,0.39,0.36,2026-09-21,1030,N,nominal,2.0NRT,284.7,0.94,N,VIIRS,1,Montane & Hills
49.69124,-121.30804,295.79,0.39,0.36,2026-09-21,1030,N,nominal,2.0NRT,285.02,0.71,N,VIIRS,1,Montane & Hills
49.67377,-121.20721,302.81,0.39,0.36,2026-09-21,1030,N,nominal,2.0NRT,284.66,0.75,N,VIIRS,1,Montane & Hills
49.68794,-121.3092,307.31,0.39,0.36,2026-09-21,1030,N,nominal,2.0NRT,284.97,0.71,N,VIIRS,1,Montane & Hills
49.68557,-121.31573,309.65,0.39,0.36,2026-09-21,1030,N,nominal,2.0NRT,286.8,0.84,N,VIIRS,1,Montane & Hills
49.68226,-121.31683,296.13,0.39,0.36,2026-09-21,1030,N,nominal,2.0NRT,285.19,0.84,N,VIIRS,1,Montane & Hills
49.10952,-120.97334,329.25,0.4,0.37,2026-09-21,1030,N,nominal,2.0NRT,286.34,1.89,N,VIIRS,1,Montane & Hills
49.10715,-120.97985,314.11,0.4,0.37,2026-09-21,1030,N,nominal,2.0NRT,286.47,1.89,N,VIIRS,1,Montane & Hills
49.10624,-120.9747,305.61,0.4,0.37,2026-09-21,1030,N,nominal,2.0NRT,283.76,1.89,N,VIIRS,1,Montane & Hills
49.10293,-120.97593,308.01,0.4,0.37,2026-09-21,1030,N,nominal,2.0NRT,286.16,1.12,N,VIIRS,1,Montane & Hills
49.10202,-120.97087,303.4,0.4,0.37,2026-09-21,1030,N,nominal,2.0NRT,284.62,0.93,N,VIIRS,1,Montane & Hills
49.09961,-120.97709,306.21,0.4,0.37,2026-09-21,1030,N,nominal,2.0NRT,286.12,1.12,N,VIIRS,1,Montane & Hills
49.09871,-120.97208,304.32,0.4,0.37,2026-09-21,1030,N,nominal,2.0NRT,285.57,0.93,N,VIIRS,1,Montane & Hills
49.09687,-120.96175,302.99,0.4,0.37,2026-09-21,1030,N,nominal,2.0NRT,282.75,0.51,N,VIIRS,1,Montane & Hills
49.09591,-120.95632,296.98,0.4,0.37,2026-09-21,1030,N,nominal,2.0NRT,283.16,0.51,N,VIIRS,1,Montane & Hills
49.09357,-120.96306,331.44,0.4,0.37,2026-09-21,1030,N,nominal,2.0NRT,285.73,2.03,N,VIIRS,1,Montane & Hills
49.09628,-120.97823,313.66,0.4,0.37,2026-09-21,1030,N,nominal,2.0NRT,286.87,1.1,N,VIIRS,1,Montane & Hills
49.09539,-120.97325,319.1,0.4,0.37,2026-09-21,1030,N,nominal,2.0NRT,286.95,1.7,N,VIIRS,1,Montane & Hills
49.09296,-120.97942,295.13,0.4,0.37,2026-09-21,1030,N,nominal,2.0NRT,285.04,1.1,N,VIIRS,1,Montane & Hills
49.09207,-120.9744,303.17,0.4,0.37,2026-09-21,1030,N,nominal,2.0NRT,286.22,1.7,N,VIIRS,1,Montane & Hills
49.09117,-120.96938,319.98,0.4,0.37,2026-09-21,1030,N,nominal,2.0NRT,287.63,1.7,N,VIIRS,1,Montane & Hills
49.09026,-120.9643,305.54,0.4,0.37,2026-09-21,1030,N,nominal,2.0NRT,283.88,2.03,N,VIIRS,1,Montane & Hills
49.09149,-120.99101,296.98,0.4,0.37,2026-09-21,1030,N,nominal,2.0NRT,283.24,0.76,N,VIIRS,1,Montane & Hills
49.08965,-120.98065,304.1,0.4,0.37,2026-09-21,1030,N,nominal,2.0NRT,285.25,1.18,N,VIIRS,1,Montane & Hills
49.08875,-120.97557,309.71,0.4,0.37,2026-09-21,1030,N,nominal,2.0NRT,286.2,0.88,N,VIIRS,1,Montane & Hills
49.08785,-120.97056,296.98,0.4,0.37,2026-09-21,1030,N,nominal,2.0NRT,285.36,0.88,N,VIIRS,1,Montane & Hills
49.084,-120.98855,302.97,0.4,0.37,2026-09-21,1030,N,nominal,2.0NRT,285.92,1.3,N,VIIRS,1,Montane & Hills
49.0816,-120.99492,335.44,0.4,0.37,2026-09-21,1030,N,nominal,2.0NRT,286.3,4.72,N,VIIRS,1,Montane & Hills
49.08071,-120.98993,317.46,0.4,0.37,2026-09-21,1030,N,nominal,2.0NRT,286.0,1.3,N,VIIRS,1,Montane & Hills
49.09016,-121.08279,328.91,0.4,0.37,2026-09-21,1030,N,nominal,2.0NRT,288.31,7.13,N,VIIRS,1,Montane & Hills
49.08924,-121.07761,325.04,0.4,0.37,2026-09-21,1030,N,nominal,2.0NRT,286.38,3.31,N,VIIRS,1,Montane & Hills
49.08591,-121.07868,306.4,0.4,0.37,2026-09-21,1030,N,nominal,2.0NRT,283.76,0.86,N,VIIRS,1,Montane & Hills
48.88672,-120.64585,295.52,0.4,0.37,2026-09-21,1030,N,nominal,2.0NRT,279.36,0.65,N,VIIRS,1,Montane & Hills
48.94438,-121.0238,295.26,0.4,0.37,2026-09-21,1030,N,nominal,2.0NRT,284.98,4.07,N,VIIRS,1,Montane & Hills
48.94345,-121.01858,305.8,0.4,0.37,2026-09-21,1030,N,nominal,2.0NRT,284.98,1.04,N,VIIRS,1,Montane & Hills
48.94205,-121.03054,346.04,0.4,0.37,2026-09-21,1030,N,nominal,2.0NRT,294.03,4.07,N,VIIRS,1,Montane & Hills
48.94021,-121.0202,325.15,0.4,0.37,2026-09-21,1030,N,nominal,2.0NRT,287.11,1.04,N,VIIRS,1,Montane & Hills
48.94391,-121.04094,310.66,0.4,0.37,2026-09-21,1030,N,nominal,2.0NRT,287.49,1.2,N,VIIRS,1,Montane & Hills
48.94299,-121.03574,305.68,0.4,0.37,2026-09-21,1030,N,nominal,2.0NRT,286.31,1.2,N,VIIRS,1,Montane & Hills
48.94113,-121.02538,317.35,0.4,0.37,2026-09-21,1030,N,nominal,2.0NRT,289.44,4.07,N,VIIRS,1,Montane & Hills
48.9388,-121.03209,326.72,0.4,0.37,2026-09-21,1030,N,nominal,2.0NRT,291.28,4.72,N,VIIRS,1,Montane & Hills
48.93789,-121.02694,339.78,0.4,0.37,2026-09-21,1030,N,nominal,2.0NRT,295.71,4.72,N,VIIRS,1,Montane & Hills
48.93697,-121.02183,346.75,0.4,0.37,2026-09-21,1030,N,nominal,2.0NRT,295.8,4.56,N,VIIRS,1,Montane & Hills
48.93604,-121.01659,329.91,0.4,0.37,2026-09-21,1030,N,nominal,2.0NRT,290.65,4.56,N,VIIRS,1,Montane & Hills
48.94062,-121.04229,316.23,0.4,0.37,2026-09-21,1030,N,nominal,2.0NRT,287.15,2.36,N,VIIRS,1,Montane & Hills
48.93551,-121.03345,326.52,0.4,0.37,2026-09-21,1030,N,nominal,2.0NRT,290.08,4.72,N,VIIRS,1,Montane & Hills
48.93461,-121.02838,348.81,0.4,0.37,2026-09-21,1030,N,nominal,2.0NRT,296.37,4.72,N,VIIRS,1,Montane & Hills
48.93373,-121.02338,338.65,0.4,0.37,2026-09-21,1030,N,nominal,2.0NRT,296.22,4.56,N,VIIRS,1,Montane & Hills
48.93282,-121.01829,336.86,0.4,0.37,2026-09-21,1030,N,nominal,2.0NRT,291.77,4.56,N,VIIRS,1,Montane & Hills
48.93132,-121.02972,337.38,0.4,0.37,2026-09-21,1030,N,nominal,2.0NRT,291.24,1.72,N,VIIRS,1,Montane & Hills
48.93218,-121.0346,299.18,0.4,0.37,2026-09-21,1030,N,nominal,2.0NRT,286.56,1.72,N,VIIRS,1,Montane & Hills
48.93045,-121.02483,302.62,0.4,0.37,2026-09-21,1030,N,nominal,2.0NRT,285.05,1.23,N,VIIRS,1,Montane & Hills
48.92884,-121.03574,295.35,0.4,0.37,2026-09-21,1030,N,nominal,2.0NRT,285.3,1.72,N,VIIRS,1,Montane & Hills
48.92936,-121.0417,300.39,0.4,0.37,2026-09-21,1030,N,nominal,2.0NRT,285.63,1.08,N,VIIRS,1,Montane & Hills
48.92694,-121.04787,331.38,0.4,0.37,2026-09-21,1030,N,nominal,2.0NRT,289.37,3.39,N,VIIRS,1,Montane & Hills
48.92604,-121.04288,312.81,0.4,0.37,2026-09-21,1030,N,nominal,2.0NRT,285.96,1.08,N,VIIRS,1,Montane & Hills
48.92362,-121.04912,321.68,0.4,0.37,2026-09-21,1030,N,nominal,2.0NRT,287.04,2.09,N,VIIRS,1,Montane & Hills
48.84195,-120.61407,334.47,0.41,0.37,2026-09-21,1030,N,nominal,2.0NRT,286.24,7.06,N,VIIRS,1,Montane & Hills
48.83012,-120.66667,339.93,0.4,0.37,2026-09-21,1030,N,nominal,2.0NRT,285.66,4.38,N,VIIRS,1,Montane & Hills
48.82679,-120.6679,348.55,0.4,0.37,2026-09-21,1030,N,nominal,2.0NRT,290.74,4.7,N,VIIRS,1,Montane & Hills
48.82587,-120.66289,328.69,0.4,0.37,2026-09-21,1030,N,nominal,2.0NRT,282.64,2.41,N,VIIRS,1,Montane & Hills
48.82344,-120.66904,303.86,0.4,0.37,2026-09-21,1030,N,nominal,2.0NRT,283.66,4.7,N,VIIRS,1,Montane & Hills
48.82253,-120.66408,318.64,0.4,0.37,2026-09-21,1030,N,nominal,2.0NRT,282.74,2.41,N,VIIRS,1,Montane & Hills
48.85101,-121.2165,302.03,0.4,0.37,2026-09-21,1030,N,nominal,2.0NRT,285.29,1.0,N,VIIRS,1,Montane & Hills
48.83387,-121.22657,306.23,0.4,0.37,2026-09-21,1030,N,nominal,2.0NRT,284.65,0.89,N,VIIRS,1,Montane & Hills
48.82971,-121.22298,298.7,0.4,0.37,2026-09-21,1030,N,nominal,2.0NRT,283.59,0.25,N,VIIRS,1,Montane & Hills
48.80785,-121.13911,312.57,0.4,0.37,2026-09-21,1030,N,nominal,2.0NRT,286.37,1.79,N,VIIRS,1,Montane & Hills
48.80451,-121.14015,322.7,0.4,0.37,2026-09-21,1030,N,nominal,2.0NRT,284.81,1.79,N,VIIRS,1,Montane & Hills
48.79154,-121.14668,298.15,0.4,0.37,2026-09-21,1030,N,nominal,2.0NRT,283.96,0.7,N,VIIRS,1,Montane & Hills
48.79059,-121.14131,317.42,0.4,0.37,2026-09-21,1030,N,nominal,2.0NRT,284.56,1.54,N,VIIRS,1,Montane & Hills
48.78777,-121.12547,300.33,0.4,0.37,2026-09-21,1030,N,nominal,2.0NRT,284.87,0.91,N,VIIRS,1,Montane & Hills
48.7869,-121.12057,308.38,0.4,0.37,2026-09-21,1030,N,nominal,2.0NRT,282.73,1.15,N,VIIRS,1,Montane & Hills
48.78831,-121.14834,347.09,0.4,0.37,2026-09-21,1030,N,nominal,2.0NRT,289.9,11.68,N,VIIRS,1,Montane & Hills
48.78737,-121.14309,349.07,0.4,0.37,2026-09-21,1030,N,nominal,2.0NRT,292.5,10.05,N,VIIRS,1,Montane & Hills
48.7854,-121.13201,330.74,0.4,0.37,2026-09-21,1030,N,nominal,2.0NRT,288.32,3.76,N,VIIRS,1,Montane & Hills
48.79692,-121.19691,305.18,0.4,0.37,2026-09-21,1030,N,nominal,2.0NRT,284.37,0.82,N,VIIRS,1,Montane & Hills
48.78639,-121.13754,318.8,0.4,0.37,2026-09-21,1030,N,nominal,2.0NRT,288.35,10.05,N,VIIRS,1,Montane & Hills
48.78412,-121.14468,349.11,0.4,0.37,2026-09-21,1030,N,nominal,2.0NRT,295.42,10.05,N,VIIRS,1,Montane & Hills
48.78314,-121.1391,346.85,0.4,0.37,2026-09-21,1030,N,nominal,2.0NRT,295.2,10.05,N,VIIRS,1,Montane & Hills
48.78214,-121.1335,327.89,0.4,0.37,2026-09-21,1030,N,nominal,2.0NRT,285.79,3.76,N,VIIRS,1,Montane & Hills
48.78087,-121.14622,324.86,0.4,0.37,2026-09-21,1030,N,nominal,2.0NRT,283.72,5.44,N,VIIRS,1,Montane & Hills
48.77988,-121.14066,339.46,0.4,0.37,2026-09-21,1030,N,nominal,2.0NRT,286.79,5.44,N,VIIRS,1,Montane & Hills
48.88697,-122.73454,304.44,0.38,0.36,2026-09-21,1030,N,nominal,2.0NRT,287.82,2.12,N,VIIRS,1,Montane & Hills
49.11976,-124.65308,333.84,0.39,0.36,2026-09-21,1030,N,nominal,2.0NRT,256.47,3.65,N,VIIRS,1,Montane & Hills
48.37792,-120.82547,320.81,0.41,0.37,2026-09-21,1030,N,nominal,2.0NRT,285.63,1.55,N,VIIRS,1,Montane & Hills
48.37503,-120.80965,325.02,0.41,0.37,2026-09-21,1030,N,nominal,2.0NRT,288.69,2.37,N,VIIRS,1,Montane & Hills
48.37403,-120.80421,324.63,0.41,0.37,2026-09-21,1030,N,nominal,2.0NRT,287.8,1.29,N,VIIRS,1,Montane & Hills
48.3789,-120.83083,314.53,0.41,0.37,2026-09-21,1030,N,nominal,2.0NRT,284.64,1.49,N,VIIRS,1,Montane & Hills
48.37696,-120.82021,303.51,0.41,0.37,2026-09-21,1030,N,nominal,2.0NRT,286.11,1.55,N,VIIRS,1,Montane & Hills
48.37599,-120.8149,310.59,0.41,0.37,2026-09-21,1030,N,nominal,2.0NRT,287.21,2.37,N,VIIRS,1,Montane & Hills
48.37466,-120.82714,322.24,0.41,0.37,2026-09-21,1030,N,nominal,2.0NRT,287.73,1.55,N,VIIRS,1,Montane & Hills
48.37659,-120.8377,304.89,0.41,0.37,2026-09-21,1030,N,nominal,2.0NRT,285.21,1.49,N,VIIRS,1,Montane & Hills
48.3708,-120.80605,300.19,0.41,0.37,2026-09-21,1030,N,nominal,2.0NRT,287.13,1.29,N,VIIRS,1,Montane & Hills
48.37428,-120.84458,309.48,0.41,0.37,2026-09-21,1030,N,nominal,2.0NRT,285.0,0.88,N,VIIRS,1,Montane & Hills
48.37331,-120.83927,309.57,0.41,0.37,2026-09-21,1030,N,nominal,2.0NRT,286.2,1.09,N,VIIRS,1,Montane & Hills
48.36564,-120.7973,303.94,0.41,0.37,2026-09-21,1030,N,nominal,2.0NRT,287.53,1.0,N,VIIRS,1,Montane & Hills
48.3647,-120.79213,300.38,0.41,0.37,2026-09-21,1030,N,nominal,2.0NRT,286.66,1.0,N,VIIRS,1,Montane & Hills
48.37097,-120.846,301.68,0.41,0.37,2026-09-21,1030,N,nominal,2.0NRT,285.4,0.88,N,VIIRS,1,Montane & Hills
48.36342,-120.80463,303.73,0.41,0.37,2026-09-21,1030,N,nominal,2.0NRT,285.8,1.55,N,VIIRS,1,Montane & Hills
48.36056,-120.789,300.72,0.41,0.37,2026-09-21,1030,N,nominal,2.0NRT,284.57,0.63,N,VIIRS,1,Montane & Hills
48.36866,-120.85286,333.21,0.41,0.37,2026-09-21,1030,N,nominal,2.0NRT,286.91,2.36,N,VIIRS,1,Montane & Hills
48.36539,-120.85448,297.91,0.41,0.37,2026-09-21,1030,N,nominal,2.0NRT,286.52,2.36,N,VIIRS,1,Montane & Hills
48.36214,-120.85616,310.89,0.41,0.37,2026-09-21,1030,N,nominal,2.0NRT,287.6,1.92,N,VIIRS,1,Montane & Hills
48.35888,-120.85782,332.88,0.41,0.37,2026-09-21,1030,N,nominal,2.0NRT,289.15,1.92,N,VIIRS,1,Montane & Hills
48.35476,-120.85468,327.16,0.41,0.37,2026-09-21,1030,N,nominal,2.0NRT,286.91,2.43,N,VIIRS,1,Montane & Hills
48.35563,-120.8595,318.29,0.41,0.37,2026-09-21,1030,N,nominal,2.0NRT,286.87,2.43,N,VIIRS,1,Montane & Hills
48.34857,-120.84032,333.99,0.41,0.37,2026-09-21,1030,N,nominal,2.0NRT,288.53,3.86,N,VIIRS,1,Montane & Hills
48.34531,-120.84197,327.08,0.41,0.37,2026-09-21,1030,N,nominal,2.0NRT,286.55,3.3,N,VIIRS,1,Montane & Hills
48.34733,-120.85298,306.12,0.41,0.37,2026-09-21,1030,N,nominal,2.0NRT,284.07,0.79,N,VIIRS,1,Montane & Hills
48.34639,-120.84776,301.26,0.41,0.37,2026-09-21,1030,N,nominal,2.0NRT,283.35,0.79,N,VIIRS,1,Montane & Hills
48.47003,-122.55652,296.89,0.39,0.36,2026-09-21,1030,N,nominal,2.0NRT,286.38,0.77,N,VIIRS,1,Montane & Hills
45.94641,-111.47469,295.02,0.34,0.56,2026-09-21,1030,N,nominal,2.0NRT,280.3,0.65,N,VIIRS,1,Montane & Hills
47.33802,-116.99935,316.54,0.55,0.42,2026-09-21,1030,N,nominal,2.0NRT,280.62,2.21,N,VIIRS,1,Montane & Hills
47.33772,-116.99873,323.67,0.55,0.42,2026-09-21,1030,N,nominal,2.0NRT,280.58,2.81,N,VIIRS,1,Montane & Hills
45.9451,-111.47735,306.01,0.34,0.56,2026-09-21,1030,N,nominal,2.0NRT,281.8,0.99,N,VIIRS,1,Montane & Hills
48.06973,-120.83688,297.7,0.41,0.37,2026-09-21,1030,N,nominal,2.0NRT,284.21,0.45,N,VIIRS,1,Montane & Hills
48.06636,-120.83805,295.55,0.41,0.37,2026-09-21,1030,N,nominal,2.0NRT,284.92,0.45,N,VIIRS,1,Montane & Hills
48.48792,-123.7743,328.99,0.38,0.36,2026-09-21,1030,N,nominal,2.0NRT,283.97,13.32,N,VIIRS,1,Montane & Hills
48.48712,-123.76917,332.16,0.38,0.36,2026-09-21,1030,N,nominal,2.0NRT,283.8,9.6,N,VIIRS,1,Montane & Hills
47.485,-121.22339,302.8,0.41,0.37,2026-09-21,1030,N,nominal,2.0NRT,285.7,1.06,N,VIIRS,1,Montane & Hills
47.47974,-121.21406,301.37,0.41,0.37,2026-09-21,1030,N,nominal,2.0NRT,285.88,0.72,N,VIIRS,1,Montane & Hills
47.47729,-121.22016,296.51,0.41,0.37,2026-09-21,1030,N,nominal,2.0NRT,284.64,0.59,N,VIIRS,1,Montane & Hills
47.56888,-122.34115,312.24,0.39,0.36,2026-09-21,1030,N,nominal,2.0NRT,286.56,0.77,N,VIIRS,1,Montane & Hills
46.97507,-122.28907,314.21,0.39,0.36,2026-09-21,1032,N,nominal,2.0NRT,282.31,1.29,N,VIIRS,1,Montane & Hills
45.78083,-117.25568,296.92,0.38,0.44,2026-09-21,1032,N,nominal,2.0NRT,283.46,0.96,N,VIIRS,1,Montane & Hills
45.64117,-120.22563,306.54,0.45,0.39,2026-09-21,1032,N,nominal,2.0NRT,285.16,0.81,N,VIIRS,1,Montane & Hills
45.56736,-121.13856,296.06,0.43,0.38,2026-09-21,1032,N,nominal,2.0NRT,284.81,0.25,N,VIIRS,1,Montane & Hills
42.68478,-111.5929,305.3,0.42,0.61,2026-09-21,1032,N,nominal,2.0NRT,277.49,1.37,N,VIIRS,1,Montane & Hills
43.17983,-115.73118,298.21,0.52,0.5,2026-09-21,1032,N,nominal,2.0NRT,280.83,0.74,N,VIIRS,1,Montane & Hills
44.69715,-123.2237,298.21,0.39,0.37,2026-09-21,1032,N,nominal,2.0NRT,284.38,0.64,N,VIIRS,1,Montane & Hills
40.82286,-114.25884,305.31,0.35,0.57,2026-09-21,1032,N,nominal,2.0NRT,281.92,2.09,N,VIIRS,1,Montane & Hills
40.82157,-114.25414,304.21,0.35,0.57,2026-09-21,1032,N,nominal,2.0NRT,282.15,1.51,N,VIIRS,1,Montane & Hills
40.82185,-114.25717,322.46,0.35,0.57,2026-09-21,1032,N,nominal,2.0NRT,283.79,2.36,N,VIIRS,1,Montane & Hills
42.38427,-122.77392,299.3,0.42,0.38,2026-09-21,1032,N,nominal,2.0NRT,284.58,0.59,N,VIIRS,1,Montane & Hills
42.17387,-122.88273,300.83,0.42,0.38,2026-09-21,1032,N,nominal,2.0NRT,282.76,1.24,N,VIIRS,1,Montane & Hills
42.17299,-122.87793,317.95,0.42,0.38,2026-09-21,1032,N,nominal,2.0NRT,284.21,1.1,N,VIIRS,1,Montane & Hills
42.17205,-122.87288,295.27,0.42,0.38,2026-09-21,1032,N,nominal,2.0NRT,278.67,1.1,N,VIIRS,1,Montane & Hills
42.16956,-122.87885,303.61,0.42,0.38,2026-09-21,1032,N,nominal,2.0NRT,280.16,1.1,N,VIIRS,1,Montane & Hills
38.93953,-112.81946,303.58,0.47,0.64,2026-09-21,1032,N,nominal,2.0NRT,281.84,1.29,N,VIIRS,1,Montane & Hills
38.93799,-112.81422,296.16,0.47,0.64,2026-09-21,1032,N,nominal,2.0NRT,279.66,1.29,N,VIIRS,1,Montane & Hills
38.94012,-112.81338,295.61,0.47,0.64,2026-09-21,1032,N,nominal,2.0NRT,279.94,0.96,N,VIIRS,1,Montane & Hills
37.63437,-119.57787,296.63,0.45,0.47,2026-09-21,1034,N,nominal,2.0NRT,267.56,1.66,N,VIIRS,1,Montane & Hills
37.63332,-119.57325,295.09,0.46,0.47,2026-09-21,1034,N,nominal,2.0NRT,267.25,1.06,N,VIIRS,1,Montane & Hills
37.6357,-119.60378,333.3,0.45,0.47,2026-09-21,1034,N,nominal,2.0NRT,280.47,10.4,N,VIIRS,1,Montane & Hills
37.63456,-119.59873,320.63,0.45,0.47,2026-09-21,1034,N,nominal,2.0NRT,277.09,10.4,N,VIIRS,1,Montane & Hills
37.6369,-119.60912,303.21,0.45,0.47,2026-09-21,1034,N,nominal,2.0NRT,278.23,8.64,N,VIIRS,1,Montane & Hills
37.63019,-119.57945,299.71,0.45,0.47,2026-09-21,1034,N,nominal,2.0NRT,272.35,2.2,N,VIIRS,1,Montane & Hills
37.63271,-119.61063,338.85,0.45,0.47,2026-09-21,1034,N,nominal,2.0NRT,286.18,8.64,N,VIIRS,1,Montane & Hills
37.63152,-119.60535,353.82,0.45,0.47,2026-09-21,1034,N,nominal,2.0NRT,286.08,10.4,N,VIIRS,1,Montane & Hills
37.6304,-119.6004,356.6,0.45,0.47,2026-09-21,1034,N,nominal,2.0NRT,290.78,10.4,N,VIIRS,1,Montane & Hills
37.63504,-119.62094,301.39,0.45,0.47,2026-09-21,1034,N,nominal,2.0NRT,275.3,2.41,N,VIIRS,1,Montane & Hills
37.62932,-119.59566,304.15,0.45,0.47,2026-09-21,1034,N,nominal,2.0NRT,277.83,1.95,N,VIIRS,1,Montane & Hills
37.62852,-119.61214,345.47,0.45,0.47,2026-09-21,1034,N,nominal,2.0NRT,291.17,85.2,N,VIIRS,1,Montane & Hills
37.62735,-119.60699,327.99,0.45,0.47,2026-09-21,1034,N,nominal,2.0NRT,283.35,15.95,N,VIIRS,1,Montane & Hills
37.62625,-119.6021,338.65,0.45,0.47,2026-09-21,1034,N,nominal,2.0NRT,283.24,15.95,N,VIIRS,1,Montane & Hills
37.63186,-119.62687,299.62,0.45,0.47,2026-09-21,1034,N,nominal,2.0NRT,276.17,1.03,N,VIIRS,1,Montane & Hills
37.63083,-119.62232,305.0,0.45,0.47,2026-09-21,1034,N,nominal,2.0NRT,277.3,1.03,N,VIIRS,1,Montane & Hills
37.62433,-119.61363,367.0,0.45,0.47,2026-09-21,1034,N,high,2.0NRT,333.66,85.2,N,VIIRS,1,Montane & Hills
37.62322,-119.60873,343.76,0.45,0.47,2026-09-21,1034,N,nominal,2.0NRT,287.69,15.95,N,VIIRS,1,Montane & Hills
37.62211,-119.60387,351.99,0.45,0.47,2026-09-21,1034,N,nominal,2.0NRT,286.14,15.95,N,VIIRS,1,Montane & Hills
37.62106,-119.5992,329.45,0.45,0.47,2026-09-21,1034,N,nominal,2.0NRT,282.0,3.85,N,VIIRS,1,Montane & Hills
37.62756,-119.62788,298.99,0.45,0.47,2026-09-21,1034,N,nominal,2.0NRT,278.88,1.03,N,VIIRS,1,Montane & Hills
37.62543,-119.61851,309.96,0.45,0.47,2026-09-21,1034,N,nominal,2.0NRT,281.08,85.2,N,VIIRS,1,Montane & Hills
37.62002,-119.59464,309.3,0.45,0.47,2026-09-21,1034,N,nominal,2.0NRT,276.07,3.85,N,VIIRS,1,Montane & Hills
37.62011,-119.61497,357.11,0.45,0.47,2026-09-21,1034,N,nominal,2.0NRT,291.94,17.42,N,VIIRS,1,Montane & Hills
37.61907,-119.61041,340.13,0.45,0.47,2026-09-21,1034,N,nominal,2.0NRT,283.09,4.82,N,VIIRS,1,Montane & Hills
37.618,-119.60572,322.64,0.45,0.47,2026-09-21,1034,N,nominal,2.0NRT,282.86,4.82,N,VIIRS,1,Montane & Hills
37.61695,-119.60109,342.62,0.45,0.47,2026-09-21,1034,N,nominal,2.0NRT,284.47,7.37,N,VIIRS,1,Montane & Hills
37.62112,-119.61948,304.42,0.45,0.47,2026-09-21,1034,N,nominal,2.0NRT,283.15,17.42,N,VIIRS,1,Montane & Hills
37.61686,-119.62064,351.02,0.45,0.47,2026-09-21,1034,N,nominal,2.0NRT,287.22,17.42,N,VIIRS,1,Montane & Hills
37.61587,-119.61628,346.54,0.45,0.47,2026-09-21,1034,N,nominal,2.0NRT,285.49,17.42,N,VIIRS,1,Montane & Hills
37.61386,-119.60748,331.05,0.45,0.47,2026-09-21,1034,N,nominal,2.0NRT,282.54,4.82,N,VIIRS,1,Montane & Hills
37.61283,-119.60294,352.13,0.45,0.47,2026-09-21,1034,N,nominal,2.0NRT,289.39,7.37,N,VIIRS,1,Montane & Hills
37.60957,-119.58861,322.8,0.45,0.47,2026-09-21,1034,N,nominal,2.0NRT,281.78,2.45,N,VIIRS,1,Montane & Hills
37.61789,-119.62515,301.42,0.45,0.47,2026-09-21,1034,N,nominal,2.0NRT,278.17,3.05,N,VIIRS,1,Montane & Hills
37.61488,-119.61192,302.89,0.45,0.47,2026-09-21,1034,N,nominal,2.0NRT,280.3,4.82,N,VIIRS,1,Montane & Hills
37.61177,-119.5983,306.11,0.45,0.47,2026-09-21,1034,N,nominal,2.0NRT,280.96,7.37,N,VIIRS,1,Montane & Hills
37.61069,-119.59353,303.96,0.45,0.47,2026-09-21,1034,N,nominal,2.0NRT,279.96,2.45,N,VIIRS,1,Montane & Hills
37.60966,-119.60892,345.91,0.45,0.47,2026-09-21,1034,N,nominal,2.0NRT,303.36,20.47,N,VIIRS,1,Montane & Hills
37.60862,-119.60435,347.56,0.45,0.47,2026-09-21,1034,N,nominal,2.0NRT,289.96,8.75,N,VIIRS,1,Montane & Hills
37.6054,-119.59025,328.88,0.45,0.47,2026-09-21,1034,N,nominal,2.0NRT,283.03,4.78,N,VIIRS,1,Montane & Hills
37.61261,-119.62186,306.84,0.45,0.47,2026-09-21,1034,N,nominal,2.0NRT,283.48,2.43,N,VIIRS,1,Montane & Hills
37.61066,-119.61332,303.85,0.45,0.47,2026-09-21,1034,N,nominal,2.0NRT,281.43,20.47,N,VIIRS,1,Montane & Hills
37.60756,-119.59972,307.93,0.45,0.47,2026-09-21,1034,N,nominal,2.0NRT,281.43,8.75,N,VIIRS,1,Montane & Hills
37.60651,-119.59507,316.22,0.45,0.47,2026-09-21,1034,N,nominal,2.0NRT,281.6,4.78,N,VIIRS,1,Montane & Hills
37.60544,-119.6103,332.9,0.45,0.47,2026-09-21,1034,N,nominal,2.0NRT,285.55,20.47,N,VIIRS,1,Montane & Hills
37.60438,-119.60565,340.06,0.45,0.47,2026-09-21,1034,N,nominal,2.0NRT,285.76,8.75,N,VIIRS,1,Montane & Hills
37.60332,-119.60101,341.96,0.45,0.47,2026-09-21,1034,N,nominal,2.0NRT,286.87,8.75,N,VIIRS,1,Montane & Hills
37.60223,-119.59626,337.03,0.45,0.47,2026-09-21,1034,N,nominal,2.0NRT,287.88,4.78,N,VIIRS,1,Montane & Hills
37.60002,-119.58656,333.61,0.46,0.47,2026-09-21,1034,N,nominal,2.0NRT,282.54,4.58,N,VIIRS,1,Montane & Hills
37.60114,-119.59144,300.78,0.45,0.47,2026-09-21,1034,N,nominal,2.0NRT,281.38,4.78,N,VIIRS,1,Montane & Hills
37.60128,-119.61197,331.51,0.45,0.47,2026-09-21,1034,N,nominal,2.0NRT,285.44,6.25,N,VIIRS,1,Montane & Hills
37.6002,-119.60725,320.76,0.45,0.47,2026-09-21,1034,N,nominal,2.0NRT,282.12,3.34,N,VIIRS,1,Montane & Hills
37.59793,-119.59728,329.12,0.45,0.47,2026-09-21,1034,N,nominal,2.0NRT,282.9,5.85,N,VIIRS,1,Montane & Hills
37.59681,-119.59238,339.93,0.45,0.47,2026-09-21,1034,N,nominal,2.0NRT,289.87,5.85,N,VIIRS,1,Montane & Hills
37.59571,-119.58755,338.75,0.46,0.47,2026-09-21,1034,N,nominal,2.0NRT,283.9,4.76,N,VIIRS,1,Montane & Hills
37.59909,-119.60238,309.7,0.45,0.47,2026-09-21,1034,N,nominal,2.0NRT,280.48,3.34,N,VIIRS,1,Montane & Hills
37.59253,-119.5935,349.18,0.45,0.47,2026-09-21,1034,N,nominal,2.0NRT,285.74,5.85,N,VIIRS,1,Montane & Hills
37.5937,-119.59862,299.6,0.45,0.47,2026-09-21,1034,N,nominal,2.0NRT,281.82,5.85,N,VIIRS,1,Montane & Hills
37.59137,-119.58847,317.2,0.46,0.47,2026-09-21,1034,N,nominal,2.0NRT,280.34,4.76,N,VIIRS,1,Montane & Hills
37.5895,-119.60015,299.09,0.45,0.47,2026-09-21,1034,N,nominal,2.0NRT,279.81,1.6,N,VIIRS,1,Montane & Hills
37.58828,-119.59481,315.54,0.45,0.47,2026-09-21,1034,N,nominal,2.0NRT,281.38,1.6,N,VIIRS,1,Montane & Hills
36.35559,-114.91359,300.41,0.43,0.62,2026-09-21,1034,N,nominal,2.0NRT,287.59,1.36,N,VIIRS,1,Montane & Hills
37.03782,-120.13829,307.24,0.44,0.46,2026-09-21,1034,N,nominal,2.0NRT,284.95,1.04,N,VIIRS,1,Montane & Hills
37.02844,-120.13634,299.37,0.44,0.46,2026-09-21,1034,N,nominal,2.0NRT,285.11,0.48,N,VIIRS,1,Montane & Hills
34.61998,-117.10034,309.36,0.36,0.57,2026-09-21,1034,N,nominal,2.0NRT,289.52,1.25,N,VIIRS,1,Montane & Hills
34.62118,-117.1022,307.85,0.36,0.57,2026-09-21,1034,N,nominal,2.0NRT,289.82,1.55,N,VIIRS,1,Montane & Hills
34.62026,-117.09854,300.21,0.36,0.57,2026-09-21,1034,N,nominal,2.0NRT,288.72,1.09,N,VIIRS,1,Montane & Hills
34.60786,-117.33511,317.04,0.35,0.57,2026-09-21,1034,N,nominal,2.0NRT,289.49,2.39,N,VIIRS,1,Montane & Hills
34.35526,-116.85123,303.02,0.38,0.59,2026-09-21,1034,N,nominal,2.0NRT,287.83,0.73,N,VIIRS,1,Montane & Hills
38.63331,-122.06932,343.38,0.57,0.52,2026-09-21,2155,N,nominal,2.0NRT,305.75,6.37,D,VIIRS,1,Montane & Hills
38.63811,-122.06984,331.28,0.57,0.52,2026-09-21,2155,N,low,2.0NRT,301.43,3.15,D,VIIRS,1,Montane & Hills
38.94969,-121.59274,341.6,0.61,0.53,2026-09-21,2155,N,nominal,2.0NRT,303.05,8.33,D,VIIRS,1,Montane & Hills
39.0897,-121.66658,332.08,0.6,0.53,2026-09-21,2155,N,nominal,2.0NRT,300.11,3.03,D,VIIRS,1,Montane & Hills
39.4262,-121.66867,344.59,0.61,0.53,2026-09-21,2155,N,nominal,2.0NRT,305.05,7.36,D,VIIRS,1,Montane & Hills
39.43116,-121.6692,333.28,0.61,0.53,2026-09-21,2155,N,nominal,2.0NRT,301.04,7.36,D,VIIRS,1,Montane & Hills
41.56835,-117.82261,340.48,0.5,0.66,2026-09-21,2155,N,nominal,2.0NRT,300.8,6.82,D,VIIRS,1,Montane & Hills
41.56817,-117.82878,351.11,0.5,0.66,2026-09-21,2155,N,nominal,2.0NRT,303.64,11.06,D,VIIRS,1,Montane & Hills
41.5745,-117.82284,333.85,0.5,0.66,2026-09-21,2155,N,low,2.0NRT,305.07,6.82,D,VIIRS,1,Montane & Hills
41.5986,-117.84232,342.33,0.5,0.66,2026-09-21,2155,N,nominal,2.0NRT,307.58,6.2,D,VIIRS,1,Montane & Hills
41.60476,-117.84258,367.0,0.5,0.66,2026-09-21,2155,N,high,2.0NRT,307.75,11.91,D,VIIRS,1,Montane & Hills
41.59795,-117.84045,333.47,0.5,0.66,2026-09-21,2155,N,nominal,2.0NRT,305.31,8.96,D,VIIRS,1,Montane & Hills
41.6041,-117.84074,367.0,0.5,0.66,2026-09-21,2155,N,high,2.0NRT,308.64,8.96,D,VIIRS,1,Montane & Hills
45.85223,-121.02024,329.14,0.37,0.58,2026-09-21,2155,N,low,2.0NRT,300.27,1.82,D,VIIRS,1,Montane & Hills
45.85765,-121.02074,331.72,0.37,0.58,2026-09-21,2155,N,nominal,2.0NRT,298.34,1.91,D,VIIRS,1,Montane & Hills
46.28135,-116.18194,326.65,0.64,0.72,2026-09-21,2157,N,low,2.0NRT,299.13,3.56,D,VIIRS,1,Montane & Hills
46.33583,-116.29205,367.0,0.63,0.72,2026-09-21,2157,N,high,2.0NRT,299.37,23.6,D,VIIRS,1,Montane & Hills
46.34258,-116.30178,367.0,0.63,0.72,2026-09-21,2157,N,high,2.0NRT,298.15,20.54,D,VIIRS,1,Montane & Hills
46.34257,-116.29169,340.16,0.63,0.72,2026-09-21,2157,N,nominal,2.0NRT,296.13,20.54,D,VIIRS,1,Montane & Hills
46.81291,-117.06395,349.3,0.58,0.7,2026-09-21,2157,N,nominal,2.0NRT,304.07,9.92,D,VIIRS,1,Montane & Hills
46.81944,-117.06395,354.37,0.58,0.7,2026-09-21,2157,N,nominal,2.0NRT,302.51,17.95,D,VIIRS,1,Montane & Hills
46.81939,-117.07171,355.49,0.58,0.7,2026-09-21,2157,N,nominal,2.0NRT,301.42,12.18,D,VIIRS,1,Montane & Hills
46.82576,-117.09483,367.0,0.58,0.7,2026-09-21,2157,N,high,2.0NRT,305.86,10.2,D,VIIRS,1,Montane & Hills
46.82587,-117.0794,341.28,0.58,0.7,2026-09-21,2157,N,nominal,2.0NRT,302.52,12.18,D,VIIRS,1,Montane & Hills
46.82582,-117.08714,342.19,0.58,0.7,2026-09-21,2157,N,nominal,2.0NRT,303.13,10.2,D,VIIRS,1,Montane & Hills
46.81193,-117.06452,339.66,0.58,0.7,2026-09-21,2157,N,nominal,2.0NRT,303.74,7.22,D,VIIRS,1,Montane & Hills
46.81846,-117.06454,367.0,0.58,0.7,2026-09-21,2157,N,high,2.0NRT,302.54,9.94,D,VIIRS,1,Montane & Hills
46.81845,-117.07233,349.71,0.58,0.7,2026-09-21,2157,N,nominal,2.0NRT,301.15,9.94,D,VIIRS,1,Montane & Hills
46.82494,-117.09555,367.0,0.58,0.7,2026-09-21,2157,N,high,2.0NRT,305.56,14.17,D,VIIRS,1,Montane & Hills
46.82498,-117.0723,338.46,0.58,0.7,2026-09-21,2157,N,nominal,2.0NRT,300.69,9.94,D,VIIRS,1,Montane & Hills
46.82497,-117.08007,342.23,0.58,0.7,2026-09-21,2157,N,nominal,2.0NRT,301.31,11.11,D,VIIRS,1,Montane & Hills
46.82495,-117.08781,342.44,0.58,0.7,2026-09-21,2157,N,nominal,2.0NRT,302.53,11.11,D,VIIRS,1,Montane & Hills
46.91424,-117.38101,339.15,0.56,0.69,2026-09-21,2157,N,nominal,2.0NRT,300.73,95.37,D,VIIRS,1,Montane & Hills
46.91418,-117.38841,355.79,0.56,0.69,2026-09-21,2157,N,nominal,2.0NRT,324.14,185.67,D,VIIRS,1,Montane & Hills
46.91412,-117.39553,208.0,0.56,0.69,2026-09-21,2157,N,low,2.0NRT,314.19,185.67,D,VIIRS,1,Montane & Hills
46.91388,-117.38297,367.0,0.56,0.69,2026-09-21,2157,N,high,2.0NRT,301.68,179.48,D,VIIRS,1,Montane & Hills
46.91385,-117.39033,367.0,0.56,0.69,2026-09-21,2157,N,low,2.0NRT,334.05,179.48,D,VIIRS,1,Montane & Hills
47.17643,-115.78838,330.94,0.67,0.74,2026-09-21,2157,N,nominal,2.0NRT,291.04,14.5,D,VIIRS,1,Montane & Hills
47.18331,-115.78596,367.0,0.67,0.74,2026-09-21,2157,N,high,2.0NRT,294.04,14.5,D,VIIRS,1,Montane & Hills
47.18339,-115.79528,340.98,0.67,0.74,2026-09-21,2157,N,nominal,2.0NRT,292.84,14.5,D,VIIRS,1,Montane & Hills
47.22459,-117.25996,353.55,0.57,0.69,2026-09-21,2157,N,nominal,2.0NRT,302.87,7.33,D,VIIRS,1,Montane & Hills
47.22454,-117.26794,339.28,0.57,0.69,2026-09-21,2157,N,nominal,2.0NRT,303.57,7.33,D,VIIRS,1,Montane & Hills
47.18282,-115.78508,367.0,0.67,0.74,2026-09-21,2157,N,high,2.0NRT,292.47,37.15,D,VIIRS,1,Montane & Hills
47.18293,-115.79388,356.54,0.67,0.74,2026-09-21,2157,N,nominal,2.0NRT,294.39,26.71,D,VIIRS,1,Montane & Hills
47.22425,-117.26019,350.83,0.57,0.69,2026-09-21,2157,N,nominal,2.0NRT,302.4,11.02,D,VIIRS,1,Montane & Hills
47.22424,-117.26816,341.91,0.57,0.69,2026-09-21,2157,N,nominal,2.0NRT,303.83,9.16,D,VIIRS,1,Montane & Hills
47.47411,-120.58545,343.24,0.4,0.6,2026-09-21,2157,N,nominal,2.0NRT,292.72,9.18,D,VIIRS,1,Montane & Hills
47.47707,-120.5839,367.0,0.4,0.6,2026-09-21,2157,N,high,2.0NRT,292.5,7.87,D,VIIRS,1,Montane & Hills
47.99253,-115.93829,367.0,0.66,0.73,2026-09-21,2157,N,high,2.0NRT,298.1,11.98,D,VIIRS,1,Montane & Hills
48.48391,-123.76797,339.62,0.58,0.52,2026-09-21,2157,N,nominal,2.0NRT,298.16,8.46,D,VIIRS,1,Montane & Hills
48.48919,-123.76141,346.31,0.58,0.52,2026-09-21,2157,N,nominal,2.0NRT,308.52,73.61,D,VIIRS,1,Montane & Hills
48.48826,-123.77729,338.28,0.58,0.52,2026-09-21,2157,N,nominal,2.0NRT,295.99,8.35,D,VIIRS,1,Montane & Hills
48.48874,-123.76922,321.15,0.58,0.52,2026-09-21,2157,N,low,2.0NRT,323.68,73.61,D,VIIRS,1,Montane & Hills
48.49401,-123.76264,340.4,0.58,0.52,2026-09-21,2157,N,nominal,2.0NRT,295.02,73.61,D,VIIRS,1,Montane & Hills
48.49353,-123.77086,345.99,0.58,0.52,2026-09-21,2157,N,nominal,2.0NRT,303.94,73.61,D,VIIRS,1,Montane & Hills
48.48699,-123.76069,341.32,0.58,0.52,2026-09-21,2157,N,nominal,2.0NRT,300.44,65.71,D,VIIRS,1,Montane & Hills
48.48611,-123.77721,334.33,0.58,0.52,2026-09-21,2157,N,nominal,2.0NRT,294.9,84.17,D,VIIRS,1,Montane & Hills
48.49181,-123.76205,344.13,0.58,0.52,2026-09-21,2157,N,nominal,2.0NRT,298.04,65.71,D,VIIRS,1,Montane & Hills
48.49137,-123.7701,340.83,0.58,0.52,2026-09-21,2157,N,low,2.0NRT,314.9,84.17,D,VIIRS,1,Montane & Hills
48.49665,-123.76297,326.11,0.58,0.52,2026-09-21,2157,N,nominal,2.0NRT,290.77,6.39,D,VIIRS,1,Montane & Hills
48.49619,-123.77157,338.31,0.58,0.52,2026-09-21,2157,N,nominal,2.0NRT,293.02,7.58,D,VIIRS,1,Montane & Hills
48.7222,-114.84265,331.24,0.74,0.76,2026-09-21,2157,N,nominal,2.0NRT,294.45,5.66,D,VIIRS,1,Montane & Hills
48.72358,-114.84165,332.81,0.74,0.76,2026-09-21,2157,N,nominal,2.0NRT,294.15,5.69,D,VIIRS,1,Montane & Hills
48.77737,-121.14691,353.18,0.39,0.59,2026-09-21,2157,N,nominal,2.0NRT,281.69,46.54,D,VIIRS,1,Montane & Hills
48.77713,-121.15422,328.04,0.39,0.59,2026-09-21,2157,N,nominal,2.0NRT,273.1,46.54,D,VIIRS,1,Montane & Hills
48.77777,-121.13509,357.46,0.39,0.59,2026-09-21,2157,N,low,2.0NRT,280.24,54.92,D,VIIRS,1,Montane & Hills
48.78352,-121.12842,335.09,0.39,0.59,2026-09-21,2157,N,nominal,2.0NRT,277.85,54.92,D,VIIRS,1,Montane & Hills
48.78279,-121.1501,356.64,0.39,0.59,2026-09-21,2157,N,nominal,2.0NRT,278.57,46.54,D,VIIRS,1,Montane & Hills
48.78333,-121.13429,356.93,0.39,0.59,2026-09-21,2157,N,low,2.0NRT,284.42,54.92,D,VIIRS,1,Montane & Hills
48.78299,-121.14414,208.0,0.39,0.59,2026-09-21,2157,N,low,2.0NRT,314.47,46.54,D,VIIRS,1,Montane & Hills
48.78937,-121.11886,332.85,0.39,0.59,2026-09-21,2157,N,nominal,2.0NRT,279.9,3.61,D,VIIRS,1,Montane & Hills
48.7884,-121.14739,329.33,0.39,0.59,2026-09-21,2157,N,nominal,2.0NRT,273.97,5.41,D,VIIRS,1,Montane & Hills
48.78863,-121.14066,357.22,0.39,0.59,2026-09-21,2157,N,low,2.0NRT,276.22,5.41,D,VIIRS,1,Montane & Hills
48.79785,-121.19287,352.88,0.38,0.59,2026-09-21,2157,N,nominal,2.0NRT,276.93,6.08,D,VIIRS,1,Montane & Hills
48.81101,-121.13251,346.15,0.39,0.59,2026-09-21,2157,N,nominal,2.0NRT,275.08,17.0,D,VIIRS,1,Montane & Hills
48.81069,-121.14167,348.79,0.39,0.59,2026-09-21,2157,N,nominal,2.0NRT,273.8,13.39,D,VIIRS,1,Montane & Hills
48.81086,-121.13686,357.75,0.39,0.59,2026-09-21,2157,N,low,2.0NRT,280.79,13.39,D,VIIRS,1,Montane & Hills
48.79784,-121.18989,353.63,0.38,0.59,2026-09-21,2157,N,nominal,2.0NRT,275.79,9.27,D,VIIRS,1,Montane & Hills
48.84209,-120.60339,354.39,0.41,0.61,2026-09-21,2157,N,nominal,2.0NRT,275.95,12.98,D,VIIRS,1,Montane & Hills
48.84182,-120.61359,326.55,0.41,0.61,2026-09-21,2157,N,nominal,2.0NRT,272.39,7.41,D,VIIRS,1,Montane & Hills
48.842,-120.60685,356.51,0.41,0.61,2026-09-21,2157,N,low,2.0NRT,278.75,12.98,D,VIIRS,1,Montane & Hills
48.84191,-120.61027,356.49,0.41,0.61,2026-09-21,2157,N,low,2.0NRT,277.06,7.41,D,VIIRS,1,Montane & Hills
49.12249,-121.01891,354.23,0.39,0.6,2026-09-21,2157,N,nominal,2.0NRT,265.35,7.22,D,VIIRS,1,Montane & Hills
49.02638,-124.54257,344.38,0.54,0.51,2026-09-21,2157,N,nominal,2.0NRT,292.63,9.3,D,VIIRS,1,Montane & Hills
49.12058,-124.65319,341.71,0.54,0.51,2026-09-21,2157,N,nominal,2.0NRT,292.37,15.19,D,VIIRS,1,Montane & Hills
49.43439,-118.05964,328.54,0.54,0.67,2026-09-21,2157,N,nominal,2.0NRT,298.32,14.61,D,VIIRS,1,Montane & Hills
49.44069,-118.06363,367.0,0.54,0.67,2026-09-21,2157,N,high,2.0NRT,301.42,14.61,D,VIIRS,1,Montane & Hills
49.44068,-118.06841,367.0,0.53,0.67,2026-09-21,2157,N,high,2.0NRT,302.6,67.01,D,VIIRS,1,Montane & Hills
49.44065,-118.07288,367.0,0.53,0.67,2026-09-21,2157,N,high,2.0NRT,319.44,67.01,D,VIIRS,1,Montane & Hills
49.44064,-118.07748,353.74,0.53,0.67,2026-09-21,2157,N,nominal,2.0NRT,299.53,34.8,D,VIIRS,1,Montane & Hills
49.44697,-118.07496,367.0,0.53,0.67,2026-09-21,2157,N,high,2.0NRT,308.69,37.43,D,VIIRS,1,Montane & Hills
49.447,-118.06541,343.54,0.54,0.67,2026-09-21,2157,N,nominal,2.0NRT,295.66,13.05,D,VIIRS,1,Montane & Hills
49.44695,-118.07932,349.56,0.53,0.67,2026-09-21,2157,N,nominal,2.0NRT,297.75,26.38,D,VIIRS,1,Montane & Hills
49.44698,-118.07064,357.29,0.53,0.67,2026-09-21,2157,N,low,2.0NRT,297.44,37.43,D,VIIRS,1,Montane & Hills
49.68576,-121.24651,334.47,0.39,0.59,2026-09-21,2157,N,nominal,2.0NRT,287.68,4.33,D,VIIRS,1,Montane & Hills
49.69132,-121.24525,350.65,0.39,0.59,2026-09-21,2157,N,nominal,2.0NRT,288.48,9.09,D,VIIRS,1,Montane & Hills
49.69119,-121.24973,357.31,0.39,0.59,2026-09-21,2157,N,low,2.0NRT,287.87,9.09,D,VIIRS,1,Montane & Hills
49.85295,-121.5224,367.0,0.38,0.58,2026-09-21,2157,N,high,2.0NRT,299.24,10.77,D,VIIRS,1,Montane & Hills
49.85324,-121.51305,328.47,0.38,0.58,2026-09-21,2157,N,nominal,2.0NRT,295.51,8.02,D,VIIRS,1,Montane & Hills
49.85261,-121.53376,329.8,0.38,0.58,2026-09-21,2157,N,nominal,2.0NRT,297.33,3.7,D,VIIRS,1,Montane & Hills
49.85247,-121.53839,339.17,0.38,0.58,2026-09-21,2157,N,nominal,2.0NRT,297.06,3.7,D,VIIRS,1,Montane & Hills
49.85863,-121.51561,330.3,0.38,0.58,2026-09-21,2157,N,nominal,2.0NRT,296.42,7.66,D,VIIRS,1,Montane & Hills
49.85831,-121.52593,356.37,0.38,0.58,2026-09-21,2157,N,nominal,2.0NRT,296.84,8.8,D,VIIRS,1,Montane & Hills
33.4346,-112.36098,340.81,0.48,0.48,2026-09-21,2012,N,nominal,2.0NRT,310.29,5.99,D,VIIRS,1,Montane & Hills
33.43358,-112.36204,336.25,0.48,0.48,2026-09-21,2012,N,low,2.0NRT,309.58,3.15,D,VIIRS,1,Montane & Hills
40.66003,-111.11852,344.97,0.47,0.39,2026-09-21,2014,N,nominal,2.0NRT,294.01,6.48,D,VIIRS,1,Montane & Hills
40.66359,-111.11958,344.37,0.47,0.39,2026-09-21,2014,N,nominal,2.0NRT,291.73,5.95,D,VIIRS,1,Montane & Hills
38.94928,-121.59384,334.65,0.54,0.68,2026-09-21,2014,N,nominal,2.0NRT,281.85,4.03,D,VIIRS,1,Montane & Hills
38.94637,-121.59512,334.24,0.54,0.67,2026-09-21,2014,N,nominal,2.0NRT,287.1,3.15,D,VIIRS,1,Montane & Hills
39.21811,-121.54031,367.0,0.52,0.67,2026-09-21,2014,N,high,2.0NRT,297.65,30.21,D,VIIRS,1,Montane & Hills
39.21637,-121.5462,355.05,0.52,0.67,2026-09-21,2014,N,nominal,2.0NRT,295.99,20.58,D,VIIRS,1,Montane & Hills
39.21602,-121.54211,367.0,0.52,0.67,2026-09-21,2014,N,high,2.0NRT,302.58,30.18,D,VIIRS,1,Montane & Hills
39.14992,-121.87232,350.66,0.55,0.68,2026-09-21,2014,N,nominal,2.0NRT,295.13,6.9,D,VIIRS,1,Montane & Hills
39.42935,-121.67499,330.58,0.52,0.67,2026-09-21,2014,N,nominal,2.0NRT,296.93,3.62,D,VIIRS,1,Montane & Hills
39.51063,-121.73795,329.09,0.52,0.67,2026-09-21,2014,N,nominal,2.0NRT,299.39,4.9,D,VIIRS,1,Montane & Hills
39.44108,-122.03399,367.0,0.54,0.68,2026-09-21,2014,N,high,2.0NRT,300.41,23.69,D,VIIRS,1,Montane & Hills
39.43923,-122.04008,354.88,0.55,0.68,2026-09-21,2014,N,nominal,2.0NRT,298.16,23.69,D,VIIRS,1,Montane & Hills
39.45296,-122.03992,331.35,0.54,0.68,2026-09-21,2014,N,nominal,2.0NRT,295.4,7.16,D,VIIRS,1,Montane & Hills
39.49417,-122.16183,334.86,0.55,0.68,2026-09-21,2014,N,nominal,2.0NRT,300.15,7.94,D,VIIRS,1,Montane & Hills
42.68534,-111.58901,334.54,0.45,0.39,2026-09-21,2017,N,nominal,2.0NRT,295.94,25.5,D,VIIRS,1,Montane & Hills
43.8525,-117.03509,344.74,0.48,0.48,2026-09-21,2017,N,nominal,2.0NRT,318.91,77.66,D,VIIRS,1,Montane & Hills
45.9074,-116.17134,343.2,0.39,0.44,2026-09-21,2017,N,nominal,2.0NRT,316.04,88.35,D,VIIRS,1,Montane & Hills
45.90868,-116.16944,341.54,0.39,0.44,2026-09-21,2017,N,nominal,2.0NRT,303.05,49.31,D,VIIRS,1,Montane & Hills
45.90644,-116.17931,337.04,0.39,0.44,2026-09-21,2017,N,nominal,2.0NRT,305.32,11.46,D,VIIRS,1,Montane & Hills
45.90756,-116.17436,322.21,0.39,0.44,2026-09-21,2017,N,low,2.0NRT,322.78,49.31,D,VIIRS,1,Montane & Hills
45.91142,-116.17627,343.25,0.39,0.44,2026-09-21,2017,N,nominal,2.0NRT,305.2,40.17,D,VIIRS,1,Montane & Hills
45.9103,-116.18119,294.66,0.39,0.44,2026-09-21,2017,N,low,2.0NRT,310.36,33.99,D,VIIRS,1,Montane & Hills
46.20867,-116.36588,336.68,0.39,0.44,2026-09-21,2017,N,nominal,2.0NRT,303.41,2.67,D,VIIRS,1,Montane & Hills
46.21365,-116.36288,342.45,0.39,0.44,2026-09-21,2017,N,nominal,2.0NRT,308.08,10.46,D,VIIRS,1,Montane & Hills
46.21255,-116.36772,348.61,0.39,0.44,2026-09-21,2017,N,nominal,2.0NRT,307.13,10.27,D,VIIRS,1,Montane & Hills
46.41131,-116.05953,335.89,0.57,0.43,2026-09-21,2017,N,nominal,2.0NRT,302.06,10.11,D,VIIRS,1,Montane & Hills
46.40977,-116.06646,344.22,0.57,0.43,2026-09-21,2017,N,nominal,2.0NRT,303.53,10.11,D,VIIRS,1,Montane & Hills
46.41354,-116.06845,335.19,0.57,0.43,2026-09-21,2017,N,nominal,2.0NRT,297.42,10.11,D,VIIRS,1,Montane & Hills
46.37817,-116.51284,367.0,0.39,0.44,2026-09-21,2017,N,high,2.0NRT,305.83,15.06,D,VIIRS,1,Montane & Hills
46.60326,-116.60379,329.59,0.39,0.44,2026-09-21,2017,N,low,2.0NRT,303.08,3.06,D,VIIRS,1,Montane & Hills
46.58072,-117.06376,341.23,0.41,0.45,2026-09-21,2017,N,nominal,2.0NRT,305.15,5.44,D,VIIRS,1,Montane & Hills
46.5847,-117.06556,348.94,0.41,0.45,2026-09-21,2017,N,nominal,2.0NRT,303.45,5.44,D,VIIRS,1,Montane & Hills
46.56671,-117.14401,336.36,0.41,0.45,2026-09-21,2017,N,nominal,2.0NRT,306.72,3.87,D,VIIRS,1,Montane & Hills
46.82673,-117.09869,367.0,0.41,0.45,2026-09-21,2017,N,high,2.0NRT,311.07,11.52,D,VIIRS,1,Montane & Hills
46.83033,-117.08316,355.14,0.41,0.45,2026-09-21,2017,N,nominal,2.0NRT,308.67,20.75,D,VIIRS,1,Montane & Hills
46.82913,-117.08833,349.23,0.41,0.45,2026-09-21,2017,N,nominal,2.0NRT,316.34,24.55,D,VIIRS,1,Montane & Hills
46.82792,-117.09351,351.42,0.41,0.45,2026-09-21,2017,N,nominal,2.0NRT,308.4,24.55,D,VIIRS,1,Montane & Hills
46.83665,-117.07482,344.8,0.41,0.45,2026-09-21,2017,N,nominal,2.0NRT,303.11,6.9,D,VIIRS,1,Montane & Hills
46.83548,-117.0799,331.82,0.41,0.45,2026-09-21,2017,N,low,2.0NRT,302.81,1.3,D,VIIRS,1,Montane & Hills
45.85547,-121.01855,343.17,0.32,0.55,2026-09-21,2017,N,nominal,2.0NRT,295.84,1.72,D,VIIRS,1,Montane & Hills
45.85434,-121.02264,327.25,0.32,0.55,2026-09-21,2017,N,nominal,2.0NRT,293.83,1.72,D,VIIRS,1,Montane & Hills
47.18021,-115.78484,333.13,0.53,0.42,2026-09-21,2017,N,nominal,2.0NRT,300.33,46.91,D,VIIRS,1,Montane & Hills
46.89736,-117.17287,341.73,0.41,0.45,2026-09-21,2017,N,nominal,2.0NRT,307.28,5.73,D,VIIRS,1,Montane & Hills
46.89619,-117.17797,342.07,0.41,0.45,2026-09-21,2017,N,nominal,2.0NRT,306.12,3.9,D,VIIRS,1,Montane & Hills
46.90531,-117.17647,367.0,0.41,0.45,2026-09-21,2017,N,high,2.0NRT,314.38,32.92,D,VIIRS,1,Montane & Hills
46.90411,-117.18176,340.08,0.41,0.45,2026-09-21,2017,N,nominal,2.0NRT,309.67,13.4,D,VIIRS,1,Montane & Hills
46.90923,-117.17855,355.73,0.41,0.45,2026-09-21,2017,N,nominal,2.0NRT,311.49,37.03,D,VIIRS,1,Montane & Hills
46.90802,-117.18384,335.74,0.41,0.45,2026-09-21,2017,N,nominal,2.0NRT,307.36,6.82,D,VIIRS,1,Montane & Hills
46.90794,-117.17508,342.68,0.41,0.45,2026-09-21,2017,N,nominal,2.0NRT,309.79,34.18,D,VIIRS,1,Montane & Hills
46.90671,-117.18032,348.87,0.41,0.45,2026-09-21,2017,N,nominal,2.0NRT,316.57,42.87,D,VIIRS,1,Montane & Hills
46.918,-117.39692,354.6,0.42,0.45,2026-09-21,2017,N,nominal,2.0NRT,307.71,56.04,D,VIIRS,1,Montane & Hills
46.92068,-117.40443,367.0,0.42,0.45,2026-09-21,2017,N,high,2.0NRT,333.34,56.04,D,VIIRS,1,Montane & Hills
46.92323,-117.39351,336.67,0.42,0.45,2026-09-21,2017,N,nominal,2.0NRT,306.94,15.73,D,VIIRS,1,Montane & Hills
46.92196,-117.39894,353.29,0.42,0.45,2026-09-21,2017,N,nominal,2.0NRT,313.83,56.04,D,VIIRS,1,Montane & Hills
46.92589,-117.40112,343.58,0.42,0.45,2026-09-21,2017,N,nominal,2.0NRT,304.46,10.8,D,VIIRS,1,Montane & Hills
46.92461,-117.40663,340.92,0.42,0.45,2026-09-21,2017,N,nominal,2.0NRT,306.07,10.8,D,VIIRS,1,Montane & Hills
46.98337,-117.24789,344.23,0.41,0.45,2026-09-21,2017,N,nominal,2.0NRT,312.73,6.84,D,VIIRS,1,Montane & Hills
46.98219,-117.25307,342.25,0.41,0.45,2026-09-21,2017,N,nominal,2.0NRT,309.02,4.31,D,VIIRS,1,Montane & Hills
46.98737,-117.24963,367.0,0.41,0.45,2026-09-21,2017,N,high,2.0NRT,311.36,47.25,D,VIIRS,1,Montane & Hills
46.98857,-117.24441,345.97,0.41,0.45,2026-09-21,2017,N,nominal,2.0NRT,307.47,47.25,D,VIIRS,1,Montane & Hills
46.99251,-117.24636,356.32,0.41,0.45,2026-09-21,2017,N,nominal,2.0NRT,321.24,47.25,D,VIIRS,1,Montane & Hills
47.00353,-117.27503,343.25,0.41,0.45,2026-09-21,2017,N,nominal,2.0NRT,309.05,8.22,D,VIIRS,1,Montane & Hills
47.00237,-117.28015,345.81,0.41,0.45,2026-09-21,2017,N,nominal,2.0NRT,311.07,8.22,D,VIIRS,1,Montane & Hills
47.00189,-117.27517,343.83,0.41,0.45,2026-09-21,2017,N,nominal,2.0NRT,307.57,5.45,D,VIIRS,1,Montane & Hills
47.00069,-117.28029,344.43,0.41,0.45,2026-09-21,2017,N,nominal,2.0NRT,310.25,4.1,D,VIIRS,1,Montane & Hills
47.00585,-117.27709,349.89,0.41,0.45,2026-09-21,2017,N,nominal,2.0NRT,306.69,6.79,D,VIIRS,1,Montane & Hills
47.58415,-115.4417,344.13,0.51,0.41,2026-09-21,2017,N,nominal,2.0NRT,310.91,40.86,D,VIIRS,1,Montane & Hills
47.33504,-116.99553,334.49,0.39,0.44,2026-09-21,2017,N,nominal,2.0NRT,303.55,3.31,D,VIIRS,1,Montane & Hills
47.736,-115.23173,327.89,0.5,0.41,2026-09-21,2017,N,nominal,2.0NRT,293.3,2.14,D,VIIRS,1,Montane & Hills
47.99424,-115.93342,331.82,0.52,0.41,2026-09-21,2017,N,nominal,2.0NRT,296.07,29.3,D,VIIRS,1,Montane & Hills
47.99271,-115.94052,289.48,0.52,0.41,2026-09-21,2017,N,low,2.0NRT,299.44,29.3,D,VIIRS,1,Montane & Hills
47.49585,-121.22142,341.02,0.59,0.53,2026-09-21,2017,N,nominal,2.0NRT,294.52,10.35,D,VIIRS,1,Montane & Hills
47.47913,-121.21796,330.89,0.59,0.53,2026-09-21,2017,N,nominal,2.0NRT,294.12,4.89,D,VIIRS,1,Montane & Hills
47.49887,-121.223,340.83,0.59,0.53,2026-09-21,2017,N,nominal,2.0NRT,292.66,15.53,D,VIIRS,1,Montane & Hills
48.78116,-116.3719,344.02,0.52,0.41,2026-09-21,2017,N,nominal,2.0NRT,302.81,5.44,D,VIIRS,1,Montane & Hills
48.78384,-116.37264,351.52,0.52,0.41,2026-09-21,2017,N,nominal,2.0NRT,310.3,20.36,D,VIIRS,1,Montane & Hills
48.78751,-116.3744,334.12,0.52,0.41,2026-09-21,2017,N,nominal,2.0NRT,299.62,20.36,D,VIIRS,1,Montane & Hills
49.44284,-118.06647,330.94,0.39,0.44,2026-09-21,2019,N,nominal,2.0NRT,296.94,4.61,D,VIIRS,1,Montane & Hills
48.49022,-123.76694,367.0,0.35,0.57,2026-09-21,2019,N,high,2.0NRT,314.54,30.85,D,VIIRS,1,Montane & Hills
48.48882,-123.77177,333.97,0.35,0.57,2026-09-21,2019,N,nominal,2.0NRT,295.62,30.85,D,VIIRS,1,Montane & Hills
48.49398,-123.77392,341.07,0.35,0.57,2026-09-21,2019,N,nominal,2.0NRT,289.36,30.85,D,VIIRS,1,Montane & Hills
48.49541,-123.76897,356.72,0.35,0.57,2026-09-21,2019,N,low,2.0NRT,289.18,30.85,D,VIIRS,1,Montane & Hills
48.49118,-123.76569,367.0,0.35,0.57,2026-09-21,2019,N,high,2.0NRT,299.58,66.14,D,VIIRS,1,Montane & Hills
48.48977,-123.7705,208.0,0.35,0.57,2026-09-21,2019,N,low,2.0NRT,308.48,66.14,D,VIIRS,1,Montane & Hills
49.11887,-124.64953,332.79,0.36,0.58,2026-09-21,2019,N,nominal,2.0NRT,289.23,3.51,D,VIIRS,1,Montane & Hills
36.35654,-114.91496,301.58,0.8,0.78,2026-09-22,835,N,nominal,2.0NRT,285.29,1.85,N,VIIRS,1,Montane & Hills
33.41827,-110.86523,333.54,0.45,0.63,2026-09-22,835,N,nominal,2.0NRT,290.69,5.41,N,VIIRS,1,Montane & Hills
32.90459,-112.90153,355.08,0.59,0.7,2026-09-22,835,N,nominal,2.0NRT,293.26,7.65,N,VIIRS,1,Montane & Hills
32.90568,-112.90085,350.33,0.58,0.7,2026-09-22,835,N,nominal,2.0NRT,293.36,9.4,N,VIIRS,1,Montane & Hills
32.89912,-112.90125,309.43,0.58,0.7,2026-09-22,835,N,nominal,2.0NRT,290.45,1.91,N,VIIRS,1,Montane & Hills
48.48914,-123.77577,329.91,0.48,0.4,2026-09-22,1011,N,nominal,2.0NRT,280.85,3.64,N,VIIRS,1,Montane & Hills
48.48766,-123.76289,342.53,0.48,0.4,2026-09-22,1011,N,nominal,2.0NRT,286.94,3.73,N,VIIRS,1,Montane & Hills
48.48693,-123.75655,339.93,0.48,0.4,2026-09-22,1011,N,nominal,2.0NRT,307.7,47.75,N,VIIRS,1,Montane & Hills
48.4884,-123.76929,302.81,0.48,0.4,2026-09-22,1011,N,nominal,2.0NRT,284.19,3.73,N,VIIRS,1,Montane & Hills
48.48476,-123.77042,308.1,0.48,0.4,2026-09-22,1011,N,nominal,2.0NRT,281.33,3.73,N,VIIRS,1,Montane & Hills
48.48403,-123.76407,297.24,0.48,0.4,2026-09-22,1011,N,nominal,2.0NRT,280.21,3.73,N,VIIRS,1,Montane & Hills
48.48332,-123.75788,301.42,0.48,0.4,2026-09-22,1011,N,nominal,2.0NRT,280.67,47.75,N,VIIRS,1,Montane & Hills
48.06933,-120.84083,296.9,0.4,0.37,2026-09-22,1011,N,nominal,2.0NRT,283.66,0.68,N,VIIRS,1,Montane & Hills
48.06523,-120.83648,295.86,0.4,0.37,2026-09-22,1011,N,nominal,2.0NRT,283.2,0.7,N,VIIRS,1,Montane & Hills
47.18446,-115.78902,300.69,0.42,0.38,2026-09-22,1011,N,nominal,2.0NRT,274.95,1.43,N,VIIRS,1,Montane & Hills
47.88518,-120.57842,298.36,0.39,0.37,2026-09-22,1011,N,nominal,2.0NRT,278.26,0.73,N,VIIRS,1,Montane & Hills
45.94786,-111.47632,295.0,0.42,0.45,2026-09-22,1011,N,nominal,2.0NRT,281.76,0.71,N,VIIRS,1,Montane & Hills
47.48367,-121.21152,306.71,0.4,0.37,2026-09-22,1011,N,nominal,2.0NRT,261.34,0.78,N,VIIRS,1,Montane & Hills
47.48033,-121.21264,303.77,0.4,0.37,2026-09-22,1011,N,nominal,2.0NRT,261.53,0.84,N,VIIRS,1,Montane & Hills
45.80118,-120.1667,300.92,0.38,0.36,2026-09-22,1011,N,nominal,2.0NRT,280.67,0.89,N,VIIRS,1,Montane & Hills
45.63884,-120.22498,311.19,0.38,0.36,2026-09-22,1011,N,nominal,2.0NRT,281.04,0.99,N,VIIRS,1,Montane & Hills
45.56547,-121.1422,298.2,0.39,0.36,2026-09-22,1011,N,nominal,2.0NRT,283.45,0.42,N,VIIRS,1,Montane & Hills
45.56197,-122.73797,297.35,0.42,0.38,2026-09-22,1011,N,nominal,2.0NRT,282.92,0.74,N,VIIRS,1,Montane & Hills
44.5428,-117.42415,297.65,0.41,0.37,2026-09-22,1011,N,nominal,2.0NRT,283.51,0.53,N,VIIRS,1,Montane & Hills
42.68764,-111.58994,341.95,0.5,0.49,2026-09-22,1011,N,nominal,2.0NRT,278.24,7.98,N,VIIRS,1,Montane & Hills
42.68908,-111.59573,302.43,0.5,0.49,2026-09-22,1011,N,nominal,2.0NRT,270.16,7.98,N,VIIRS,1,Montane & Hills
42.68578,-111.59129,343.79,0.5,0.49,2026-09-22,1011,N,nominal,2.0NRT,282.55,19.33,N,VIIRS,1,Montane & Hills
43.1789,-115.73576,299.58,0.48,0.4,2026-09-22,1013,N,nominal,2.0NRT,274.75,0.55,N,VIIRS,1,Montane & Hills
43.17939,-115.73111,299.27,0.48,0.4,2026-09-22,1013,N,nominal,2.0NRT,275.25,0.81,N,VIIRS,1,Montane & Hills
42.38442,-122.77537,304.08,0.4,0.37,2026-09-22,1013,N,nominal,2.0NRT,284.65,0.62,N,VIIRS,1,Montane & Hills
40.82058,-114.25502,301.89,0.41,0.45,2026-09-22,1013,N,nominal,2.0NRT,272.32,1.54,N,VIIRS,1,Montane & Hills
40.73737,-122.32311,303.94,0.39,0.36,2026-09-22,1013,N,nominal,2.0NRT,288.45,0.67,N,VIIRS,1,Montane & Hills
39.62105,-119.26257,311.8,0.42,0.37,2026-09-22,1013,N,nominal,2.0NRT,288.72,1.31,N,VIIRS,1,Montane & Hills
37.63468,-119.60751,339.68,0.43,0.38,2026-09-22,1013,N,nominal,2.0NRT,283.22,7.95,N,VIIRS,1,Montane & Hills
37.6338,-119.60268,308.65,0.43,0.38,2026-09-22,1013,N,nominal,2.0NRT,276.29,1.75,N,VIIRS,1,Montane & Hills
37.63293,-119.59796,317.33,0.43,0.38,2026-09-22,1013,N,nominal,2.0NRT,275.67,1.75,N,VIIRS,1,Montane & Hills
37.63214,-119.61337,336.51,0.43,0.38,2026-09-22,1013,N,nominal,2.0NRT,280.27,7.95,N,VIIRS,1,Montane & Hills
37.63126,-119.60852,334.73,0.43,0.38,2026-09-22,1013,N,nominal,2.0NRT,283.16,7.95,N,VIIRS,1,Montane & Hills
37.62952,-119.59901,321.69,0.43,0.38,2026-09-22,1013,N,nominal,2.0NRT,276.4,1.75,N,VIIRS,1,Montane & Hills
37.63038,-119.60371,302.2,0.43,0.38,2026-09-22,1013,N,nominal,2.0NRT,274.87,1.75,N,VIIRS,1,Montane & Hills
37.62872,-119.61436,339.5,0.43,0.38,2026-09-22,1013,N,nominal,2.0NRT,282.48,10.82,N,VIIRS,1,Montane & Hills
37.62784,-119.60954,315.24,0.43,0.38,2026-09-22,1013,N,nominal,2.0NRT,278.54,10.82,N,VIIRS,1,Montane & Hills
37.62611,-119.6001,303.23,0.43,0.38,2026-09-22,1013,N,nominal,2.0NRT,275.6,1.09,N,VIIRS,1,Montane & Hills
37.62529,-119.6153,347.54,0.43,0.38,2026-09-22,1013,N,nominal,2.0NRT,283.19,10.82,N,VIIRS,1,Montane & Hills
37.62442,-119.61059,309.39,0.43,0.38,2026-09-22,1013,N,nominal,2.0NRT,278.42,10.82,N,VIIRS,1,Montane & Hills
37.62356,-119.60583,295.08,0.43,0.38,2026-09-22,1013,N,nominal,2.0NRT,275.62,1.09,N,VIIRS,1,Montane & Hills
37.6227,-119.60117,308.77,0.43,0.38,2026-09-22,1013,N,nominal,2.0NRT,277.97,1.09,N,VIIRS,1,Montane & Hills
37.6227,-119.6208,327.92,0.43,0.38,2026-09-22,1013,N,nominal,2.0NRT,284.52,7.64,N,VIIRS,1,Montane & Hills
37.62185,-119.61623,342.82,0.43,0.38,2026-09-22,1013,N,nominal,2.0NRT,298.94,21.27,N,VIIRS,1,Montane & Hills
37.6193,-119.60226,323.49,0.43,0.38,2026-09-22,1013,N,nominal,2.0NRT,278.28,2.58,N,VIIRS,1,Montane & Hills
37.62101,-119.61163,314.58,0.43,0.38,2026-09-22,1013,N,nominal,2.0NRT,277.86,21.27,N,VIIRS,1,Montane & Hills
37.61845,-119.59768,301.85,0.43,0.38,2026-09-22,1013,N,nominal,2.0NRT,277.31,1.26,N,VIIRS,1,Montane & Hills
37.61925,-119.62165,325.17,0.43,0.38,2026-09-22,1013,N,nominal,2.0NRT,280.19,7.64,N,VIIRS,1,Montane & Hills
37.61842,-119.61713,351.88,0.43,0.38,2026-09-22,1013,N,nominal,2.0NRT,288.76,21.27,N,VIIRS,1,Montane & Hills
37.6159,-119.60343,317.05,0.43,0.38,2026-09-22,1013,N,nominal,2.0NRT,279.31,2.58,N,VIIRS,1,Montane & Hills
37.61505,-119.59881,312.79,0.43,0.38,2026-09-22,1013,N,nominal,2.0NRT,277.4,1.26,N,VIIRS,1,Montane & Hills
37.61581,-119.62255,339.14,0.43,0.38,2026-09-22,1013,N,nominal,2.0NRT,285.44,4.15,N,VIIRS,1,Montane & Hills
37.61164,-119.59991,332.89,0.43,0.38,2026-09-22,1013,N,nominal,2.0NRT,285.9,15.27,N,VIIRS,1,Montane & Hills
37.61079,-119.59525,327.87,0.43,0.38,2026-09-22,1013,N,nominal,2.0NRT,282.09,15.27,N,VIIRS,1,Montane & Hills
37.60992,-119.59053,327.14,0.43,0.38,2026-09-22,1013,N,nominal,2.0NRT,280.71,2.97,N,VIIRS,1,Montane & Hills
37.61498,-119.61804,305.28,0.43,0.38,2026-09-22,1013,N,nominal,2.0NRT,280.12,2.71,N,VIIRS,1,Montane & Hills
37.61249,-119.60451,301.1,0.43,0.38,2026-09-22,1013,N,nominal,2.0NRT,277.56,6.46,N,VIIRS,1,Montane & Hills
37.60991,-119.61004,350.99,0.43,0.38,2026-09-22,1013,N,nominal,2.0NRT,291.23,6.46,N,VIIRS,1,Montane & Hills
37.60822,-119.60086,352.66,0.43,0.38,2026-09-22,1013,N,nominal,2.0NRT,301.46,15.27,N,VIIRS,1,Montane & Hills
37.60736,-119.59624,348.55,0.43,0.38,2026-09-22,1013,N,nominal,2.0NRT,283.28,15.27,N,VIIRS,1,Montane & Hills
37.61238,-119.62347,314.26,0.43,0.38,2026-09-22,1013,N,nominal,2.0NRT,281.87,4.15,N,VIIRS,1,Montane & Hills
37.60906,-119.60548,318.77,0.43,0.38,2026-09-22,1013,N,nominal,2.0NRT,285.48,6.46,N,VIIRS,1,Montane & Hills
37.6065,-119.59157,319.62,0.43,0.38,2026-09-22,1013,N,nominal,2.0NRT,280.27,2.97,N,VIIRS,1,Montane & Hills
37.60648,-119.61101,339.6,0.43,0.38,2026-09-22,1013,N,nominal,2.0NRT,282.27,4.72,N,VIIRS,1,Montane & Hills
37.60563,-119.60639,332.2,0.43,0.38,2026-09-22,1013,N,nominal,2.0NRT,286.27,4.72,N,VIIRS,1,Montane & Hills
37.60478,-119.60179,352.87,0.43,0.38,2026-09-22,1013,N,nominal,2.0NRT,294.25,16.17,N,VIIRS,1,Montane & Hills
37.60393,-119.59718,347.81,0.43,0.38,2026-09-22,1013,N,nominal,2.0NRT,288.61,16.17,N,VIIRS,1,Montane & Hills
37.60221,-119.60741,322.05,0.43,0.38,2026-09-22,1013,N,nominal,2.0NRT,281.46,4.72,N,VIIRS,1,Montane & Hills
37.60135,-119.60276,353.7,0.43,0.38,2026-09-22,1013,N,nominal,2.0NRT,284.96,16.17,N,VIIRS,1,Montane & Hills
37.60049,-119.59806,329.6,0.43,0.38,2026-09-22,1013,N,nominal,2.0NRT,282.33,16.17,N,VIIRS,1,Montane & Hills
37.59876,-119.58868,345.63,0.43,0.38,2026-09-22,1013,N,nominal,2.0NRT,280.53,7.2,N,VIIRS,1,Montane & Hills
37.5953,-119.58952,330.43,0.43,0.38,2026-09-22,1013,N,nominal,2.0NRT,285.27,7.0,N,VIIRS,1,Montane & Hills
37.59966,-119.61313,300.59,0.43,0.38,2026-09-22,1013,N,nominal,2.0NRT,279.71,1.52,N,VIIRS,1,Montane & Hills
37.59793,-119.60376,300.4,0.43,0.38,2026-09-22,1013,N,nominal,2.0NRT,278.68,2.18,N,VIIRS,1,Montane & Hills
37.59616,-119.59418,310.77,0.43,0.38,2026-09-22,1013,N,nominal,2.0NRT,280.66,7.0,N,VIIRS,1,Montane & Hills
37.59273,-119.59511,336.61,0.43,0.38,2026-09-22,1013,N,nominal,2.0NRT,284.48,7.0,N,VIIRS,1,Montane & Hills
37.59185,-119.59034,347.02,0.43,0.38,2026-09-22,1013,N,nominal,2.0NRT,288.38,7.0,N,VIIRS,1,Montane & Hills
37.58929,-119.59607,328.78,0.43,0.38,2026-09-22,1013,N,nominal,2.0NRT,282.06,3.89,N,VIIRS,1,Montane & Hills
37.5884,-119.59122,316.08,0.43,0.38,2026-09-22,1013,N,nominal,2.0NRT,277.45,3.89,N,VIIRS,1,Montane & Hills
37.57895,-119.59873,326.81,0.43,0.38,2026-09-22,1013,N,nominal,2.0NRT,279.87,2.52,N,VIIRS,1,Montane & Hills
37.57807,-119.59393,304.29,0.43,0.38,2026-09-22,1013,N,nominal,2.0NRT,277.34,2.52,N,VIIRS,1,Montane & Hills
37.75648,-121.65978,300.63,0.39,0.36,2026-09-22,1013,N,nominal,2.0NRT,284.3,0.47,N,VIIRS,1,Montane & Hills
36.35664,-114.91039,306.98,0.48,0.48,2026-09-22,1013,N,nominal,2.0NRT,288.91,1.5,N,VIIRS,1,Montane & Hills
36.35746,-114.91153,305.78,0.48,0.48,2026-09-22,1013,N,nominal,2.0NRT,288.61,1.4,N,VIIRS,1,Montane & Hills
37.45694,-121.93135,298.08,0.39,0.36,2026-09-22,1013,N,nominal,2.0NRT,286.17,0.34,N,VIIRS,1,Montane & Hills
37.45364,-121.93221,302.85,0.39,0.36,2026-09-22,1013,N,nominal,2.0NRT,285.67,0.34,N,VIIRS,1,Montane & Hills
37.03849,-120.13866,323.84,0.42,0.37,2026-09-22,1013,N,nominal,2.0NRT,284.93,2.2,N,VIIRS,1,Montane & Hills
37.03085,-120.13593,295.43,0.42,0.37,2026-09-22,1013,N,nominal,2.0NRT,284.61,0.35,N,VIIRS,1,Montane & Hills
36.79872,-120.1614,295.79,0.42,0.38,2026-09-22,1013,N,nominal,2.0NRT,285.18,0.43,N,VIIRS,1,Montane & Hills
34.78024,-112.0827,298.38,0.37,0.58,2026-09-22,1013,N,nominal,2.0NRT,280.0,1.37,N,VIIRS,1,Montane & Hills
34.62411,-117.10202,305.97,0.4,0.44,2026-09-22,1015,N,nominal,2.0NRT,287.33,1.63,N,VIIRS,1,Montane & Hills
34.62321,-117.09773,301.71,0.4,0.44,2026-09-22,1015,N,nominal,2.0NRT,287.33,1.27,N,VIIRS,1,Montane & Hills
34.6096,-117.33466,315.47,0.39,0.44,2026-09-22,1015,N,nominal,2.0NRT,288.48,0.9,N,VIIRS,1,Montane & Hills
34.35353,-116.85442,303.89,0.42,0.45,2026-09-22,1015,N,nominal,2.0NRT,286.75,1.46,N,VIIRS,1,Montane & Hills
34.3554,-116.85114,305.35,0.42,0.45,2026-09-22,1015,N,nominal,2.0NRT,288.07,0.7,N,VIIRS,1,Montane & Hills
34.43149,-118.64364,308.75,0.51,0.41,2026-09-22,1015,N,nominal,2.0NRT,286.16,1.17,N,VIIRS,1,Montane & Hills
34.33596,-118.51613,305.38,0.52,0.42,2026-09-22,1015,N,nominal,2.0NRT,286.09,0.97,N,VIIRS,1,Montane & Hills
34.24456,-118.38036,296.74,0.53,0.42,2026-09-22,1015,N,nominal,2.0NRT,286.7,0.29,N,VIIRS,1,Montane & Hills
32.90355,-112.90147,367.0,0.37,0.58,2026-09-22,1015,N,high,2.0NRT,292.94,11.4,N,VIIRS,1,Montane & Hills
32.90258,-112.89763,324.8,0.37,0.58,2026-09-22,1015,N,nominal,2.0NRT,289.98,5.64,N,VIIRS,1,Montane & Hills
32.53963,-115.51922,301.9,0.54,0.51,2026-09-22,1015,N,nominal,2.0NRT,291.16,0.9,N,VIIRS,1,Montane & Hills
49.45185,-118.08704,306.45,0.38,0.36,2026-09-22,1013,N,nominal,2.0NRT,286.44,1.31,N,VIIRS,1,Montane & Hills
49.45103,-118.08184,308.57,0.38,0.36,2026-09-22,1013,N,nominal,2.0NRT,287.24,1.31,N,VIIRS,1,Montane & Hills
49.45021,-118.07662,297.23,0.38,0.36,2026-09-22,1013,N,nominal,2.0NRT,285.24,0.58,N,VIIRS,1,Montane & Hills
49.44777,-118.08305,322.11,0.38,0.36,2026-09-22,1013,N,nominal,2.0NRT,288.99,1.31,N,VIIRS,1,Montane & Hills
49.4486,-118.08827,312.32,0.38,0.36,2026-09-22,1013,N,nominal,2.0NRT,287.57,1.31,N,VIIRS,1,Montane & Hills
49.44695,-118.07785,308.78,0.38,0.36,2026-09-22,1013,N,nominal,2.0NRT,287.0,0.58,N,VIIRS,1,Montane & Hills
49.44613,-118.07263,298.49,0.38,0.36,2026-09-22,1013,N,nominal,2.0NRT,285.37,0.58,N,VIIRS,1,Montane & Hills
49.4453,-118.06743,296.79,0.38,0.36,2026-09-22,1013,N,nominal,2.0NRT,285.56,0.63,N,VIIRS,1,Montane & Hills
49.44592,-118.08578,315.07,0.38,0.36,2026-09-22,1013,N,nominal,2.0NRT,287.38,1.35,N,VIIRS,1,Montane & Hills
49.44508,-118.08058,317.24,0.38,0.36,2026-09-22,1013,N,nominal,2.0NRT,288.65,1.35,N,VIIRS,1,Montane & Hills
49.44423,-118.07538,307.03,0.38,0.36,2026-09-22,1013,N,nominal,2.0NRT,287.56,0.88,N,VIIRS,1,Montane & Hills
49.4434,-118.07018,302.82,0.38,0.36,2026-09-22,1013,N,nominal,2.0NRT,285.75,0.88,N,VIIRS,1,Montane & Hills
49.44256,-118.06497,304.45,0.38,0.36,2026-09-22,1013,N,nominal,2.0NRT,286.24,1.29,N,VIIRS,1,Montane & Hills
49.43931,-118.06618,322.58,0.38,0.36,2026-09-22,1013,N,nominal,2.0NRT,287.13,1.29,N,VIIRS,1,Montane & Hills
49.44182,-118.0818,300.87,0.38,0.36,2026-09-22,1013,N,nominal,2.0NRT,286.2,1.35,N,VIIRS,1,Montane & Hills
49.44099,-118.07658,308.87,0.38,0.36,2026-09-22,1013,N,nominal,2.0NRT,286.11,0.88,N,VIIRS,1,Montane & Hills
49.44014,-118.07137,303.2,0.38,0.36,2026-09-22,1013,N,nominal,2.0NRT,285.69,0.88,N,VIIRS,1,Montane & Hills
49.43847,-118.06098,307.04,0.38,0.36,2026-09-22,1013,N,nominal,2.0NRT,285.92,1.29,N,VIIRS,1,Montane & Hills
49.4369,-118.07259,301.71,0.38,0.36,2026-09-22,1013,N,nominal,2.0NRT,285.67,0.77,N,VIIRS,1,Montane & Hills
49.43605,-118.0674,310.91,0.38,0.36,2026-09-22,1013,N,nominal,2.0NRT,286.1,0.67,N,VIIRS,1,Montane & Hills
49.43522,-118.06219,299.13,0.38,0.36,2026-09-22,1013,N,nominal,2.0NRT,285.67,0.67,N,VIIRS,1,Montane & Hills
49.4328,-118.0686,298.87,0.38,0.36,2026-09-22,1013,N,nominal,2.0NRT,285.53,0.67,N,VIIRS,1,Montane & Hills
49.43196,-118.06339,300.58,0.38,0.36,2026-09-22,1013,N,nominal,2.0NRT,285.82,0.67,N,VIIRS,1,Montane & Hills
49.42871,-118.06461,302.95,0.38,0.36,2026-09-22,1013,N,nominal,2.0NRT,286.27,1.12,N,VIIRS,1,Montane & Hills
49.42788,-118.05939,299.36,0.38,0.36,2026-09-22,1013,N,nominal,2.0NRT,286.13,0.63,N,VIIRS,1,Montane & Hills
49.42462,-118.06062,297.64,0.38,0.36,2026-09-22,1013,N,nominal,2.0NRT,285.38,0.63,N,VIIRS,1,Montane & Hills
49.42379,-118.0554,301.83,0.38,0.36,2026-09-22,1013,N,nominal,2.0NRT,285.0,0.63,N,VIIRS,1,Montane & Hills
49.86267,-121.44374,344.14,0.42,0.38,2026-09-22,1013,N,nominal,2.0NRT,286.01,10.43,N,VIIRS,1,Montane & Hills
49.8609,-121.54233,303.16,0.43,0.38,2026-09-22,1013,N,nominal,2.0NRT,280.41,0.96,N,VIIRS,1,Montane & Hills
49.85682,-121.53841,304.08,0.43,0.38,2026-09-22,1013,N,nominal,2.0NRT,281.73,1.4,N,VIIRS,1,Montane & Hills
49.85271,-121.53435,308.52,0.42,0.38,2026-09-22,1013,N,nominal,2.0NRT,283.29,1.52,N,VIIRS,1,Montane & Hills
48.72409,-114.84354,295.37,0.43,0.38,2026-09-22,1013,N,nominal,2.0NRT,281.4,0.5,N,VIIRS,1,Montane & Hills
49.69371,-121.30392,296.47,0.42,0.38,2026-09-22,1013,N,nominal,2.0NRT,276.76,1.12,N,VIIRS,1,Montane & Hills
49.69256,-121.30494,301.2,0.42,0.38,2026-09-22,1013,N,nominal,2.0NRT,276.53,1.28,N,VIIRS,1,Montane & Hills
49.68424,-121.24162,299.17,0.42,0.37,2026-09-22,1013,N,nominal,2.0NRT,281.62,1.07,N,VIIRS,1,Montane & Hills
49.67775,-121.2194,340.73,0.42,0.37,2026-09-22,1013,N,nominal,2.0NRT,286.01,12.25,N,VIIRS,1,Montane & Hills
49.67698,-121.21351,314.32,0.42,0.37,2026-09-22,1013,N,nominal,2.0NRT,280.73,3.88,N,VIIRS,1,Montane & Hills
48.89519,-116.60739,303.41,0.39,0.37,2026-09-22,1013,N,nominal,2.0NRT,280.34,0.86,N,VIIRS,1,Montane & Hills
49.11042,-120.98222,315.07,0.41,0.37,2026-09-22,1013,N,nominal,2.0NRT,279.85,1.33,N,VIIRS,1,Montane & Hills
49.10967,-120.97662,301.45,0.41,0.37,2026-09-22,1013,N,nominal,2.0NRT,278.61,1.33,N,VIIRS,1,Montane & Hills
49.11097,-120.98309,306.05,0.41,0.37,2026-09-22,1013,N,nominal,2.0NRT,278.71,1.64,N,VIIRS,1,Montane & Hills
49.1102,-120.9775,305.82,0.41,0.37,2026-09-22,1013,N,nominal,2.0NRT,279.91,1.1,N,VIIRS,1,Montane & Hills
49.10686,-120.97877,300.81,0.41,0.37,2026-09-22,1013,N,nominal,2.0NRT,279.13,1.1,N,VIIRS,1,Montane & Hills
49.10189,-120.96819,300.23,0.41,0.37,2026-09-22,1013,N,nominal,2.0NRT,277.14,0.78,N,VIIRS,1,Montane & Hills
49.10112,-120.96252,296.36,0.41,0.37,2026-09-22,1013,N,nominal,2.0NRT,276.45,0.78,N,VIIRS,1,Montane & Hills
49.09855,-120.96938,305.61,0.41,0.37,2026-09-22,1013,N,nominal,2.0NRT,278.94,0.78,N,VIIRS,1,Montane & Hills
49.09776,-120.96363,300.02,0.41,0.37,2026-09-22,1013,N,nominal,2.0NRT,276.9,0.78,N,VIIRS,1,Montane & Hills
49.0952,-120.97067,320.35,0.41,0.37,2026-09-22,1013,N,nominal,2.0NRT,281.1,1.63,N,VIIRS,1,Montane & Hills
49.09604,-120.97675,298.64,0.41,0.37,2026-09-22,1013,N,nominal,2.0NRT,280.22,1.21,N,VIIRS,1,Montane & Hills
49.09439,-120.96475,307.43,0.41,0.37,2026-09-22,1013,N,nominal,2.0NRT,277.1,1.63,N,VIIRS,1,Montane & Hills
49.09105,-120.96601,303.65,0.41,0.37,2026-09-22,1013,N,nominal,2.0NRT,277.65,1.63,N,VIIRS,1,Montane & Hills
49.08935,-120.97933,322.86,0.41,0.37,2026-09-22,1013,N,nominal,2.0NRT,281.04,2.27,N,VIIRS,1,Montane & Hills
49.08854,-120.97332,300.67,0.41,0.37,2026-09-22,1013,N,nominal,2.0NRT,279.19,1.08,N,VIIRS,1,Montane & Hills
49.08771,-120.96729,299.38,0.41,0.37,2026-09-22,1013,N,nominal,2.0NRT,276.62,1.08,N,VIIRS,1,Montane & Hills
49.08337,-120.98711,299.98,0.41,0.37,2026-09-22,1013,N,nominal,2.0NRT,281.14,1.13,N,VIIRS,1,Montane & Hills
49.08081,-120.99416,319.67,0.41,0.37,2026-09-22,1013,N,nominal,2.0NRT,280.52,2.64,N,VIIRS,1,Montane & Hills
49.07999,-120.98814,309.8,0.41,0.37,2026-09-22,1013,N,nominal,2.0NRT,280.41,1.13,N,VIIRS,1,Montane & Hills
49.08948,-121.08453,326.88,0.41,0.37,2026-09-22,1013,N,nominal,2.0NRT,282.49,4.28,N,VIIRS,1,Montane & Hills
49.08869,-121.07868,328.13,0.41,0.37,2026-09-22,1013,N,nominal,2.0NRT,283.28,1.76,N,VIIRS,1,Montane & Hills
49.08537,-121.08017,303.66,0.41,0.37,2026-09-22,1013,N,nominal,2.0NRT,281.13,1.76,N,VIIRS,1,Montane & Hills
49.05626,-120.99478,295.86,0.41,0.37,2026-09-22,1013,N,nominal,2.0NRT,278.22,0.74,N,VIIRS,1,Montane & Hills
48.92579,-121.0388,320.26,0.41,0.37,2026-09-22,1013,N,nominal,2.0NRT,283.36,2.39,N,VIIRS,1,Montane & Hills
48.92661,-121.04494,314.5,0.41,0.37,2026-09-22,1013,N,nominal,2.0NRT,285.32,2.39,N,VIIRS,1,Montane & Hills
48.82198,-120.66467,321.78,0.4,0.37,2026-09-22,1013,N,nominal,2.0NRT,267.07,2.89,N,VIIRS,1,Montane & Hills
48.85193,-121.21926,295.56,0.41,0.37,2026-09-22,1013,N,nominal,2.0NRT,261.36,1.05,N,VIIRS,1,Montane & Hills
48.83485,-121.22339,295.74,0.41,0.37,2026-09-22,1013,N,nominal,2.0NRT,261.34,0.68,N,VIIRS,1,Montane & Hills
48.8214,-121.1223,312.83,0.41,0.37,2026-09-22,1013,N,nominal,2.0NRT,273.4,1.9,N,VIIRS,1,Montane & Hills
48.82069,-121.11701,306.73,0.41,0.37,2026-09-22,1013,N,nominal,2.0NRT,270.04,1.06,N,VIIRS,1,Montane & Hills
48.8181,-121.12399,306.36,0.41,0.37,2026-09-22,1013,N,nominal,2.0NRT,272.37,1.9,N,VIIRS,1,Montane & Hills
48.81556,-121.13149,310.84,0.41,0.37,2026-09-22,1013,N,nominal,2.0NRT,273.41,2.05,N,VIIRS,1,Montane & Hills
48.8148,-121.12579,309.46,0.41,0.37,2026-09-22,1013,N,nominal,2.0NRT,273.46,2.05,N,VIIRS,1,Montane & Hills
48.8115,-121.12753,333.35,0.41,0.37,2026-09-22,1013,N,nominal,2.0NRT,275.52,2.05,N,VIIRS,1,Montane & Hills
48.813,-121.1388,298.5,0.41,0.37,2026-09-22,1013,N,nominal,2.0NRT,271.33,1.15,N,VIIRS,1,Montane & Hills
48.81225,-121.13317,308.21,0.41,0.37,2026-09-22,1013,N,nominal,2.0NRT,273.29,2.05,N,VIIRS,1,Montane & Hills
48.81076,-121.12201,311.86,0.41,0.37,2026-09-22,1013,N,nominal,2.0NRT,268.45,1.54,N,VIIRS,1,Montane & Hills
48.80893,-121.13481,349.69,0.41,0.37,2026-09-22,1013,N,nominal,2.0NRT,277.61,3.72,N,VIIRS,1,Montane & Hills
48.80967,-121.14033,299.34,0.41,0.37,2026-09-22,1013,N,nominal,2.0NRT,273.38,2.81,N,VIIRS,1,Montane & Hills
48.8082,-121.12926,313.05,0.41,0.37,2026-09-22,1013,N,nominal,2.0NRT,273.91,3.72,N,VIIRS,1,Montane & Hills
48.80561,-121.13635,328.78,0.41,0.37,2026-09-22,1013,N,nominal,2.0NRT,275.22,3.72,N,VIIRS,1,Montane & Hills
48.80674,-121.13663,338.81,0.41,0.37,2026-09-22,1013,N,nominal,2.0NRT,278.54,8.18,N,VIIRS,1,Montane & Hills
48.79278,-121.11174,309.09,0.41,0.37,2026-09-22,1013,N,nominal,2.0NRT,274.11,0.94,N,VIIRS,1,Montane & Hills
48.78768,-121.15216,320.39,0.41,0.37,2026-09-22,1013,N,nominal,2.0NRT,262.59,1.19,N,VIIRS,1,Montane & Hills
48.78692,-121.14652,315.67,0.41,0.37,2026-09-22,1013,N,nominal,2.0NRT,271.83,3.75,N,VIIRS,1,Montane & Hills
48.78619,-121.14117,296.43,0.41,0.37,2026-09-22,1013,N,nominal,2.0NRT,270.99,3.75,N,VIIRS,1,Montane & Hills
48.78549,-121.13599,297.69,0.41,0.37,2026-09-22,1013,N,nominal,2.0NRT,275.84,7.83,N,VIIRS,1,Montane & Hills
48.78478,-121.13071,304.85,0.41,0.37,2026-09-22,1013,N,nominal,2.0NRT,270.4,7.83,N,VIIRS,1,Montane & Hills
48.78349,-121.14724,327.66,0.41,0.37,2026-09-22,1013,N,nominal,2.0NRT,272.04,3.75,N,VIIRS,1,Montane & Hills
48.78277,-121.14193,334.94,0.41,0.37,2026-09-22,1013,N,nominal,2.0NRT,272.39,3.75,N,VIIRS,1,Montane & Hills
48.78209,-121.13683,345.19,0.41,0.37,2026-09-22,1013,N,nominal,2.0NRT,288.09,7.83,N,VIIRS,1,Montane & Hills
48.78426,-121.1529,302.31,0.41,0.37,2026-09-22,1013,N,nominal,2.0NRT,259.36,1.19,N,VIIRS,1,Montane & Hills
48.78138,-121.13158,295.73,0.41,0.37,2026-09-22,1013,N,nominal,2.0NRT,269.48,7.83,N,VIIRS,1,Montane & Hills
48.78007,-121.14799,324.77,0.41,0.37,2026-09-22,1013,N,nominal,2.0NRT,267.67,13.09,N,VIIRS,1,Montane & Hills
48.77936,-121.14274,356.05,0.41,0.37,2026-09-22,1013,N,nominal,2.0NRT,283.08,13.09,N,VIIRS,1,Montane & Hills
48.77868,-121.13766,334.01,0.41,0.37,2026-09-22,1013,N,nominal,2.0NRT,276.08,18.6,N,VIIRS,1,Montane & Hills
48.77595,-121.14359,331.18,0.41,0.37,2026-09-22,1013,N,nominal,2.0NRT,266.34,13.09,N,VIIRS,1,Montane & Hills
47.73847,-115.23216,333.59,0.43,0.38,2026-09-22,1013,N,nominal,2.0NRT,283.34,7.77,N,VIIRS,1,Montane & Hills
47.7373,-115.22614,332.78,0.43,0.38,2026-09-22,1013,N,nominal,2.0NRT,282.5,7.77,N,VIIRS,1,Montane & Hills
47.73509,-115.2337,300.84,0.43,0.38,2026-09-22,1013,N,nominal,2.0NRT,276.96,2.0,N,VIIRS,1,Montane & Hills
48.88649,-122.73913,302.6,0.45,0.39,2026-09-22,1013,N,nominal,2.0NRT,286.1,1.01,N,VIIRS,1,Montane & Hills
48.88575,-122.73301,296.73,0.45,0.39,2026-09-22,1013,N,nominal,2.0NRT,285.05,1.01,N,VIIRS,1,Montane & Hills
48.82951,-122.69185,295.71,0.45,0.39,2026-09-22,1013,N,nominal,2.0NRT,285.58,0.58,N,VIIRS,1,Montane & Hills
49.0312,-124.53568,297.11,0.51,0.41,2026-09-22,1013,N,nominal,2.0NRT,279.97,1.47,N,VIIRS,1,Montane & Hills
49.02744,-124.53697,303.59,0.51,0.41,2026-09-22,1013,N,nominal,2.0NRT,279.81,1.47,N,VIIRS,1,Montane & Hills
48.37868,-120.82561,320.91,0.4,0.37,2026-09-22,1013,N,nominal,2.0NRT,287.0,2.27,N,VIIRS,1,Montane & Hills
48.37643,-120.80943,330.35,0.4,0.37,2026-09-22,1013,N,nominal,2.0NRT,289.73,1.62,N,VIIRS,1,Montane & Hills
48.37794,-120.8203,316.04,0.4,0.37,2026-09-22,1013,N,nominal,2.0NRT,286.87,1.41,N,VIIRS,1,Montane & Hills
48.37719,-120.81494,308.68,0.4,0.37,2026-09-22,1013,N,nominal,2.0NRT,287.32,1.41,N,VIIRS,1,Montane & Hills
48.37569,-120.80411,297.09,0.4,0.37,2026-09-22,1013,N,nominal,2.0NRT,286.74,1.62,N,VIIRS,1,Montane & Hills
48.37531,-120.82651,331.83,0.4,0.37,2026-09-22,1013,N,nominal,2.0NRT,287.44,3.56,N,VIIRS,1,Montane & Hills
48.37681,-120.83734,317.78,0.4,0.37,2026-09-22,1013,N,nominal,2.0NRT,286.66,1.11,N,VIIRS,1,Montane & Hills
48.37455,-120.82102,316.63,0.4,0.37,2026-09-22,1013,N,nominal,2.0NRT,286.58,2.36,N,VIIRS,1,Montane & Hills
48.37304,-120.81016,296.71,0.4,0.37,2026-09-22,1013,N,nominal,2.0NRT,286.47,1.39,N,VIIRS,1,Montane & Hills
48.3723,-120.80485,319.31,0.4,0.37,2026-09-22,1013,N,nominal,2.0NRT,287.38,1.39,N,VIIRS,1,Montane & Hills
48.37157,-120.79958,305.31,0.4,0.37,2026-09-22,1013,N,nominal,2.0NRT,287.24,0.82,N,VIIRS,1,Montane & Hills
48.37418,-120.84359,305.83,0.4,0.37,2026-09-22,1013,N,nominal,2.0NRT,285.33,1.11,N,VIIRS,1,Montane & Hills
48.37344,-120.8382,300.68,0.4,0.37,2026-09-22,1013,N,nominal,2.0NRT,285.24,1.11,N,VIIRS,1,Montane & Hills
48.3674,-120.79474,302.49,0.4,0.37,2026-09-22,1013,N,nominal,2.0NRT,285.65,0.82,N,VIIRS,1,Montane & Hills
48.37082,-120.84454,297.8,0.4,0.37,2026-09-22,1013,N,nominal,2.0NRT,285.55,0.76,N,VIIRS,1,Montane & Hills
48.36399,-120.79521,313.71,0.4,0.37,2026-09-22,1013,N,nominal,2.0NRT,284.31,2.14,N,VIIRS,1,Montane & Hills
48.36321,-120.78964,306.25,0.4,0.37,2026-09-22,1013,N,nominal,2.0NRT,284.45,0.98,N,VIIRS,1,Montane & Hills
48.36895,-120.85632,297.97,0.4,0.37,2026-09-22,1013,N,nominal,2.0NRT,284.31,0.98,N,VIIRS,1,Montane & Hills
48.36819,-120.8508,307.62,0.4,0.37,2026-09-22,1013,N,nominal,2.0NRT,285.44,0.98,N,VIIRS,1,Montane & Hills
48.36558,-120.85714,297.49,0.4,0.37,2026-09-22,1013,N,nominal,2.0NRT,285.36,0.88,N,VIIRS,1,Montane & Hills
48.3622,-120.85794,312.25,0.4,0.37,2026-09-22,1013,N,nominal,2.0NRT,285.84,0.88,N,VIIRS,1,Montane & Hills
48.3588,-120.85864,313.59,0.4,0.37,2026-09-22,1013,N,nominal,2.0NRT,284.43,1.8,N,VIIRS,1,Montane & Hills
48.35541,-120.85931,320.49,0.4,0.37,2026-09-22,1013,N,nominal,2.0NRT,283.91,1.8,N,VIIRS,1,Montane & Hills
48.34903,-120.83833,341.8,0.4,0.37,2026-09-22,1013,N,nominal,2.0NRT,287.45,3.7,N,VIIRS,1,Montane & Hills
48.34828,-120.83292,307.9,0.4,0.37,2026-09-22,1013,N,nominal,2.0NRT,281.1,3.7,N,VIIRS,1,Montane & Hills
48.34566,-120.83919,333.31,0.4,0.37,2026-09-22,1013,N,nominal,2.0NRT,283.75,3.7,N,VIIRS,1,Montane & Hills
48.34784,-120.85484,297.61,0.4,0.37,2026-09-22,1013,N,nominal,2.0NRT,280.71,0.7,N,VIIRS,1,Montane & Hills
48.34707,-120.84927,301.51,0.4,0.37,2026-09-22,1013,N,nominal,2.0NRT,279.93,1.25,N,VIIRS,1,Montane & Hills
48.34635,-120.84408,314.81,0.4,0.37,2026-09-22,1013,N,nominal,2.0NRT,281.89,1.25,N,VIIRS,1,Montane & Hills
48.49368,-123.7677,309.79,0.48,0.4,2026-09-22,1013,N,nominal,2.0NRT,284.54,2.08,N,VIIRS,1,Montane & Hills
48.49298,-123.76148,303.83,0.48,0.4,2026-09-22,1013,N,nominal,2.0NRT,283.83,0.88,N,VIIRS,1,Montane & Hills
48.49231,-123.75538,299.34,0.48,0.4,2026-09-22,1013,N,nominal,2.0NRT,282.37,0.88,N,VIIRS,1,Montane & Hills
48.49077,-123.77551,331.64,0.48,0.4,2026-09-22,1013,N,nominal,2.0NRT,284.03,3.47,N,VIIRS,1,Montane & Hills
48.48934,-123.76257,347.8,0.48,0.4,2026-09-22,1013,N,nominal,2.0NRT,290.5,27.39,N,VIIRS,1,Montane & Hills
48.48865,-123.75631,343.51,0.48,0.4,2026-09-22,1013,N,nominal,2.0NRT,306.27,27.39,N,VIIRS,1,Montane & Hills
48.49006,-123.76903,319.1,0.48,0.4,2026-09-22,1013,N,nominal,2.0NRT,285.43,3.47,N,VIIRS,1,Montane & Hills
48.48501,-123.75751,353.67,0.48,0.4,2026-09-22,1013,N,nominal,2.0NRT,286.46,27.39,N,VIIRS,1,Montane & Hills
48.48641,-123.77023,310.09,0.48,0.4,2026-09-22,1013,N,nominal,2.0NRT,282.98,3.47,N,VIIRS,1,Montane & Hills
48.48571,-123.76382,313.99,0.48,0.4,2026-09-22,1013,N,nominal,2.0NRT,282.21,27.39,N,VIIRS,1,Montane & Hills
49.86905,-121.44419,334.38,0.68,0.74,2026-09-22,1151,N,nominal,2.0NRT,282.22,15.68,N,VIIRS,1,Montane & Hills
49.86334,-121.45041,367.0,0.68,0.74,2026-09-22,1151,N,high,2.0NRT,282.13,15.68,N,VIIRS,1,Montane & Hills
49.85997,-121.44169,312.09,0.68,0.74,2026-09-22,1151,N,nominal,2.0NRT,281.05,14.88,N,VIIRS,1,Montane & Hills
49.09439,-120.96563,299.05,0.76,0.77,2026-09-22,1151,N,nominal,2.0NRT,277.12,1.66,N,VIIRS,1,Montane & Hills
49.08036,-120.99421,296.26,0.76,0.77,2026-09-22,1151,N,nominal,2.0NRT,278.22,1.44,N,VIIRS,1,Montane & Hills
49.09037,-121.08344,311.1,0.75,0.77,2026-09-22,1151,N,nominal,2.0NRT,278.51,2.84,N,VIIRS,1,Montane & Hills
48.78834,-121.15276,296.16,0.77,0.77,2026-09-22,1151,N,nominal,2.0NRT,278.47,2.13,N,VIIRS,1,Montane & Hills
48.78539,-121.14542,303.92,0.77,0.77,2026-09-22,1151,N,nominal,2.0NRT,280.71,3.1,N,VIIRS,1,Montane & Hills
48.78498,-121.15223,298.94,0.77,0.77,2026-09-22,1151,N,nominal,2.0NRT,278.47,3.93,N,VIIRS,1,Montane & Hills
48.78154,-121.1435,317.35,0.77,0.77,2026-09-22,1151,N,nominal,2.0NRT,282.53,3.93,N,VIIRS,1,Montane & Hills
48.77608,-121.12969,296.74,0.77,0.77,2026-09-22,1151,N,nominal,2.0NRT,279.54,2.78,N,VIIRS,1,Montane & Hills
49.02769,-124.53981,295.1,0.56,0.69,2026-09-22,1151,N,nominal,2.0NRT,279.57,1.14,N,VIIRS,1,Montane & Hills
48.49329,-123.77826,297.15,0.62,0.72,2026-09-22,1151,N,nominal,2.0NRT,279.61,2.72,N,VIIRS,1,Montane & Hills
48.48713,-123.7615,295.23,0.62,0.72,2026-09-22,1151,N,nominal,2.0NRT,279.82,1.27,N,VIIRS,1,Montane & Hills
48.48301,-123.75031,296.75,0.62,0.72,2026-09-22,1151,N,nominal,2.0NRT,278.44,1.27,N,VIIRS,1,Montane & Hills
48.49426,-123.77477,296.82,0.62,0.72,2026-09-22,1151,N,nominal,2.0NRT,280.05,1.4,N,VIIRS,1,Montane & Hills
48.48805,-123.75762,300.57,0.62,0.72,2026-09-22,1151,N,nominal,2.0NRT,280.27,2.55,N,VIIRS,1,Montane & Hills
48.4881,-123.7789,299.54,0.62,0.72,2026-09-22,1151,N,nominal,2.0NRT,279.94,1.57,N,VIIRS,1,Montane & Hills
32.70178,-114.17472,340.97,0.58,0.69,2026-09-22,1953,N,nominal,2.0NRT,309.73,4.27,D,VIIRS,1,Montane & Hills
32.7028,-114.17764,348.35,0.58,0.69,2026-09-22,1953,N,nominal,2.0NRT,311.94,3.82,D,VIIRS,1,Montane & Hills
32.59421,-115.13638,338.21,0.65,0.73,2026-09-22,1953,N,nominal,2.0NRT,310.66,4.08,D,VIIRS,1,Montane & Hills
34.06156,-114.38364,353.81,0.55,0.68,2026-09-22,1953,N,nominal,2.0NRT,307.75,7.19,D,VIIRS,1,Montane & Hills
34.06563,-114.38163,332.74,0.54,0.68,2026-09-22,1953,N,low,2.0NRT,306.33,8.73,D,VIIRS,1,Montane & Hills
36.56443,-114.45238,340.11,0.47,0.64,2026-09-22,1955,N,nominal,2.0NRT,303.91,2.81,D,VIIRS,1,Montane & Hills
38.35706,-111.6879,338.96,0.61,0.54,2026-09-22,1955,N,nominal,2.0NRT,295.86,9.67,D,VIIRS,1,Montane & Hills
38.35798,-111.68981,340.54,0.61,0.54,2026-09-22,1955,N,nominal,2.0NRT,297.91,7.87,D,VIIRS,1,Montane & Hills
41.73836,-112.46874,337.28,0.55,0.51,2026-09-22,1955,N,nominal,2.0NRT,297.88,3.2,D,VIIRS,1,Montane & Hills
41.74289,-112.47071,329.07,0.55,0.51,2026-09-22,1955,N,nominal,2.0NRT,296.94,3.2,D,VIIRS,1,Montane & Hills
41.73969,-112.46937,341.05,0.55,0.51,2026-09-22,1955,N,nominal,2.0NRT,297.76,10.1,D,VIIRS,1,Montane & Hills
42.01192,-121.80384,329.14,0.74,0.76,2026-09-22,1955,N,nominal,2.0NRT,294.42,6.12,D,VIIRS,1,Montane & Hills
42.01528,-121.81028,331.46,0.74,0.76,2026-09-22,1955,N,nominal,2.0NRT,295.55,9.35,D,VIIRS,1,Montane & Hills
43.81592,-117.03595,367.0,0.4,0.6,2026-09-22,1957,N,high,2.0NRT,312.3,37.04,D,VIIRS,1,Montane & Hills
43.81456,-117.0406,347.14,0.4,0.6,2026-09-22,1957,N,nominal,2.0NRT,300.92,17.92,D,VIIRS,1,Montane & Hills
46.22261,-116.44086,367.0,0.32,0.54,2026-09-22,1957,N,high,2.0NRT,305.43,57.38,D,VIIRS,1,Montane & Hills
46.22365,-116.43707,336.68,0.32,0.54,2026-09-22,1957,N,nominal,2.0NRT,281.4,33.58,D,VIIRS,1,Montane & Hills
46.22158,-116.44466,343.06,0.32,0.54,2026-09-22,1957,N,nominal,2.0NRT,285.93,57.38,D,VIIRS,1,Montane & Hills
46.22055,-116.44846,332.22,0.32,0.54,2026-09-22,1957,N,nominal,2.0NRT,281.41,33.85,D,VIIRS,1,Montane & Hills
46.22734,-116.44353,367.0,0.32,0.54,2026-09-22,1957,N,high,2.0NRT,294.3,57.38,D,VIIRS,1,Montane & Hills
46.22945,-116.43581,325.89,0.32,0.54,2026-09-22,1957,N,nominal,2.0NRT,279.29,33.58,D,VIIRS,1,Montane & Hills
46.2284,-116.43966,344.97,0.32,0.54,2026-09-22,1957,N,nominal,2.0NRT,281.77,33.58,D,VIIRS,1,Montane & Hills
46.2242,-116.45507,333.04,0.32,0.54,2026-09-22,1957,N,nominal,2.0NRT,283.62,33.85,D,VIIRS,1,Montane & Hills
46.2263,-116.44736,208.0,0.32,0.54,2026-09-22,1957,N,low,2.0NRT,316.91,57.38,D,VIIRS,1,Montane & Hills
46.23788,-116.42484,344.89,0.64,0.54,2026-09-22,1957,N,nominal,2.0NRT,282.11,20.02,D,VIIRS,1,Montane & Hills
46.23207,-116.44617,327.95,0.32,0.54,2026-09-22,1957,N,nominal,2.0NRT,280.69,8.09,D,VIIRS,1,Montane & Hills
46.23102,-116.45007,356.9,0.32,0.54,2026-09-22,1957,N,low,2.0NRT,282.54,8.09,D,VIIRS,1,Montane & Hills
46.22996,-116.45395,356.98,0.32,0.54,2026-09-22,1957,N,low,2.0NRT,283.12,12.33,D,VIIRS,1,Montane & Hills
46.22947,-116.43575,326.6,0.64,0.54,2026-09-22,1957,N,nominal,2.0NRT,279.91,8.74,D,VIIRS,1,Montane & Hills
46.23852,-116.42286,330.02,0.63,0.54,2026-09-22,1957,N,nominal,2.0NRT,280.0,8.04,D,VIIRS,1,Montane & Hills
46.23634,-116.43069,341.48,0.64,0.54,2026-09-22,1957,N,nominal,2.0NRT,282.51,8.74,D,VIIRS,1,Montane & Hills
46.24107,-116.4333,325.57,0.64,0.54,2026-09-22,1957,N,nominal,2.0NRT,279.93,1.88,D,VIIRS,1,Montane & Hills
46.29672,-116.42924,342.14,0.63,0.54,2026-09-22,1957,N,nominal,2.0NRT,284.44,24.28,D,VIIRS,1,Montane & Hills
46.29457,-116.4371,356.5,0.63,0.54,2026-09-22,1957,N,nominal,2.0NRT,285.49,24.28,D,VIIRS,1,Montane & Hills
46.30141,-116.43204,340.11,0.63,0.54,2026-09-22,1957,N,nominal,2.0NRT,280.65,24.28,D,VIIRS,1,Montane & Hills
46.29926,-116.43987,350.64,0.63,0.54,2026-09-22,1957,N,nominal,2.0NRT,282.39,24.28,D,VIIRS,1,Montane & Hills
46.02797,-118.18052,330.97,0.38,0.59,2026-09-22,1957,N,nominal,2.0NRT,296.84,4.73,D,VIIRS,1,Montane & Hills
46.03433,-118.17922,367.0,0.38,0.59,2026-09-22,1957,N,high,2.0NRT,296.16,10.14,D,VIIRS,1,Montane & Hills
46.02533,-118.25059,367.0,0.39,0.59,2026-09-22,1957,N,high,2.0NRT,308.09,83.89,D,VIIRS,1,Montane & Hills
46.02675,-118.24574,351.44,0.39,0.59,2026-09-22,1957,N,nominal,2.0NRT,300.69,16.95,D,VIIRS,1,Montane & Hills
46.03037,-118.25384,367.0,0.39,0.59,2026-09-22,1957,N,high,2.0NRT,302.01,84.23,D,VIIRS,1,Montane & Hills
46.03179,-118.249,338.37,0.39,0.59,2026-09-22,1957,N,nominal,2.0NRT,298.87,22.52,D,VIIRS,1,Montane & Hills
46.02753,-118.26351,327.48,0.39,0.59,2026-09-22,1957,N,nominal,2.0NRT,295.94,22.86,D,VIIRS,1,Montane & Hills
46.02895,-118.25867,208.0,0.39,0.59,2026-09-22,1957,N,low,2.0NRT,316.03,84.23,D,VIIRS,1,Montane & Hills
46.5614,-116.47609,354.35,0.62,0.54,2026-09-22,1957,N,nominal,2.0NRT,271.52,43.84,D,VIIRS,1,Montane & Hills
46.1859,-118.15472,333.63,0.38,0.59,2026-09-22,1957,N,nominal,2.0NRT,302.09,4.44,D,VIIRS,1,Montane & Hills
46.1845,-118.15953,348.19,0.38,0.59,2026-09-22,1957,N,nominal,2.0NRT,303.95,4.44,D,VIIRS,1,Montane & Hills
46.18309,-118.16434,330.17,0.38,0.59,2026-09-22,1957,N,nominal,2.0NRT,298.12,3.88,D,VIIRS,1,Montane & Hills
46.1713,-118.22517,367.0,0.38,0.59,2026-09-22,1957,N,high,2.0NRT,303.32,9.58,D,VIIRS,1,Montane & Hills
46.19091,-118.15791,348.36,0.38,0.59,2026-09-22,1957,N,nominal,2.0NRT,305.46,4.44,D,VIIRS,1,Montane & Hills
46.18949,-118.16279,332.27,0.38,0.59,2026-09-22,1957,N,nominal,2.0NRT,301.79,4.44,D,VIIRS,1,Montane & Hills
46.17263,-118.22059,333.22,0.38,0.59,2026-09-22,1957,N,nominal,2.0NRT,301.29,9.56,D,VIIRS,1,Montane & Hills
46.17117,-118.37411,341.57,0.39,0.59,2026-09-22,1957,N,nominal,2.0NRT,290.0,5.08,D,VIIRS,1,Montane & Hills
46.17776,-118.37218,367.0,0.39,0.59,2026-09-22,1957,N,high,2.0NRT,298.45,30.04,D,VIIRS,1,Montane & Hills
46.17629,-118.3771,367.0,0.39,0.59,2026-09-22,1957,N,high,2.0NRT,312.53,30.04,D,VIIRS,1,Montane & Hills
46.1792,-118.36732,342.91,0.39,0.59,2026-09-22,1957,N,nominal,2.0NRT,289.94,7.41,D,VIIRS,1,Montane & Hills
46.17487,-118.38187,346.37,0.39,0.59,2026-09-22,1957,N,nominal,2.0NRT,292.56,30.52,D,VIIRS,1,Montane & Hills
46.18433,-118.37031,332.93,0.39,0.59,2026-09-22,1957,N,nominal,2.0NRT,283.0,7.41,D,VIIRS,1,Montane & Hills
46.18287,-118.37521,333.96,0.39,0.59,2026-09-22,1957,N,nominal,2.0NRT,281.18,30.04,D,VIIRS,1,Montane & Hills
46.24524,-118.20462,349.48,0.38,0.59,2026-09-22,1957,N,nominal,2.0NRT,299.59,6.28,D,VIIRS,1,Montane & Hills
46.2438,-118.2095,337.83,0.38,0.59,2026-09-22,1957,N,nominal,2.0NRT,298.58,4.68,D,VIIRS,1,Montane & Hills
46.25021,-118.20797,341.51,0.38,0.59,2026-09-22,1957,N,nominal,2.0NRT,296.83,3.25,D,VIIRS,1,Montane & Hills
46.24328,-118.29247,367.0,0.38,0.59,2026-09-22,1957,N,high,2.0NRT,309.36,82.53,D,VIIRS,1,Montane & Hills
47.3434,-114.21802,333.11,0.47,0.48,2026-09-22,1957,N,nominal,2.0NRT,281.05,4.07,D,VIIRS,1,Montane & Hills
47.34201,-114.22363,326.04,0.47,0.48,2026-09-22,1957,N,nominal,2.0NRT,279.0,4.07,D,VIIRS,1,Montane & Hills
47.34057,-114.22948,332.17,0.47,0.48,2026-09-22,1957,N,nominal,2.0NRT,277.53,4.14,D,VIIRS,1,Montane & Hills
46.24463,-118.28784,343.33,0.38,0.59,2026-09-22,1957,N,nominal,2.0NRT,298.49,82.53,D,VIIRS,1,Montane & Hills
46.24051,-118.3019,334.63,0.38,0.59,2026-09-22,1957,N,nominal,2.0NRT,297.48,76.7,D,VIIRS,1,Montane & Hills
46.24191,-118.29714,367.0,0.38,0.59,2026-09-22,1957,N,low,2.0NRT,328.32,76.7,D,VIIRS,1,Montane & Hills
46.24967,-118.29104,367.0,0.38,0.59,2026-09-22,1957,N,high,2.0NRT,299.94,10.0,D,VIIRS,1,Montane & Hills
46.24689,-118.3005,367.0,0.38,0.59,2026-09-22,1957,N,high,2.0NRT,296.54,13.47,D,VIIRS,1,Montane & Hills
46.24829,-118.29575,351.7,0.38,0.59,2026-09-22,1957,N,nominal,2.0NRT,297.07,10.0,D,VIIRS,1,Montane & Hills
46.27243,-118.25404,367.0,0.38,0.59,2026-09-22,1957,N,high,2.0NRT,311.75,79.75,D,VIIRS,1,Montane & Hills
46.27113,-118.25851,336.12,0.38,0.59,2026-09-22,1957,N,nominal,2.0NRT,297.0,31.85,D,VIIRS,1,Montane & Hills
46.27571,-118.38913,367.0,0.39,0.59,2026-09-22,1957,N,high,2.0NRT,294.5,13.98,D,VIIRS,1,Montane & Hills
46.28072,-118.39246,357.22,0.39,0.59,2026-09-22,1957,N,low,2.0NRT,276.45,13.98,D,VIIRS,1,Montane & Hills
46.391,-118.1193,350.42,0.37,0.58,2026-09-22,1957,N,nominal,2.0NRT,291.72,7.23,D,VIIRS,1,Montane & Hills
46.39737,-118.11773,350.39,0.37,0.58,2026-09-22,1957,N,nominal,2.0NRT,294.48,13.5,D,VIIRS,1,Montane & Hills
46.39605,-118.12222,348.75,0.37,0.58,2026-09-22,1957,N,nominal,2.0NRT,292.15,7.23,D,VIIRS,1,Montane & Hills
46.40876,-118.09888,367.0,0.37,0.58,2026-09-22,1957,N,high,2.0NRT,299.04,7.15,D,VIIRS,1,Montane & Hills
46.40749,-118.10323,367.0,0.37,0.58,2026-09-22,1957,N,high,2.0NRT,297.48,7.15,D,VIIRS,1,Montane & Hills
46.40622,-118.10756,367.0,0.37,0.58,2026-09-22,1957,N,high,2.0NRT,298.73,9.64,D,VIIRS,1,Montane & Hills
46.40368,-118.1163,367.0,0.37,0.58,2026-09-22,1957,N,high,2.0NRT,301.55,9.56,D,VIIRS,1,Montane & Hills
46.40239,-118.12072,367.0,0.37,0.58,2026-09-22,1957,N,high,2.0NRT,294.79,9.56,D,VIIRS,1,Montane & Hills
46.40495,-118.11195,352.07,0.37,0.58,2026-09-22,1957,N,nominal,2.0NRT,301.36,9.64,D,VIIRS,1,Montane & Hills
46.41381,-118.10176,367.0,0.37,0.58,2026-09-22,1957,N,high,2.0NRT,297.3,7.15,D,VIIRS,1,Montane & Hills
46.41254,-118.10612,328.56,0.37,0.58,2026-09-22,1957,N,nominal,2.0NRT,296.5,7.15,D,VIIRS,1,Montane & Hills
46.91212,-117.38995,339.32,0.33,0.56,2026-09-22,1957,N,nominal,2.0NRT,280.0,15.36,D,VIIRS,1,Montane & Hills
46.91088,-117.39433,354.15,0.33,0.56,2026-09-22,1957,N,nominal,2.0NRT,286.67,17.7,D,VIIRS,1,Montane & Hills
46.77491,-118.87514,367.0,0.39,0.59,2026-09-22,1957,N,high,2.0NRT,307.25,43.42,D,VIIRS,1,Montane & Hills
46.77346,-118.88,351.53,0.39,0.59,2026-09-22,1957,N,nominal,2.0NRT,297.88,20.73,D,VIIRS,1,Montane & Hills
45.70832,-122.7238,342.4,0.61,0.71,2026-09-22,1957,N,nominal,2.0NRT,289.83,6.76,D,VIIRS,1,Montane & Hills
45.70679,-122.72388,343.49,0.61,0.71,2026-09-22,1957,N,nominal,2.0NRT,290.27,6.01,D,VIIRS,1,Montane & Hills
48.34871,-120.83134,335.85,0.42,0.61,2026-09-22,1957,N,nominal,2.0NRT,288.07,4.41,D,VIIRS,1,Montane & Hills
48.34699,-120.83682,342.59,0.42,0.61,2026-09-22,1957,N,nominal,2.0NRT,291.07,4.41,D,VIIRS,1,Montane & Hills
48.34855,-120.85203,337.41,0.42,0.61,2026-09-22,1957,N,nominal,2.0NRT,287.03,2.64,D,VIIRS,1,Montane & Hills
48.37638,-120.82379,367.0,0.42,0.61,2026-09-22,1957,N,high,2.0NRT,299.98,10.29,D,VIIRS,1,Montane & Hills
48.37778,-120.81928,343.56,0.42,0.61,2026-09-22,1957,N,nominal,2.0NRT,293.65,10.29,D,VIIRS,1,Montane & Hills
48.77985,-121.13161,330.02,0.42,0.61,2026-09-22,1957,N,nominal,2.0NRT,284.84,7.76,D,VIIRS,1,Montane & Hills
48.77861,-121.1356,341.55,0.42,0.61,2026-09-22,1957,N,nominal,2.0NRT,288.54,10.37,D,VIIRS,1,Montane & Hills
48.77756,-121.13894,356.93,0.42,0.61,2026-09-22,1957,N,nominal,2.0NRT,291.25,10.37,D,VIIRS,1,Montane & Hills
48.78237,-121.13554,349.96,0.42,0.61,2026-09-22,1957,N,nominal,2.0NRT,288.87,7.95,D,VIIRS,1,Montane & Hills
48.78132,-121.13887,354.71,0.42,0.61,2026-09-22,1957,N,nominal,2.0NRT,290.98,7.95,D,VIIRS,1,Montane & Hills
48.78027,-121.14217,327.16,0.42,0.61,2026-09-22,1957,N,nominal,2.0NRT,287.01,6.31,D,VIIRS,1,Montane & Hills
48.48098,-123.75925,336.17,0.55,0.68,2026-09-22,1957,N,nominal,2.0NRT,290.13,12.99,D,VIIRS,1,Montane & Hills
48.48977,-123.75459,367.0,0.55,0.68,2026-09-22,1957,N,high,2.0NRT,292.17,39.11,D,VIIRS,1,Montane & Hills
48.48758,-123.76093,367.0,0.55,0.68,2026-09-22,1957,N,high,2.0NRT,291.19,12.99,D,VIIRS,1,Montane & Hills
48.48507,-123.76825,338.33,0.55,0.68,2026-09-22,1957,N,nominal,2.0NRT,287.87,12.99,D,VIIRS,1,Montane & Hills
48.49124,-123.77118,334.24,0.55,0.68,2026-09-22,1957,N,nominal,2.0NRT,291.15,8.55,D,VIIRS,1,Montane & Hills
48.49332,-123.7746,342.56,0.55,0.68,2026-09-22,1957,N,nominal,2.0NRT,289.93,6.46,D,VIIRS,1,Montane & Hills
38.20191,-120.97522,334.65,0.55,0.42,2026-09-22,2136,N,low,2.0NRT,307.07,2.56,D,VIIRS,1,Montane & Hills
38.40365,-121.52196,336.94,0.52,0.41,2026-09-22,2136,N,nominal,2.0NRT,302.54,5.47,D,VIIRS,1,Montane & Hills
38.40224,-121.51674,339.83,0.52,0.41,2026-09-22,2136,N,nominal,2.0NRT,300.61,3.52,D,VIIRS,1,Montane & Hills
38.4016,-121.5227,340.97,0.52,0.41,2026-09-22,2136,N,nominal,2.0NRT,304.13,3.45,D,VIIRS,1,Montane & Hills
40.07273,-122.19777,333.47,0.5,0.41,2026-09-22,2136,N,nominal,2.0NRT,302.92,17.43,D,VIIRS,1,Montane & Hills
40.07209,-122.20372,347.45,0.5,0.41,2026-09-22,2136,N,nominal,2.0NRT,317.88,34.04,D,VIIRS,1,Montane & Hills
40.07143,-122.20968,330.39,0.5,0.41,2026-09-22,2136,N,low,2.0NRT,305.15,34.04,D,VIIRS,1,Montane & Hills
40.0765,-122.19846,333.54,0.5,0.41,2026-09-22,2136,N,nominal,2.0NRT,303.71,17.43,D,VIIRS,1,Montane & Hills
40.07585,-122.20442,353.46,0.5,0.41,2026-09-22,2136,N,nominal,2.0NRT,310.47,34.04,D,VIIRS,1,Montane & Hills
40.49221,-122.38651,337.35,0.5,0.41,2026-09-22,2136,N,nominal,2.0NRT,306.67,2.69,D,VIIRS,1,Montane & Hills
40.33524,-124.03326,344.93,0.43,0.38,2026-09-22,2136,N,nominal,2.0NRT,302.63,16.3,D,VIIRS,1,Montane & Hills
40.33874,-124.03402,355.8,0.43,0.38,2026-09-22,2136,N,nominal,2.0NRT,306.82,24.71,D,VIIRS,1,Montane & Hills
40.33808,-124.03923,333.75,0.43,0.38,2026-09-22,2136,N,low,2.0NRT,307.05,32.46,D,VIIRS,1,Montane & Hills
40.34222,-124.03495,333.19,0.43,0.38,2026-09-22,2136,N,nominal,2.0NRT,294.72,24.71,D,VIIRS,1,Montane & Hills
40.6752,-121.37163,334.93,0.56,0.43,2026-09-22,2136,N,low,2.0NRT,308.51,3.05,D,VIIRS,1,Montane & Hills
41.5737,-117.80087,340.46,0.57,0.52,2026-09-22,2136,N,nominal,2.0NRT,310.11,11.49,D,VIIRS,1,Montane & Hills
42.68473,-111.59087,326.16,0.61,0.71,2026-09-22,2138,N,nominal,2.0NRT,290.42,3.74,D,VIIRS,1,Montane & Hills
43.06967,-123.31795,332.31,0.49,0.4,2026-09-22,2138,N,nominal,2.0NRT,292.2,7.85,D,VIIRS,1,Montane & Hills
43.06904,-123.3237,347.23,0.49,0.4,2026-09-22,2138,N,nominal,2.0NRT,294.76,7.85,D,VIIRS,1,Montane & Hills
44.14772,-123.2917,343.0,0.5,0.41,2026-09-22,2138,N,nominal,2.0NRT,298.15,13.94,D,VIIRS,1,Montane & Hills
44.85639,-122.67816,345.61,0.54,0.42,2026-09-22,2138,N,nominal,2.0NRT,295.79,7.97,D,VIIRS,1,Montane & Hills
44.86097,-122.67211,330.48,0.55,0.42,2026-09-22,2138,N,nominal,2.0NRT,293.5,38.94,D,VIIRS,1,Montane & Hills
44.86031,-122.67883,309.7,0.54,0.42,2026-09-22,2138,N,low,2.0NRT,314.06,79.94,D,VIIRS,1,Montane & Hills
45.459,-118.87534,336.83,0.55,0.51,2026-09-22,2138,N,nominal,2.0NRT,296.62,5.17,D,VIIRS,1,Montane & Hills
45.60893,-116.37978,328.99,0.37,0.58,2026-09-22,2138,N,nominal,2.0NRT,277.31,3.09,D,VIIRS,1,Montane & Hills
45.22762,-123.16245,334.91,0.53,0.42,2026-09-22,2138,N,nominal,2.0NRT,302.55,5.05,D,VIIRS,1,Montane & Hills
46.03099,-118.18454,334.51,0.6,0.53,2026-09-22,2138,N,nominal,2.0NRT,294.85,6.19,D,VIIRS,1,Montane & Hills
46.0885,-118.13589,337.04,0.61,0.53,2026-09-22,2138,N,nominal,2.0NRT,297.32,9.42,D,VIIRS,1,Montane & Hills
46.19113,-116.51463,326.73,0.36,0.58,2026-09-22,2138,N,nominal,2.0NRT,277.9,46.51,D,VIIRS,1,Montane & Hills
46.1905,-116.5289,355.7,0.36,0.58,2026-09-22,2138,N,nominal,2.0NRT,276.7,42.92,D,VIIRS,1,Montane & Hills
46.19092,-116.51942,356.98,0.36,0.58,2026-09-22,2138,N,low,2.0NRT,279.59,46.51,D,VIIRS,1,Montane & Hills
46.19609,-116.52451,354.95,0.36,0.58,2026-09-22,2138,N,nominal,2.0NRT,279.45,42.92,D,VIIRS,1,Montane & Hills
46.19588,-116.52921,329.52,0.36,0.58,2026-09-22,2138,N,nominal,2.0NRT,277.94,42.92,D,VIIRS,1,Montane & Hills
46.18752,-116.51842,327.27,0.36,0.58,2026-09-22,2138,N,nominal,2.0NRT,276.4,30.83,D,VIIRS,1,Montane & Hills
46.18716,-116.52796,330.72,0.36,0.58,2026-09-22,2138,N,nominal,2.0NRT,275.58,49.35,D,VIIRS,1,Montane & Hills
46.18734,-116.52319,356.99,0.36,0.58,2026-09-22,2138,N,low,2.0NRT,280.5,49.35,D,VIIRS,1,Montane & Hills
46.19271,-116.52356,349.59,0.36,0.58,2026-09-22,2138,N,nominal,2.0NRT,301.5,49.35,D,VIIRS,1,Montane & Hills
46.19234,-116.53311,328.74,0.36,0.58,2026-09-22,2138,N,nominal,2.0NRT,277.96,7.03,D,VIIRS,1,Montane & Hills
46.1929,-116.51879,356.54,0.36,0.58,2026-09-22,2138,N,low,2.0NRT,280.63,30.83,D,VIIRS,1,Montane & Hills
46.28998,-116.39086,355.59,0.37,0.58,2026-09-22,2138,N,nominal,2.0NRT,272.68,17.99,D,VIIRS,1,Montane & Hills
46.28955,-116.40093,353.79,0.37,0.58,2026-09-22,2138,N,nominal,2.0NRT,271.92,24.67,D,VIIRS,1,Montane & Hills
46.28977,-116.39589,357.22,0.37,0.58,2026-09-22,2138,N,low,2.0NRT,277.76,17.99,D,VIIRS,1,Montane & Hills
46.29518,-116.39622,356.94,0.37,0.58,2026-09-22,2138,N,low,2.0NRT,266.57,17.99,D,VIIRS,1,Montane & Hills
46.37926,-118.12547,345.56,0.61,0.53,2026-09-22,2138,N,nominal,2.0NRT,278.07,13.36,D,VIIRS,1,Montane & Hills
46.38422,-118.12613,367.0,0.61,0.53,2026-09-22,2138,N,high,2.0NRT,335.82,310.33,D,VIIRS,1,Montane & Hills
46.38467,-118.11801,353.9,0.61,0.54,2026-09-22,2138,N,nominal,2.0NRT,281.84,310.33,D,VIIRS,1,Montane & Hills
46.38334,-118.14212,331.17,0.61,0.53,2026-09-22,2138,N,nominal,2.0NRT,282.44,58.07,D,VIIRS,1,Montane & Hills
46.38963,-118.11871,352.53,0.61,0.54,2026-09-22,2138,N,nominal,2.0NRT,283.34,310.33,D,VIIRS,1,Montane & Hills
46.38874,-118.13479,354.09,0.61,0.53,2026-09-22,2138,N,nominal,2.0NRT,277.6,58.07,D,VIIRS,1,Montane & Hills
46.3883,-118.14286,328.2,0.61,0.53,2026-09-22,2138,N,nominal,2.0NRT,279.39,58.07,D,VIIRS,1,Montane & Hills
46.93813,-117.46461,331.73,0.33,0.55,2026-09-22,2138,N,nominal,2.0NRT,284.57,5.65,D,VIIRS,1,Montane & Hills
47.18542,-117.09794,367.0,0.35,0.57,2026-09-22,2138,N,high,2.0NRT,298.22,7.54,D,VIIRS,1,Montane & Hills
47.1909,-117.09377,367.0,0.35,0.57,2026-09-22,2138,N,high,2.0NRT,295.49,108.42,D,VIIRS,1,Montane & Hills
47.19048,-117.10302,346.67,0.35,0.56,2026-09-22,2138,N,nominal,2.0NRT,294.16,83.13,D,VIIRS,1,Montane & Hills
47.19069,-117.09842,367.0,0.35,0.57,2026-09-22,2138,N,low,2.0NRT,336.02,83.13,D,VIIRS,1,Montane & Hills
47.33809,-114.2398,333.82,0.48,0.64,2026-09-22,2138,N,nominal,2.0NRT,282.23,11.29,D,VIIRS,1,Montane & Hills
47.34391,-114.25091,336.89,0.47,0.64,2026-09-22,2138,N,nominal,2.0NRT,283.42,7.63,D,VIIRS,1,Montane & Hills
47.35038,-114.22591,333.38,0.48,0.64,2026-09-22,2138,N,nominal,2.0NRT,277.66,5.82,D,VIIRS,1,Montane & Hills
47.34972,-114.26237,352.55,0.47,0.64,2026-09-22,2138,N,nominal,2.0NRT,289.35,9.61,D,VIIRS,1,Montane & Hills
47.35645,-114.22337,341.42,0.48,0.64,2026-09-22,2138,N,nominal,2.0NRT,280.56,5.82,D,VIIRS,1,Montane & Hills
47.3563,-114.23139,331.63,0.48,0.64,2026-09-22,2138,N,nominal,2.0NRT,276.77,9.36,D,VIIRS,1,Montane & Hills
48.36102,-120.79685,338.78,0.48,0.48,2026-09-22,2138,N,nominal,2.0NRT,290.22,7.24,D,VIIRS,1,Montane & Hills
48.37349,-120.81131,325.38,0.48,0.48,2026-09-22,2138,N,nominal,2.0NRT,292.69,2.64,D,VIIRS,1,Montane & Hills
48.37708,-120.82368,349.08,0.48,0.48,2026-09-22,2138,N,nominal,2.0NRT,295.58,6.65,D,VIIRS,1,Montane & Hills
48.37658,-120.83043,332.95,0.48,0.48,2026-09-22,2138,N,nominal,2.0NRT,293.91,6.65,D,VIIRS,1,Montane & Hills
48.37517,-120.82389,352.73,0.48,0.48,2026-09-22,2138,N,nominal,2.0NRT,296.98,9.82,D,VIIRS,1,Montane & Hills
48.89421,-116.60823,332.71,0.38,0.59,2026-09-22,2138,N,nominal,2.0NRT,291.25,3.12,D,VIIRS,1,Montane & Hills
48.48209,-123.75561,347.59,0.54,0.42,2026-09-22,2138,N,nominal,2.0NRT,298.47,12.47,D,VIIRS,1,Montane & Hills
48.48136,-123.76323,327.55,0.54,0.42,2026-09-22,2138,N,low,2.0NRT,298.97,5.16,D,VIIRS,1,Montane & Hills
48.48669,-123.74909,342.0,0.54,0.42,2026-09-22,2138,N,nominal,2.0NRT,303.46,59.8,D,VIIRS,1,Montane & Hills
48.48592,-123.75716,367.0,0.54,0.42,2026-09-22,2138,N,low,2.0NRT,325.35,59.8,D,VIIRS,1,Montane & Hills
48.4852,-123.76459,367.0,0.54,0.42,2026-09-22,2138,N,low,2.0NRT,326.3,35.84,D,VIIRS,1,Montane & Hills
48.49055,-123.75025,334.41,0.54,0.42,2026-09-22,2138,N,nominal,2.0NRT,297.47,59.8,D,VIIRS,1,Montane & Hills
48.48977,-123.75837,348.21,0.54,0.42,2026-09-22,2138,N,nominal,2.0NRT,301.8,59.8,D,VIIRS,1,Montane & Hills
48.48906,-123.76579,328.77,0.54,0.42,2026-09-22,2138,N,low,2.0NRT,300.5,35.84,D,VIIRS,1,Montane & Hills
48.48837,-123.77304,344.75,0.54,0.42,2026-09-22,2138,N,nominal,2.0NRT,304.37,35.84,D,VIIRS,1,Montane & Hills
48.49291,-123.7671,345.95,0.54,0.42,2026-09-22,2138,N,nominal,2.0NRT,300.31,15.44,D,VIIRS,1,Montane & Hills
48.49222,-123.77425,356.37,0.54,0.42,2026-09-22,2138,N,nominal,2.0NRT,309.13,15.44,D,VIIRS,1,Montane & Hills
48.49678,-123.76815,345.67,0.54,0.42,2026-09-22,2138,N,nominal,2.0NRT,291.19,15.44,D,VIIRS,1,Montane & Hills
48.4961,-123.77517,330.72,0.54,0.42,2026-09-22,2138,N,nominal,2.0NRT,293.71,15.44,D,VIIRS,1,Montane & Hills
48.77722,-121.13721,338.8,0.47,0.48,2026-09-22,2138,N,nominal,2.0NRT,290.41,6.18,D,VIIRS,1,Montane & Hills
48.78164,-121.13764,331.1,0.47,0.48,2026-09-22,2138,N,nominal,2.0NRT,292.46,6.18,D,VIIRS,1,Montane & Hills
48.78094,-121.14671,351.02,0.47,0.48,2026-09-22,2138,N,nominal,2.0NRT,304.99,6.18,D,VIIRS,1,Montane & Hills
48.7763,-121.13885,337.97,0.47,0.48,2026-09-22,2138,N,nominal,2.0NRT,289.37,6.18,D,VIIRS,1,Montane & Hills
48.78071,-121.13951,336.63,0.47,0.48,2026-09-22,2138,N,nominal,2.0NRT,295.33,6.18,D,VIIRS,1,Montane & Hills
48.78009,-121.14827,349.2,0.47,0.48,2026-09-22,2138,N,nominal,2.0NRT,302.46,7.71,D,VIIRS,1,Montane & Hills
48.8222,-120.66683,332.83,0.49,0.49,2026-09-22,2138,N,nominal,2.0NRT,293.5,4.06,D,VIIRS,1,Montane & Hills
48.82632,-120.67313,330.4,0.49,0.49,2026-09-22,2138,N,nominal,2.0NRT,292.1,9.73,D,VIIRS,1,Montane & Hills
48.80884,-121.11981,335.39,0.47,0.48,2026-09-22,2138,N,nominal,2.0NRT,292.49,6.51,D,VIIRS,1,Montane & Hills
48.80801,-121.13136,353.96,0.47,0.48,2026-09-22,2138,N,nominal,2.0NRT,297.65,12.97,D,VIIRS,1,Montane & Hills
48.80759,-121.13716,341.44,0.47,0.48,2026-09-22,2138,N,nominal,2.0NRT,296.1,12.97,D,VIIRS,1,Montane & Hills
48.81303,-121.1236,329.06,0.47,0.48,2026-09-22,2138,N,nominal,2.0NRT,290.84,5.81,D,VIIRS,1,Montane & Hills
48.81226,-121.13436,336.19,0.47,0.48,2026-09-22,2138,N,nominal,2.0NRT,291.55,5.71,D,VIIRS,1,Montane & Hills
48.92498,-121.03461,347.3,0.47,0.48,2026-09-22,2138,N,nominal,2.0NRT,294.91,18.34,D,VIIRS,1,Montane & Hills
48.92468,-121.03894,341.1,0.47,0.48,2026-09-22,2138,N,nominal,2.0NRT,291.22,9.62,D,VIIRS,1,Montane & Hills
49.09025,-121.08409,339.15,0.47,0.48,2026-09-22,2138,N,nominal,2.0NRT,288.74,5.27,D,VIIRS,1,Montane & Hills
49.08868,-121.07958,337.65,0.47,0.48,2026-09-22,2138,N,nominal,2.0NRT,289.76,4.19,D,VIIRS,1,Montane & Hills
49.6757,-121.21648,343.1,0.47,0.48,2026-09-22,2140,N,nominal,2.0NRT,293.39,13.11,D,VIIRS,1,Montane & Hills
49.67528,-121.22242,339.43,0.47,0.48,2026-09-22,2140,N,nominal,2.0NRT,290.53,5.67,D,VIIRS,1,Montane & Hills
49.6828,-121.2427,336.9,0.47,0.48,2026-09-22,2140,N,nominal,2.0NRT,288.76,6.64,D,VIIRS,1,Montane & Hills
49.8512,-121.53516,327.73,0.46,0.47,2026-09-22,2140,N,nominal,2.0NRT,288.57,2.72,D,VIIRS,1,Montane & Hills
32.05959,-114.97673,344.56,0.33,0.55,2026-09-22,2133,N,nominal,2.0NRT,318.28,5.32,D,VIIRS,1,Montane & Hills
32.57347,-114.59604,341.96,0.35,0.57,2026-09-22,2133,N,low,2.0NRT,316.71,2.92,D,VIIRS,1,Montane & Hills
32.58563,-115.13387,345.45,0.32,0.55,2026-09-22,2133,N,nominal,2.0NRT,311.42,1.81,D,VIIRS,1,Montane & Hills
32.59073,-115.13439,367.0,0.32,0.55,2026-09-22,2133,N,high,2.0NRT,319.79,4.63,D,VIIRS,1,Montane & Hills
32.59045,-115.13791,340.19,0.32,0.55,2026-09-22,2133,N,nominal,2.0NRT,314.25,4.63,D,VIIRS,1,Montane & Hills
32.70052,-114.17509,344.09,0.37,0.58,2026-09-22,2133,N,nominal,2.0NRT,312.67,4.71,D,VIIRS,1,Montane & Hills
32.70201,-114.17613,349.82,0.37,0.58,2026-09-22,2133,N,nominal,2.0NRT,315.26,7.75,D,VIIRS,1,Montane & Hills
32.9033,-112.89756,341.27,0.44,0.63,2026-09-22,2133,N,nominal,2.0NRT,301.51,3.64,D,VIIRS,1,Montane & Hills
32.90303,-112.90238,335.71,0.44,0.63,2026-09-22,2133,N,nominal,2.0NRT,300.98,3.64,D,VIIRS,1,Montane & Hills
36.60178,-118.96512,334.32,0.44,0.46,2026-09-22,2136,N,nominal,2.0NRT,302.08,4.66,D,VIIRS,1,Montane & Hills
36.60607,-118.96558,331.53,0.44,0.46,2026-09-22,2136,N,low,2.0NRT,302.78,5.14,D,VIIRS,1,Montane & Hills
36.60557,-118.97082,342.33,0.44,0.46,2026-09-22,2136,N,nominal,2.0NRT,305.75,5.14,D,VIIRS,1,Montane & Hills
36.60511,-118.97561,340.99,0.44,0.46,2026-09-22,2136,N,nominal,2.0NRT,304.71,7.04,D,VIIRS,1,Montane & Hills
36.61036,-118.96595,344.17,0.44,0.46,2026-09-22,2136,N,nominal,2.0NRT,302.82,5.14,D,VIIRS,1,Montane & Hills
36.60987,-118.97112,342.44,0.44,0.46,2026-09-22,2136,N,nominal,2.0NRT,302.55,5.14,D,VIIRS,1,Montane & Hills
36.61464,-118.96646,338.36,0.44,0.46,2026-09-22,2136,N,nominal,2.0NRT,301.51,5.3,D,VIIRS,1,Montane & Hills
37.59031,-119.58794,367.0,0.42,0.45,2026-09-22,2136,N,high,2.0NRT,296.59,11.7,D,VIIRS,1,Montane & Hills
37.58985,-119.59269,349.07,0.42,0.45,2026-09-22,2136,N,nominal,2.0NRT,295.67,9.07,D,VIIRS,1,Montane & Hills
37.59443,-119.58903,344.65,0.42,0.45,2026-09-22,2136,N,nominal,2.0NRT,297.57,7.25,D,VIIRS,1,Montane & Hills
37.59899,-119.58553,341.76,0.42,0.45,2026-09-22,2136,N,nominal,2.0NRT,285.9,7.25,D,VIIRS,1,Montane & Hills
37.60226,-119.59547,346.16,0.42,0.45,2026-09-22,2136,N,nominal,2.0NRT,297.72,73.45,D,VIIRS,1,Montane & Hills
37.60183,-119.59996,345.09,0.42,0.45,2026-09-22,2136,N,nominal,2.0NRT,314.44,73.45,D,VIIRS,1,Montane & Hills
37.60139,-119.60449,343.63,0.42,0.45,2026-09-22,2136,N,nominal,2.0NRT,295.86,9.38,D,VIIRS,1,Montane & Hills
37.60599,-119.60064,367.0,0.42,0.45,2026-09-22,2136,N,high,2.0NRT,334.58,73.45,D,VIIRS,1,Montane & Hills
37.60641,-119.59624,355.87,0.42,0.45,2026-09-22,2136,N,nominal,2.0NRT,304.61,73.45,D,VIIRS,1,Montane & Hills
37.60556,-119.60501,333.02,0.42,0.45,2026-09-22,2136,N,nominal,2.0NRT,297.13,9.38,D,VIIRS,1,Montane & Hills
37.6093,-119.61,367.0,0.42,0.45,2026-09-22,2136,N,high,2.0NRT,301.08,17.24,D,VIIRS,1,Montane & Hills
37.61059,-119.59679,352.89,0.42,0.45,2026-09-22,2136,N,nominal,2.0NRT,295.18,6.89,D,VIIRS,1,Montane & Hills
37.61015,-119.60129,332.45,0.42,0.45,2026-09-22,2136,N,nominal,2.0NRT,302.45,6.89,D,VIIRS,1,Montane & Hills
37.61228,-119.62291,355.36,0.42,0.45,2026-09-22,2136,N,nominal,2.0NRT,297.24,7.87,D,VIIRS,1,Montane & Hills
37.61685,-119.61935,367.0,0.42,0.45,2026-09-22,2136,N,high,2.0NRT,300.79,23.24,D,VIIRS,1,Montane & Hills
37.61856,-119.60179,332.65,0.42,0.45,2026-09-22,2136,N,nominal,2.0NRT,298.1,2.76,D,VIIRS,1,Montane & Hills
37.61724,-119.6152,351.19,0.42,0.45,2026-09-22,2136,N,nominal,2.0NRT,307.13,23.24,D,VIIRS,1,Montane & Hills
37.61644,-119.62357,336.74,0.42,0.45,2026-09-22,2136,N,nominal,2.0NRT,292.81,6.38,D,VIIRS,1,Montane & Hills
37.62321,-119.59743,330.66,0.42,0.45,2026-09-22,2136,N,nominal,2.0NRT,294.95,2.76,D,VIIRS,1,Montane & Hills
37.62277,-119.60198,334.57,0.42,0.45,2026-09-22,2136,N,nominal,2.0NRT,295.98,2.76,D,VIIRS,1,Montane & Hills
37.62185,-119.61135,333.13,0.42,0.45,2026-09-22,2136,N,nominal,2.0NRT,301.4,10.03,D,VIIRS,1,Montane & Hills
37.62142,-119.61578,354.76,0.42,0.45,2026-09-22,2136,N,nominal,2.0NRT,306.55,23.24,D,VIIRS,1,Montane & Hills
37.621,-119.62004,352.13,0.42,0.45,2026-09-22,2136,N,nominal,2.0NRT,306.03,23.24,D,VIIRS,1,Montane & Hills
37.62741,-119.59769,354.37,0.42,0.45,2026-09-22,2136,N,nominal,2.0NRT,299.77,9.36,D,VIIRS,1,Montane & Hills
37.62603,-119.61187,353.75,0.42,0.45,2026-09-22,2136,N,nominal,2.0NRT,306.09,74.81,D,VIIRS,1,Montane & Hills
37.62556,-119.61655,352.48,0.42,0.45,2026-09-22,2136,N,nominal,2.0NRT,297.87,41.58,D,VIIRS,1,Montane & Hills
37.63161,-119.59802,347.07,0.42,0.45,2026-09-22,2136,N,nominal,2.0NRT,297.24,9.36,D,VIIRS,1,Montane & Hills
37.63115,-119.60271,344.89,0.42,0.45,2026-09-22,2136,N,nominal,2.0NRT,296.92,9.36,D,VIIRS,1,Montane & Hills
37.63068,-119.60755,354.2,0.42,0.45,2026-09-22,2136,N,nominal,2.0NRT,313.43,74.81,D,VIIRS,1,Montane & Hills
37.63483,-119.60826,355.54,0.42,0.45,2026-09-22,2136,N,nominal,2.0NRT,302.61,38.27,D,VIIRS,1,Montane & Hills
38.35477,-111.6887,329.49,0.57,0.69,2026-09-22,2136,N,nominal,2.0NRT,297.14,3.17,D,VIIRS,1,Montane & Hills
42.6881,-111.59058,315.03,0.47,0.4,2026-09-23,954,N,nominal,2.0NRT,281.06,2.43,N,VIIRS,1,Montane & Hills
42.68455,-111.59184,333.08,0.47,0.4,2026-09-23,954,N,nominal,2.0NRT,283.25,16.86,N,VIIRS,1,Montane & Hills
43.18134,-115.73096,295.33,0.38,0.36,2026-09-23,954,N,nominal,2.0NRT,281.67,0.55,N,VIIRS,1,Montane & Hills
43.17807,-115.73193,304.08,0.38,0.36,2026-09-23,954,N,nominal,2.0NRT,282.62,0.55,N,VIIRS,1,Montane & Hills
44.06523,-122.9836,295.4,0.41,0.45,2026-09-23,954,N,nominal,2.0NRT,281.19,0.58,N,VIIRS,1,Montane & Hills
44.06345,-122.98008,296.92,0.41,0.45,2026-09-23,954,N,nominal,2.0NRT,280.99,0.35,N,VIIRS,1,Montane & Hills
41.87938,-112.19518,303.89,0.46,0.39,2026-09-23,954,N,nominal,2.0NRT,281.89,0.68,N,VIIRS,1,Montane & Hills
42.61261,-122.9023,327.14,0.39,0.44,2026-09-23,954,N,nominal,2.0NRT,281.62,2.72,N,VIIRS,1,Montane & Hills
42.3828,-122.77671,300.34,0.38,0.43,2026-09-23,954,N,nominal,2.0NRT,281.94,0.45,N,VIIRS,1,Montane & Hills
41.54234,-117.67049,296.83,0.39,0.36,2026-09-23,954,N,nominal,2.0NRT,282.04,0.76,N,VIIRS,1,Montane & Hills
40.8228,-114.25394,318.92,0.41,0.37,2026-09-23,954,N,nominal,2.0NRT,283.68,1.19,N,VIIRS,1,Montane & Hills
40.95192,-119.97183,301.54,0.43,0.38,2026-09-23,956,N,nominal,2.0NRT,282.82,1.3,N,VIIRS,1,Montane & Hills
40.95187,-119.9734,302.53,0.43,0.38,2026-09-23,956,N,nominal,2.0NRT,282.29,1.24,N,VIIRS,1,Montane & Hills
38.93843,-112.81553,321.66,0.48,0.4,2026-09-23,956,N,nominal,2.0NRT,285.46,2.37,N,VIIRS,1,Montane & Hills
40.07746,-122.20654,301.83,0.51,0.41,2026-09-23,956,N,nominal,2.0NRT,287.6,0.92,N,VIIRS,1,Montane & Hills
40.07679,-122.20052,306.79,0.51,0.41,2026-09-23,956,N,nominal,2.0NRT,288.44,0.92,N,VIIRS,1,Montane & Hills
40.07366,-122.20728,324.02,0.51,0.41,2026-09-23,956,N,nominal,2.0NRT,289.15,2.33,N,VIIRS,1,Montane & Hills
40.07299,-122.20125,312.01,0.51,0.41,2026-09-23,956,N,nominal,2.0NRT,288.05,2.33,N,VIIRS,1,Montane & Hills
39.62179,-119.26241,296.99,0.4,0.37,2026-09-23,956,N,nominal,2.0NRT,284.91,0.47,N,VIIRS,1,Montane & Hills
39.61841,-119.26321,307.3,0.4,0.37,2026-09-23,956,N,nominal,2.0NRT,286.43,1.53,N,VIIRS,1,Montane & Hills
39.49361,-119.61848,299.58,0.41,0.37,2026-09-23,956,N,nominal,2.0NRT,283.19,0.7,N,VIIRS,1,Montane & Hills
39.69965,-122.24516,303.0,0.51,0.41,2026-09-23,956,N,nominal,2.0NRT,288.65,0.79,N,VIIRS,1,Montane & Hills
38.31461,-121.83611,297.92,0.47,0.4,2026-09-23,956,N,nominal,2.0NRT,286.8,0.32,N,VIIRS,1,Montane & Hills
37.88292,-121.18791,306.79,0.44,0.39,2026-09-23,956,N,nominal,2.0NRT,287.31,1.09,N,VIIRS,1,Montane & Hills
37.63604,-119.60773,338.96,0.4,0.37,2026-09-23,956,N,nominal,2.0NRT,283.38,5.05,N,VIIRS,1,Montane & Hills
37.63475,-119.59877,305.67,0.4,0.37,2026-09-23,956,N,nominal,2.0NRT,276.4,0.55,N,VIIRS,1,Montane & Hills
37.63332,-119.61295,329.41,0.4,0.37,2026-09-23,956,N,nominal,2.0NRT,285.72,17.34,N,VIIRS,1,Montane & Hills
37.63268,-119.60848,336.37,0.4,0.37,2026-09-23,956,N,nominal,2.0NRT,283.74,2.61,N,VIIRS,1,Montane & Hills
37.63204,-119.60403,299.5,0.4,0.37,2026-09-23,956,N,nominal,2.0NRT,275.76,2.61,N,VIIRS,1,Montane & Hills
37.63139,-119.59949,302.72,0.4,0.37,2026-09-23,956,N,nominal,2.0NRT,276.4,1.97,N,VIIRS,1,Montane & Hills
37.62996,-119.6137,352.13,0.4,0.37,2026-09-23,956,N,nominal,2.0NRT,296.3,17.34,N,VIIRS,1,Montane & Hills
37.62738,-119.59564,327.4,0.4,0.37,2026-09-23,956,N,nominal,2.0NRT,281.32,1.97,N,VIIRS,1,Montane & Hills
37.62933,-119.60925,304.42,0.4,0.37,2026-09-23,956,N,nominal,2.0NRT,279.12,2.61,N,VIIRS,1,Montane & Hills
37.62803,-119.60022,308.75,0.4,0.37,2026-09-23,956,N,nominal,2.0NRT,277.06,1.97,N,VIIRS,1,Montane & Hills
37.62661,-119.61449,352.4,0.4,0.37,2026-09-23,956,N,nominal,2.0NRT,289.37,6.55,N,VIIRS,1,Montane & Hills
37.62596,-119.60999,301.75,0.4,0.37,2026-09-23,956,N,nominal,2.0NRT,278.26,1.66,N,VIIRS,1,Montane & Hills
37.62467,-119.60091,314.9,0.4,0.37,2026-09-23,956,N,nominal,2.0NRT,279.03,1.26,N,VIIRS,1,Montane & Hills
37.62391,-119.61987,327.59,0.4,0.37,2026-09-23,956,N,nominal,2.0NRT,284.84,6.55,N,VIIRS,1,Montane & Hills
37.62325,-119.61527,298.59,0.4,0.37,2026-09-23,956,N,nominal,2.0NRT,281.12,6.55,N,VIIRS,1,Montane & Hills
37.6213,-119.60162,307.44,0.4,0.37,2026-09-23,956,N,nominal,2.0NRT,279.92,1.26,N,VIIRS,1,Montane & Hills
37.62056,-119.62072,354.05,0.4,0.37,2026-09-23,956,N,nominal,2.0NRT,290.05,4.56,N,VIIRS,1,Montane & Hills
37.6199,-119.61608,320.81,0.4,0.37,2026-09-23,956,N,nominal,2.0NRT,285.19,4.56,N,VIIRS,1,Montane & Hills
37.61728,-119.5977,296.04,0.4,0.37,2026-09-23,956,N,nominal,2.0NRT,279.42,0.83,N,VIIRS,1,Montane & Hills
37.61721,-119.62156,326.65,0.4,0.37,2026-09-23,956,N,nominal,2.0NRT,284.92,4.56,N,VIIRS,1,Montane & Hills
37.61655,-119.61687,311.96,0.4,0.37,2026-09-23,956,N,nominal,2.0NRT,283.24,4.56,N,VIIRS,1,Montane & Hills
37.61456,-119.60295,296.28,0.4,0.37,2026-09-23,956,N,nominal,2.0NRT,278.88,0.83,N,VIIRS,1,Montane & Hills
37.61386,-119.62234,331.9,0.4,0.37,2026-09-23,956,N,nominal,2.0NRT,287.87,5.39,N,VIIRS,1,Montane & Hills
37.61055,-119.59908,337.01,0.4,0.37,2026-09-23,956,N,nominal,2.0NRT,286.96,8.94,N,VIIRS,1,Montane & Hills
37.6099,-119.59452,345.68,0.4,0.37,2026-09-23,956,N,nominal,2.0NRT,285.23,5.28,N,VIIRS,1,Montane & Hills
37.60925,-119.59,336.44,0.4,0.37,2026-09-23,956,N,nominal,2.0NRT,284.53,5.28,N,VIIRS,1,Montane & Hills
37.61186,-119.60829,304.58,0.4,0.37,2026-09-23,956,N,nominal,2.0NRT,281.99,2.73,N,VIIRS,1,Montane & Hills
37.60851,-119.60907,341.17,0.4,0.37,2026-09-23,956,N,nominal,2.0NRT,287.15,2.73,N,VIIRS,1,Montane & Hills
37.6072,-119.59988,367.0,0.4,0.37,2026-09-23,956,N,high,2.0NRT,299.39,8.94,N,VIIRS,1,Montane & Hills
37.60654,-119.59528,343.68,0.4,0.37,2026-09-23,956,N,nominal,2.0NRT,288.72,5.28,N,VIIRS,1,Montane & Hills
37.60917,-119.61373,311.8,0.4,0.37,2026-09-23,956,N,nominal,2.0NRT,281.92,2.73,N,VIIRS,1,Montane & Hills
37.60785,-119.60447,318.75,0.4,0.37,2026-09-23,956,N,nominal,2.0NRT,286.65,8.94,N,VIIRS,1,Montane & Hills
37.60589,-119.59074,318.01,0.4,0.37,2026-09-23,956,N,nominal,2.0NRT,282.76,5.28,N,VIIRS,1,Montane & Hills
37.6045,-119.60527,324.67,0.4,0.37,2026-09-23,956,N,nominal,2.0NRT,286.21,7.28,N,VIIRS,1,Montane & Hills
37.60384,-119.60065,352.65,0.4,0.37,2026-09-23,956,N,nominal,2.0NRT,299.1,7.28,N,VIIRS,1,Montane & Hills
37.60319,-119.59608,302.22,0.4,0.37,2026-09-23,956,N,nominal,2.0NRT,282.35,2.88,N,VIIRS,1,Montane & Hills
37.60189,-119.58698,318.26,0.4,0.37,2026-09-23,956,N,nominal,2.0NRT,281.7,2.95,N,VIIRS,1,Montane & Hills
37.60049,-119.60146,338.13,0.4,0.37,2026-09-23,956,N,nominal,2.0NRT,283.64,7.28,N,VIIRS,1,Montane & Hills
37.59855,-119.58783,335.94,0.4,0.37,2026-09-23,956,N,nominal,2.0NRT,282.47,2.95,N,VIIRS,1,Montane & Hills
37.60245,-119.6152,298.76,0.4,0.37,2026-09-23,956,N,nominal,2.0NRT,282.36,0.73,N,VIIRS,1,Montane & Hills
37.60179,-119.61057,300.78,0.4,0.37,2026-09-23,956,N,nominal,2.0NRT,281.95,0.73,N,VIIRS,1,Montane & Hills
37.60114,-119.60601,315.64,0.4,0.37,2026-09-23,956,N,nominal,2.0NRT,282.9,7.28,N,VIIRS,1,Montane & Hills
37.59586,-119.59324,299.12,0.4,0.37,2026-09-23,956,N,nominal,2.0NRT,282.25,1.62,N,VIIRS,1,Montane & Hills
37.59521,-119.58868,307.78,0.4,0.37,2026-09-23,956,N,nominal,2.0NRT,283.21,4.21,N,VIIRS,1,Montane & Hills
37.59251,-119.59406,324.62,0.4,0.37,2026-09-23,956,N,nominal,2.0NRT,285.38,1.62,N,VIIRS,1,Montane & Hills
37.59187,-119.58955,353.75,0.4,0.37,2026-09-23,956,N,nominal,2.0NRT,288.71,4.21,N,VIIRS,1,Montane & Hills
37.59315,-119.59854,296.77,0.4,0.37,2026-09-23,956,N,nominal,2.0NRT,280.94,1.62,N,VIIRS,1,Montane & Hills
37.58916,-119.59485,330.32,0.4,0.37,2026-09-23,956,N,nominal,2.0NRT,285.15,4.94,N,VIIRS,1,Montane & Hills
37.58852,-119.5904,308.08,0.4,0.37,2026-09-23,956,N,nominal,2.0NRT,278.61,1.92,N,VIIRS,1,Montane & Hills
37.77741,-121.14939,297.18,0.44,0.38,2026-09-23,956,N,nominal,2.0NRT,285.75,0.4,N,VIIRS,1,Montane & Hills
36.38207,-114.87559,307.82,0.44,0.38,2026-09-23,956,N,nominal,2.0NRT,290.55,0.6,N,VIIRS,1,Montane & Hills
37.45573,-121.93341,306.36,0.47,0.4,2026-09-23,956,N,nominal,2.0NRT,284.67,0.77,N,VIIRS,1,Montane & Hills
36.35968,-114.91236,304.86,0.44,0.38,2026-09-23,956,N,nominal,2.0NRT,290.99,0.8,N,VIIRS,1,Montane & Hills
36.35621,-114.91338,303.25,0.44,0.38,2026-09-23,956,N,nominal,2.0NRT,290.83,0.8,N,VIIRS,1,Montane & Hills
37.03796,-120.13901,306.96,0.41,0.37,2026-09-23,956,N,nominal,2.0NRT,285.83,0.67,N,VIIRS,1,Montane & Hills
37.18367,-121.67878,295.23,0.45,0.39,2026-09-23,956,N,nominal,2.0NRT,284.87,0.48,N,VIIRS,1,Montane & Hills
37.18309,-121.6804,295.99,0.45,0.39,2026-09-23,956,N,nominal,2.0NRT,284.65,0.56,N,VIIRS,1,Montane & Hills
36.90126,-120.7955,312.38,0.42,0.38,2026-09-23,956,N,nominal,2.0NRT,288.99,1.58,N,VIIRS,1,Montane & Hills
36.60759,-118.97403,296.79,0.39,0.36,2026-09-23,956,N,nominal,2.0NRT,285.56,0.6,N,VIIRS,1,Montane & Hills
35.51727,-113.31651,313.38,0.52,0.42,2026-09-23,956,N,nominal,2.0NRT,283.91,1.59,N,VIIRS,1,Montane & Hills
36.66416,-120.13367,298.94,0.41,0.37,2026-09-23,956,N,nominal,2.0NRT,288.57,0.52,N,VIIRS,1,Montane & Hills
36.30328,-121.70786,311.76,0.45,0.39,2026-09-23,956,N,nominal,2.0NRT,290.08,0.89,N,VIIRS,1,Montane & Hills
35.68177,-119.28223,315.32,0.39,0.36,2026-09-23,956,N,nominal,2.0NRT,287.92,1.75,N,VIIRS,1,Montane & Hills
35.68113,-119.27797,316.58,0.39,0.36,2026-09-23,956,N,nominal,2.0NRT,287.45,1.27,N,VIIRS,1,Montane & Hills
34.62343,-117.10038,317.14,0.4,0.37,2026-09-23,956,N,nominal,2.0NRT,291.79,2.47,N,VIIRS,1,Montane & Hills
34.60812,-117.33534,314.41,0.39,0.36,2026-09-23,956,N,nominal,2.0NRT,290.69,1.06,N,VIIRS,1,Montane & Hills
34.8206,-118.75016,305.39,0.38,0.36,2026-09-23,956,N,nominal,2.0NRT,290.6,0.8,N,VIIRS,1,Montane & Hills
34.35574,-116.85402,304.47,0.4,0.37,2026-09-23,956,N,nominal,2.0NRT,290.08,0.95,N,VIIRS,1,Montane & Hills
34.56792,-118.1519,298.6,0.39,0.36,2026-09-23,956,N,nominal,2.0NRT,285.89,0.24,N,VIIRS,1,Montane & Hills
34.43028,-118.64672,300.1,0.38,0.36,2026-09-23,956,N,nominal,2.0NRT,288.61,0.75,N,VIIRS,1,Montane & Hills
34.42962,-118.64257,299.35,0.38,0.36,2026-09-23,956,N,nominal,2.0NRT,288.31,0.42,N,VIIRS,1,Montane & Hills
34.33578,-118.52069,321.89,0.38,0.36,2026-09-23,956,N,nominal,2.0NRT,291.08,1.13,N,VIIRS,1,Montane & Hills
34.14153,-117.42785,312.04,0.39,0.37,2026-09-23,956,N,nominal,2.0NRT,288.62,0.92,N,VIIRS,1,Montane & Hills
34.24511,-118.38249,299.01,0.39,0.36,2026-09-23,956,N,nominal,2.0NRT,288.36,0.47,N,VIIRS,1,Montane & Hills
34.11559,-117.92364,302.08,0.39,0.36,2026-09-23,956,N,nominal,2.0NRT,290.92,0.53,N,VIIRS,1,Montane & Hills
34.153,-118.19226,311.46,0.39,0.36,2026-09-23,956,N,nominal,2.0NRT,289.71,1.11,N,VIIRS,1,Montane & Hills
33.95538,-117.12179,303.59,0.4,0.37,2026-09-23,956,N,nominal,2.0NRT,288.19,0.52,N,VIIRS,1,Montane & Hills
34.03979,-117.82005,299.87,0.39,0.36,2026-09-23,956,N,nominal,2.0NRT,288.95,0.55,N,VIIRS,1,Montane & Hills
33.87761,-116.99723,301.54,0.4,0.37,2026-09-23,956,N,nominal,2.0NRT,287.99,0.2,N,VIIRS,1,Montane & Hills
33.87784,-116.99949,298.99,0.4,0.37,2026-09-23,956,N,nominal,2.0NRT,288.01,0.51,N,VIIRS,1,Montane & Hills
34.03699,-118.10539,303.95,0.39,0.36,2026-09-23,956,N,nominal,2.0NRT,290.24,0.63,N,VIIRS,1,Montane & Hills
33.79421,-117.47301,313.73,0.4,0.37,2026-09-23,956,N,nominal,2.0NRT,290.41,1.76,N,VIIRS,1,Montane & Hills
33.85291,-118.33095,306.37,0.39,0.36,2026-09-23,956,N,nominal,2.0NRT,294.32,0.99,N,VIIRS,1,Montane & Hills
33.82147,-118.24364,305.62,0.39,0.36,2026-09-23,956,N,nominal,2.0NRT,294.53,1.54,N,VIIRS,1,Montane & Hills
33.71527,-117.70973,315.43,0.39,0.36,2026-09-23,956,N,nominal,2.0NRT,289.38,1.42,N,VIIRS,1,Montane & Hills
33.77911,-118.2364,305.54,0.39,0.36,2026-09-23,956,N,nominal,2.0NRT,294.84,0.91,N,VIIRS,1,Montane & Hills
33.61497,-117.82381,310.65,0.39,0.36,2026-09-23,956,N,nominal,2.0NRT,288.88,1.05,N,VIIRS,1,Montane & Hills
33.49188,-117.6162,309.92,0.4,0.37,2026-09-23,956,N,nominal,2.0NRT,289.12,0.89,N,VIIRS,1,Montane & Hills
32.85845,-117.02697,305.39,0.41,0.37,2026-09-23,956,N,nominal,2.0NRT,289.23,0.81,N,VIIRS,1,Montane & Hills
32.54393,-115.35136,306.53,0.47,0.4,2026-09-23,956,N,nominal,2.0NRT,294.84,1.09,N,VIIRS,1,Montane & Hills
32.8587,-117.14885,307.43,0.41,0.37,2026-09-23,956,N,nominal,2.0NRT,288.0,0.88,N,VIIRS,1,Montane & Hills
32.59823,-117.00969,304.54,0.41,0.37,2026-09-23,958,N,nominal,2.0NRT,290.36,0.47,N,VIIRS,1,Montane & Hills
32.49757,-116.83624,309.5,0.42,0.38,2026-09-23,958,N,nominal,2.0NRT,288.89,1.29,N,VIIRS,1,Montane & Hills
49.59403,-115.77983,298.93,0.4,0.37,2026-09-23,952,N,nominal,2.0NRT,280.59,0.53,N,VIIRS,1,Montane & Hills
49.67684,-121.22118,345.52,0.4,0.44,2026-09-23,952,N,nominal,2.0NRT,278.53,3.52,N,VIIRS,1,Montane & Hills
49.67739,-121.22749,298.03,0.4,0.44,2026-09-23,952,N,nominal,2.0NRT,274.27,1.74,N,VIIRS,1,Montane & Hills
49.67632,-121.21511,306.8,0.4,0.44,2026-09-23,952,N,nominal,2.0NRT,274.32,3.52,N,VIIRS,1,Montane & Hills
48.89461,-116.61041,296.94,0.41,0.37,2026-09-23,952,N,nominal,2.0NRT,279.56,0.92,N,VIIRS,1,Montane & Hills
49.09119,-121.08253,307.48,0.39,0.44,2026-09-23,952,N,nominal,2.0NRT,277.83,1.02,N,VIIRS,1,Montane & Hills
49.08728,-121.08451,299.03,0.39,0.44,2026-09-23,952,N,nominal,2.0NRT,277.27,1.02,N,VIIRS,1,Montane & Hills
47.99892,-115.91766,306.76,0.4,0.37,2026-09-23,952,N,nominal,2.0NRT,282.19,0.86,N,VIIRS,1,Montane & Hills
47.9963,-115.92371,300.27,0.4,0.37,2026-09-23,952,N,nominal,2.0NRT,281.27,1.24,N,VIIRS,1,Montane & Hills
47.99557,-115.91854,307.7,0.4,0.37,2026-09-23,952,N,nominal,2.0NRT,282.5,0.86,N,VIIRS,1,Montane & Hills
47.73984,-115.22632,312.96,0.39,0.36,2026-09-23,952,N,nominal,2.0NRT,284.23,1.98,N,VIIRS,1,Montane & Hills
47.73909,-115.22129,300.02,0.39,0.36,2026-09-23,952,N,nominal,2.0NRT,281.71,0.98,N,VIIRS,1,Montane & Hills
47.73655,-115.22741,338.79,0.39,0.36,2026-09-23,952,N,nominal,2.0NRT,286.65,3.58,N,VIIRS,1,Montane & Hills
47.73581,-115.22242,324.61,0.39,0.36,2026-09-23,952,N,nominal,2.0NRT,281.89,2.63,N,VIIRS,1,Montane & Hills
47.7373,-115.23245,308.45,0.39,0.36,2026-09-23,952,N,nominal,2.0NRT,283.79,3.58,N,VIIRS,1,Montane & Hills
47.80354,-116.86634,297.06,0.41,0.37,2026-09-23,952,N,nominal,2.0NRT,277.46,0.49,N,VIIRS,1,Montane & Hills
47.35295,-114.2437,310.08,0.38,0.36,2026-09-23,952,N,nominal,2.0NRT,285.36,1.98,N,VIIRS,1,Montane & Hills
47.35215,-114.23872,309.21,0.38,0.36,2026-09-23,952,N,nominal,2.0NRT,285.5,1.38,N,VIIRS,1,Montane & Hills
47.34889,-114.23985,309.47,0.38,0.36,2026-09-23,952,N,nominal,2.0NRT,284.45,1.38,N,VIIRS,1,Montane & Hills
48.07114,-120.83997,311.2,0.55,0.43,2026-09-23,952,N,nominal,2.0NRT,277.58,2.56,N,VIIRS,1,Montane & Hills
47.19074,-115.76682,299.52,0.39,0.36,2026-09-23,952,N,nominal,2.0NRT,282.88,1.21,N,VIIRS,1,Montane & Hills
47.05469,-116.67731,300.94,0.4,0.37,2026-09-23,952,N,nominal,2.0NRT,283.7,1.08,N,VIIRS,1,Montane & Hills
47.56937,-122.34582,297.51,0.42,0.45,2026-09-23,952,N,nominal,2.0NRT,278.63,1.0,N,VIIRS,1,Montane & Hills
45.9446,-111.47839,300.44,0.43,0.38,2026-09-23,954,N,nominal,2.0NRT,281.68,1.28,N,VIIRS,1,Montane & Hills
46.97686,-122.289,298.73,0.41,0.45,2026-09-23,954,N,nominal,2.0NRT,273.44,0.64,N,VIIRS,1,Montane & Hills
45.80278,-120.16351,303.69,0.49,0.4,2026-09-23,954,N,nominal,2.0NRT,277.25,0.28,N,VIIRS,1,Montane & Hills
45.64152,-120.22753,298.74,0.49,0.4,2026-09-23,954,N,nominal,2.0NRT,279.81,0.85,N,VIIRS,1,Montane & Hills
45.23021,-123.16676,302.98,0.43,0.46,2026-09-23,954,N,nominal,2.0NRT,272.47,0.82,N,VIIRS,1,Montane & Hills
44.54309,-117.42287,300.67,0.4,0.37,2026-09-23,954,N,nominal,2.0NRT,283.81,0.67,N,VIIRS,1,Montane & Hills
49.07771,-120.99088,302.07,0.5,0.66,2026-09-23,1132,N,nominal,2.0NRT,277.38,1.88,N,VIIRS,1,Montane & Hills
49.08775,-121.08119,306.11,0.49,0.65,2026-09-23,1132,N,nominal,2.0NRT,277.85,1.56,N,VIIRS,1,Montane & Hills
49.07648,-120.98975,302.55,0.5,0.66,2026-09-23,1132,N,nominal,2.0NRT,277.26,1.42,N,VIIRS,1,Montane & Hills
49.0878,-121.08524,296.05,0.49,0.65,2026-09-23,1132,N,nominal,2.0NRT,277.73,1.0,N,VIIRS,1,Montane & Hills
49.08594,-121.07968,301.75,0.49,0.65,2026-09-23,1132,N,nominal,2.0NRT,277.71,1.0,N,VIIRS,1,Montane & Hills
48.37806,-120.82509,306.9,0.53,0.67,2026-09-23,1132,N,nominal,2.0NRT,281.94,1.51,N,VIIRS,1,Montane & Hills
48.36397,-120.78407,297.06,0.54,0.68,2026-09-23,1132,N,nominal,2.0NRT,279.87,1.54,N,VIIRS,1,Montane & Hills
48.36015,-120.79375,298.76,0.54,0.68,2026-09-23,1132,N,nominal,2.0NRT,278.25,1.48,N,VIIRS,1,Montane & Hills
40.5313,-110.46248,339.13,0.41,0.6,2026-09-23,1938,N,nominal,2.0NRT,286.46,7.85,D,VIIRS,1,Montane & Hills
40.6797,-110.91075,348.21,0.42,0.61,2026-09-23,1938,N,nominal,2.0NRT,283.39,6.67,D,VIIRS,1,Montane & Hills
40.68254,-110.91052,345.62,0.42,0.61,2026-09-23,1938,N,nominal,2.0NRT,282.27,4.23,D,VIIRS,1,Montane & Hills
40.68095,-110.91608,325.52,0.42,0.61,2026-09-23,1938,N,nominal,2.0NRT,281.52,4.23,D,VIIRS,1,Montane & Hills
42.68579,-111.59249,367.0,0.4,0.6,2026-09-23,1938,N,high,2.0NRT,299.47,14.54,D,VIIRS,1,Montane & Hills
45.73394,-111.20049,336.46,0.63,0.54,2026-09-23,1938,N,nominal,2.0NRT,291.85,5.44,D,VIIRS,1,Montane & Hills
44.9167,-116.46458,367.0,0.57,0.69,2026-09-23,1938,N,high,2.0NRT,291.98,15.21,D,VIIRS,1,Montane & Hills
44.92276,-116.4678,334.33,0.57,0.69,2026-09-23,1938,N,nominal,2.0NRT,290.74,5.47,D,VIIRS,1,Montane & Hills
44.91769,-116.46732,367.0,0.57,0.69,2026-09-23,1938,N,high,2.0NRT,294.52,18.34,D,VIIRS,1,Montane & Hills
46.84733,-112.70614,367.0,0.34,0.56,2026-09-23,1938,N,high,2.0NRT,298.26,16.67,D,VIIRS,1,Montane & Hills
46.85087,-112.71358,335.24,0.34,0.56,2026-09-23,1938,N,nominal,2.0NRT,289.54,2.95,D,VIIRS,1,Montane & Hills
46.59094,-113.8902,367.0,0.39,0.59,2026-09-23,1938,N,high,2.0NRT,298.38,22.73,D,VIIRS,1,Montane & Hills
46.58929,-113.89575,330.58,0.39,0.59,2026-09-23,1938,N,nominal,2.0NRT,291.2,9.79,D,VIIRS,1,Montane & Hills
46.2188,-115.75166,367.0,0.48,0.65,2026-09-23,1938,N,high,2.0NRT,293.55,10.38,D,VIIRS,1,Montane & Hills
46.22225,-115.75284,345.19,0.48,0.65,2026-09-23,1938,N,nominal,2.0NRT,291.1,10.41,D,VIIRS,1,Montane & Hills
46.22058,-115.75806,336.4,0.48,0.65,2026-09-23,1938,N,nominal,2.0NRT,290.23,7.49,D,VIIRS,1,Montane & Hills
46.98675,-114.03277,338.51,0.38,0.59,2026-09-23,1938,N,nominal,2.0NRT,291.06,3.5,D,VIIRS,1,Montane & Hills
46.51037,-115.60073,339.27,0.46,0.64,2026-09-23,1938,N,nominal,2.0NRT,288.0,4.98,D,VIIRS,1,Montane & Hills
46.50874,-115.60588,337.67,0.46,0.64,2026-09-23,1938,N,nominal,2.0NRT,288.05,4.98,D,VIIRS,1,Montane & Hills
46.39561,-116.23153,367.0,0.5,0.65,2026-09-23,1938,N,high,2.0NRT,297.47,15.28,D,VIIRS,1,Montane & Hills
46.39371,-116.23743,355.6,0.5,0.65,2026-09-23,1938,N,nominal,2.0NRT,296.34,15.28,D,VIIRS,1,Montane & Hills
46.40103,-116.23566,367.0,0.5,0.65,2026-09-23,1938,N,high,2.0NRT,293.72,15.28,D,VIIRS,1,Montane & Hills
46.39912,-116.24161,351.23,0.5,0.65,2026-09-23,1938,N,nominal,2.0NRT,294.76,15.28,D,VIIRS,1,Montane & Hills
46.39591,-116.23464,367.0,0.49,0.65,2026-09-23,1938,N,high,2.0NRT,305.05,46.22,D,VIIRS,1,Montane & Hills
46.39401,-116.24048,351.57,0.5,0.65,2026-09-23,1938,N,nominal,2.0NRT,296.08,22.35,D,VIIRS,1,Montane & Hills
47.07202,-114.4782,349.17,0.4,0.6,2026-09-23,1940,N,nominal,2.0NRT,291.7,6.27,D,VIIRS,1,Montane & Hills
47.07291,-114.47651,345.99,0.4,0.6,2026-09-23,1940,N,nominal,2.0NRT,291.95,4.23,D,VIIRS,1,Montane & Hills
47.07164,-114.48071,335.32,0.4,0.6,2026-09-23,1940,N,nominal,2.0NRT,290.8,4.23,D,VIIRS,1,Montane & Hills
47.2424,-115.84397,348.9,0.45,0.63,2026-09-23,1940,N,nominal,2.0NRT,290.47,19.27,D,VIIRS,1,Montane & Hills
47.24463,-115.83694,356.42,0.45,0.63,2026-09-23,1940,N,low,2.0NRT,289.62,19.27,D,VIIRS,1,Montane & Hills
47.73751,-115.22494,334.19,0.41,0.6,2026-09-23,1940,N,nominal,2.0NRT,286.25,3.93,D,VIIRS,1,Montane & Hills
48.34632,-120.83661,329.96,0.65,0.73,2026-09-23,1940,N,nominal,2.0NRT,280.53,6.04,D,VIIRS,1,Montane & Hills
48.34818,-120.83812,330.45,0.65,0.73,2026-09-23,1940,N,nominal,2.0NRT,281.19,5.32,D,VIIRS,1,Montane & Hills
32.4514,-116.81419,337.75,0.45,0.39,2026-09-23,2116,N,nominal,2.0NRT,308.03,1.2,D,VIIRS,1,Montane & Hills
32.42964,-116.98445,345.33,0.44,0.38,2026-09-23,2116,N,nominal,2.0NRT,306.63,4.15,D,VIIRS,1,Montane & Hills
32.49633,-116.83219,338.6,0.45,0.39,2026-09-23,2116,N,low,2.0NRT,310.58,8.44,D,VIIRS,1,Montane & Hills
32.47409,-117.05872,335.86,0.44,0.38,2026-09-23,2116,N,nominal,2.0NRT,305.19,6.45,D,VIIRS,1,Montane & Hills
32.47349,-117.06328,336.58,0.44,0.38,2026-09-23,2116,N,low,2.0NRT,308.45,6.45,D,VIIRS,1,Montane & Hills
41.15602,-123.88985,334.83,0.39,0.36,2026-09-23,2118,N,nominal,2.0NRT,295.95,3.96,D,VIIRS,1,Montane & Hills
32.47355,-117.06151,347.81,0.44,0.38,2026-09-23,2116,N,nominal,2.0NRT,309.11,14.94,D,VIIRS,1,Montane & Hills
41.15931,-123.89083,355.71,0.39,0.36,2026-09-23,2118,N,nominal,2.0NRT,301.25,15.21,D,VIIRS,1,Montane & Hills
33.4172,-110.86024,336.2,0.62,0.54,2026-09-23,2116,N,nominal,2.0NRT,300.93,4.27,D,VIIRS,1,Montane & Hills
41.16259,-123.89179,334.12,0.39,0.36,2026-09-23,2118,N,low,2.0NRT,304.4,15.21,D,VIIRS,1,Montane & Hills
34.33455,-118.51761,338.32,0.41,0.37,2026-09-23,2116,N,low,2.0NRT,312.93,3.49,D,VIIRS,1,Montane & Hills
41.16183,-123.89641,351.48,0.39,0.36,2026-09-23,2118,N,nominal,2.0NRT,303.46,23.7,D,VIIRS,1,Montane & Hills
35.33672,-120.62334,353.18,0.38,0.36,2026-09-23,2116,N,nominal,2.0NRT,316.63,9.25,D,VIIRS,1,Montane & Hills
36.6063,-118.97542,342.73,0.41,0.37,2026-09-23,2116,N,nominal,2.0NRT,312.6,14.25,D,VIIRS,1,Montane & Hills
41.16512,-123.89738,338.25,0.39,0.36,2026-09-23,2118,N,nominal,2.0NRT,293.67,3.42,D,VIIRS,1,Montane & Hills
36.6057,-118.97991,346.9,0.41,0.37,2026-09-23,2116,N,nominal,2.0NRT,311.14,14.25,D,VIIRS,1,Montane & Hills
41.16436,-123.90199,333.75,0.39,0.36,2026-09-23,2118,N,nominal,2.0NRT,292.91,3.42,D,VIIRS,1,Montane & Hills
36.60511,-118.98437,340.56,0.41,0.37,2026-09-23,2116,N,nominal,2.0NRT,310.77,11.01,D,VIIRS,1,Montane & Hills
42.00572,-121.69778,334.36,0.39,0.36,2026-09-23,2118,N,low,2.0NRT,304.65,5.92,D,VIIRS,1,Montane & Hills
36.61034,-118.97149,334.9,0.41,0.37,2026-09-23,2116,N,low,2.0NRT,307.09,4.93,D,VIIRS,1,Montane & Hills
42.00904,-121.69863,334.98,0.39,0.36,2026-09-23,2118,N,nominal,2.0NRT,304.53,3.7,D,VIIRS,1,Montane & Hills
36.60973,-118.97604,356.52,0.41,0.37,2026-09-23,2116,N,nominal,2.0NRT,313.69,14.25,D,VIIRS,1,Montane & Hills
42.61834,-121.73077,351.85,0.4,0.37,2026-09-23,2118,N,nominal,2.0NRT,305.01,20.5,D,VIIRS,1,Montane & Hills
36.60913,-118.98051,354.58,0.41,0.37,2026-09-23,2116,N,nominal,2.0NRT,308.97,14.25,D,VIIRS,1,Montane & Hills
36.60854,-118.98495,344.89,0.41,0.37,2026-09-23,2116,N,nominal,2.0NRT,312.16,11.01,D,VIIRS,1,Montane & Hills
36.61376,-118.97213,335.15,0.41,0.37,2026-09-23,2116,N,nominal,2.0NRT,303.72,3.46,D,VIIRS,1,Montane & Hills
36.61316,-118.97665,355.9,0.41,0.37,2026-09-23,2116,N,nominal,2.0NRT,315.77,15.07,D,VIIRS,1,Montane & Hills
36.61256,-118.98113,342.46,0.41,0.37,2026-09-23,2116,N,nominal,2.0NRT,310.73,15.07,D,VIIRS,1,Montane & Hills
36.61197,-118.98554,344.55,0.41,0.37,2026-09-23,2116,N,nominal,2.0NRT,306.14,8.98,D,VIIRS,1,Montane & Hills
36.61658,-118.97732,341.24,0.41,0.37,2026-09-23,2116,N,nominal,2.0NRT,308.43,15.07,D,VIIRS,1,Montane & Hills
36.61598,-118.98177,338.16,0.41,0.37,2026-09-23,2116,N,nominal,2.0NRT,312.74,15.07,D,VIIRS,1,Montane & Hills
36.6194,-118.98244,347.72,0.41,0.37,2026-09-23,2116,N,nominal,2.0NRT,311.96,8.59,D,VIIRS,1,Montane & Hills
36.30323,-121.70729,341.97,0.38,0.36,2026-09-23,2116,N,nominal,2.0NRT,306.6,3.3,D,VIIRS,1,Montane & Hills
37.52148,-117.52319,367.0,0.47,0.4,2026-09-23,2116,N,high,2.0NRT,320.33,26.15,D,VIIRS,1,Montane & Hills
44.30279,-114.53962,333.63,0.51,0.5,2026-09-23,2118,N,nominal,2.0NRT,293.04,4.33,D,VIIRS,1,Montane & Hills
37.52084,-117.52856,342.77,0.47,0.4,2026-09-23,2116,N,nominal,2.0NRT,315.97,16.04,D,VIIRS,1,Montane & Hills
37.52511,-117.52388,355.89,0.47,0.4,2026-09-23,2116,N,nominal,2.0NRT,314.15,26.15,D,VIIRS,1,Montane & Hills
37.52448,-117.52915,344.37,0.47,0.4,2026-09-23,2116,N,nominal,2.0NRT,304.05,16.04,D,VIIRS,1,Montane & Hills
44.86369,-116.32286,344.82,0.43,0.46,2026-09-23,2118,N,nominal,2.0NRT,295.74,4.38,D,VIIRS,1,Montane & Hills
37.58941,-119.58868,335.98,0.41,0.37,2026-09-23,2116,N,nominal,2.0NRT,300.39,18.8,D,VIIRS,1,Montane & Hills
44.86793,-116.32331,345.12,0.43,0.46,2026-09-23,2118,N,nominal,2.0NRT,295.36,4.38,D,VIIRS,1,Montane & Hills
37.58878,-119.59327,347.36,0.41,0.37,2026-09-23,2116,N,nominal,2.0NRT,304.98,12.1,D,VIIRS,1,Montane & Hills
44.86317,-116.32017,337.76,0.43,0.46,2026-09-23,2118,N,nominal,2.0NRT,294.29,4.83,D,VIIRS,1,Montane & Hills
37.59338,-119.58501,334.02,0.41,0.37,2026-09-23,2116,N,nominal,2.0NRT,302.47,18.8,D,VIIRS,1,Montane & Hills
44.8674,-116.32066,339.34,0.43,0.46,2026-09-23,2118,N,nominal,2.0NRT,292.7,7.84,D,VIIRS,1,Montane & Hills
37.59277,-119.58952,354.57,0.41,0.37,2026-09-23,2116,N,nominal,2.0NRT,316.26,18.8,D,VIIRS,1,Montane & Hills
44.87119,-116.32647,350.03,0.43,0.46,2026-09-23,2118,N,nominal,2.0NRT,294.47,7.84,D,VIIRS,1,Montane & Hills
37.59215,-119.59405,345.09,0.41,0.37,2026-09-23,2116,N,nominal,2.0NRT,301.44,12.1,D,VIIRS,1,Montane & Hills
44.91108,-116.45882,342.26,0.42,0.45,2026-09-23,2118,N,nominal,2.0NRT,289.22,7.36,D,VIIRS,1,Montane & Hills
37.59674,-119.58585,344.37,0.41,0.37,2026-09-23,2116,N,nominal,2.0NRT,303.12,8.95,D,VIIRS,1,Montane & Hills
44.91525,-116.45972,349.71,0.42,0.45,2026-09-23,2118,N,nominal,2.0NRT,294.86,21.48,D,VIIRS,1,Montane & Hills
37.59553,-119.5948,367.0,0.41,0.37,2026-09-23,2116,N,low,2.0NRT,326.16,28.43,D,VIIRS,1,Montane & Hills
44.91479,-116.46504,335.93,0.42,0.45,2026-09-23,2118,N,nominal,2.0NRT,292.96,21.48,D,VIIRS,1,Montane & Hills
44.91897,-116.46581,338.55,0.42,0.45,2026-09-23,2118,N,nominal,2.0NRT,286.68,21.48,D,VIIRS,1,Montane & Hills
37.6001,-119.58665,353.98,0.41,0.37,2026-09-23,2116,N,nominal,2.0NRT,302.13,8.95,D,VIIRS,1,Montane & Hills
45.73443,-111.20308,328.23,0.38,0.59,2026-09-23,2121,N,nominal,2.0NRT,293.86,2.02,D,VIIRS,1,Montane & Hills
37.59889,-119.59563,339.51,0.41,0.37,2026-09-23,2116,N,nominal,2.0NRT,304.1,28.43,D,VIIRS,1,Montane & Hills
45.49603,-117.99089,340.9,0.55,0.43,2026-09-23,2121,N,nominal,2.0NRT,281.28,9.28,D,VIIRS,1,Montane & Hills
37.59827,-119.60017,336.54,0.41,0.37,2026-09-23,2116,N,nominal,2.0NRT,299.18,28.43,D,VIIRS,1,Montane & Hills
45.49995,-117.99172,336.67,0.55,0.43,2026-09-23,2121,N,nominal,2.0NRT,279.84,9.28,D,VIIRS,1,Montane & Hills
37.60347,-119.58745,348.08,0.41,0.37,2026-09-23,2116,N,nominal,2.0NRT,299.12,9.44,D,VIIRS,1,Montane & Hills
46.22026,-115.75198,354.71,0.47,0.48,2026-09-23,2121,N,nominal,2.0NRT,306.66,38.63,D,VIIRS,1,Montane & Hills
37.60286,-119.59196,333.88,0.41,0.37,2026-09-23,2116,N,low,2.0NRT,306.16,9.44,D,VIIRS,1,Montane & Hills
46.21979,-115.75833,334.62,0.47,0.48,2026-09-23,2121,N,nominal,2.0NRT,294.58,12.28,D,VIIRS,1,Montane & Hills
37.60225,-119.59644,332.7,0.41,0.37,2026-09-23,2116,N,low,2.0NRT,307.44,17.2,D,VIIRS,1,Montane & Hills
46.22471,-115.75213,367.0,0.47,0.48,2026-09-23,2121,N,high,2.0NRT,298.57,38.63,D,VIIRS,1,Montane & Hills
37.60164,-119.60091,356.75,0.41,0.37,2026-09-23,2116,N,nominal,2.0NRT,314.46,17.2,D,VIIRS,1,Montane & Hills
46.22423,-115.75854,332.72,0.47,0.48,2026-09-23,2121,N,nominal,2.0NRT,290.85,12.28,D,VIIRS,1,Montane & Hills
37.60102,-119.60542,339.37,0.41,0.37,2026-09-23,2116,N,nominal,2.0NRT,301.5,6.54,D,VIIRS,1,Montane & Hills
46.40374,-116.23698,349.09,0.45,0.47,2026-09-23,2121,N,nominal,2.0NRT,285.1,44.25,D,VIIRS,1,Montane & Hills
37.60685,-119.58817,341.68,0.41,0.37,2026-09-23,2116,N,nominal,2.0NRT,296.45,9.44,D,VIIRS,1,Montane & Hills
46.58941,-113.89353,367.0,0.58,0.52,2026-09-23,2121,N,high,2.0NRT,302.82,23.05,D,VIIRS,1,Montane & Hills
46.59426,-113.89411,350.4,0.58,0.52,2026-09-23,2121,N,nominal,2.0NRT,296.34,29.87,D,VIIRS,1,Montane & Hills
37.60624,-119.59269,345.14,0.41,0.37,2026-09-23,2116,N,nominal,2.0NRT,308.16,9.44,D,VIIRS,1,Montane & Hills
46.59384,-113.90104,334.25,0.58,0.52,2026-09-23,2121,N,nominal,2.0NRT,296.04,16.5,D,VIIRS,1,Montane & Hills
37.60562,-119.5972,354.45,0.41,0.37,2026-09-23,2116,N,nominal,2.0NRT,315.34,17.2,D,VIIRS,1,Montane & Hills
46.51445,-115.61246,327.1,0.48,0.48,2026-09-23,2121,N,nominal,2.0NRT,286.88,4.88,D,VIIRS,1,Montane & Hills
37.60502,-119.60164,350.85,0.41,0.37,2026-09-23,2116,N,nominal,2.0NRT,305.75,17.2,D,VIIRS,1,Montane & Hills
46.51295,-115.60728,339.88,0.48,0.48,2026-09-23,2121,N,nominal,2.0NRT,288.31,5.58,D,VIIRS,1,Montane & Hills
37.61024,-119.58884,331.55,0.41,0.37,2026-09-23,2116,N,nominal,2.0NRT,295.32,16.3,D,VIIRS,1,Montane & Hills
46.84344,-112.70196,367.0,0.33,0.55,2026-09-23,2121,N,high,2.0NRT,303.32,44.7,D,VIIRS,1,Montane & Hills
37.60962,-119.59339,353.48,0.41,0.37,2026-09-23,2116,N,nominal,2.0NRT,304.43,16.3,D,VIIRS,1,Montane & Hills
46.84856,-112.70304,367.0,0.33,0.55,2026-09-23,2121,N,high,2.0NRT,298.21,25.73,D,VIIRS,1,Montane & Hills
37.609,-119.59791,350.63,0.41,0.37,2026-09-23,2116,N,nominal,2.0NRT,316.7,20.51,D,VIIRS,1,Montane & Hills
46.84816,-112.71162,367.0,0.33,0.55,2026-09-23,2121,N,high,2.0NRT,295.62,16.65,D,VIIRS,1,Montane & Hills
37.60839,-119.60236,341.67,0.41,0.37,2026-09-23,2116,N,nominal,2.0NRT,305.59,20.51,D,VIIRS,1,Montane & Hills
46.84836,-112.70733,353.69,0.33,0.55,2026-09-23,2121,N,nominal,2.0NRT,298.02,16.65,D,VIIRS,1,Montane & Hills
37.60779,-119.60683,333.66,0.41,0.37,2026-09-23,2116,N,low,2.0NRT,303.94,5.08,D,VIIRS,1,Montane & Hills
46.84795,-112.71585,340.45,0.33,0.55,2026-09-23,2121,N,nominal,2.0NRT,292.53,7.66,D,VIIRS,1,Montane & Hills
46.98769,-114.03324,338.1,0.58,0.52,2026-09-23,2121,N,nominal,2.0NRT,293.53,7.95,D,VIIRS,1,Montane & Hills
37.60718,-119.61126,346.26,0.41,0.37,2026-09-23,2116,N,nominal,2.0NRT,306.46,5.08,D,VIIRS,1,Montane & Hills
47.67109,-115.53793,344.98,0.5,0.49,2026-09-23,2121,N,nominal,2.0NRT,285.32,15.73,D,VIIRS,1,Montane & Hills
37.61238,-119.59859,351.64,0.41,0.37,2026-09-23,2116,N,nominal,2.0NRT,303.84,20.51,D,VIIRS,1,Montane & Hills
47.67558,-115.53907,340.96,0.5,0.49,2026-09-23,2121,N,nominal,2.0NRT,277.43,7.79,D,VIIRS,1,Montane & Hills
37.61116,-119.60754,339.46,0.41,0.37,2026-09-23,2116,N,nominal,2.0NRT,306.89,5.08,D,VIIRS,1,Montane & Hills
47.74099,-114.71905,340.43,0.54,0.51,2026-09-23,2121,N,nominal,2.0NRT,288.24,12.72,D,VIIRS,1,Montane & Hills
37.61057,-119.61195,348.62,0.41,0.37,2026-09-23,2116,N,nominal,2.0NRT,302.91,5.08,D,VIIRS,1,Montane & Hills
47.67141,-115.53793,344.28,0.5,0.49,2026-09-23,2121,N,nominal,2.0NRT,288.01,18.54,D,VIIRS,1,Montane & Hills
37.61578,-119.59921,336.17,0.41,0.37,2026-09-23,2116,N,nominal,2.0NRT,300.85,8.33,D,VIIRS,1,Montane & Hills
47.67591,-115.53903,338.63,0.5,0.49,2026-09-23,2121,N,nominal,2.0NRT,276.17,18.54,D,VIIRS,1,Montane & Hills
37.61276,-119.62137,336.5,0.41,0.37,2026-09-23,2116,N,nominal,2.0NRT,305.24,10.54,D,VIIRS,1,Montane & Hills
47.74173,-114.71806,334.18,0.54,0.51,2026-09-23,2121,N,nominal,2.0NRT,287.07,7.27,D,VIIRS,1,Montane & Hills
37.61673,-119.61771,347.39,0.41,0.37,2026-09-23,2116,N,nominal,2.0NRT,305.77,10.54,D,VIIRS,1,Montane & Hills
47.74117,-114.7273,338.5,0.54,0.51,2026-09-23,2121,N,nominal,2.0NRT,286.38,5.3,D,VIIRS,1,Montane & Hills
37.61613,-119.62208,352.56,0.41,0.37,2026-09-23,2116,N,nominal,2.0NRT,300.6,10.54,D,VIIRS,1,Montane & Hills
47.9141,-113.49261,352.08,0.62,0.54,2026-09-23,2121,N,nominal,2.0NRT,302.25,40.16,D,VIIRS,1,Montane & Hills
37.62257,-119.60041,348.27,0.41,0.37,2026-09-23,2116,N,nominal,2.0NRT,304.07,9.73,D,VIIRS,1,Montane & Hills
47.91364,-113.49216,351.45,0.62,0.54,2026-09-23,2121,N,nominal,2.0NRT,302.34,43.35,D,VIIRS,1,Montane & Hills
37.62071,-119.614,340.03,0.41,0.37,2026-09-23,2116,N,nominal,2.0NRT,307.04,11.56,D,VIIRS,1,Montane & Hills
47.47928,-121.2119,334.88,0.44,0.39,2026-09-23,2121,N,nominal,2.0NRT,287.77,6.51,D,VIIRS,1,Montane & Hills
37.62011,-119.61842,354.52,0.41,0.37,2026-09-23,2116,N,nominal,2.0NRT,310.82,25.27,D,VIIRS,1,Montane & Hills
48.34501,-120.83997,346.43,0.46,0.39,2026-09-23,2121,N,nominal,2.0NRT,289.59,7.87,D,VIIRS,1,Montane & Hills
37.62409,-119.61472,367.0,0.41,0.37,2026-09-23,2116,N,high,2.0NRT,315.07,11.56,D,VIIRS,1,Montane & Hills
48.35386,-120.85998,329.89,0.46,0.39,2026-09-23,2121,N,nominal,2.0NRT,289.84,2.46,D,VIIRS,1,Montane & Hills
37.62658,-119.59654,355.83,0.41,0.37,2026-09-23,2116,N,nominal,2.0NRT,313.08,28.39,D,VIIRS,1,Montane & Hills
48.35759,-120.85986,335.61,0.46,0.39,2026-09-23,2121,N,nominal,2.0NRT,290.5,2.46,D,VIIRS,1,Montane & Hills
37.62596,-119.60105,344.86,0.41,0.37,2026-09-23,2116,N,nominal,2.0NRT,310.49,9.73,D,VIIRS,1,Montane & Hills
48.36131,-120.85982,339.39,0.46,0.39,2026-09-23,2121,N,nominal,2.0NRT,295.11,11.96,D,VIIRS,1,Montane & Hills
37.62471,-119.61018,340.18,0.41,0.37,2026-09-23,2116,N,nominal,2.0NRT,306.83,11.56,D,VIIRS,1,Montane & Hills
48.37739,-120.81691,325.38,0.46,0.39,2026-09-23,2121,N,nominal,2.0NRT,293.35,6.12,D,VIIRS,1,Montane & Hills
37.62348,-119.61919,353.31,0.41,0.37,2026-09-23,2116,N,nominal,2.0NRT,317.32,25.27,D,VIIRS,1,Montane & Hills
48.37664,-120.82341,345.6,0.46,0.39,2026-09-23,2121,N,nominal,2.0NRT,300.35,17.34,D,VIIRS,1,Montane & Hills
37.62288,-119.62362,336.79,0.41,0.37,2026-09-23,2116,N,low,2.0NRT,309.56,25.27,D,VIIRS,1,Montane & Hills
48.37518,-120.83611,327.86,0.46,0.39,2026-09-23,2121,N,nominal,2.0NRT,293.88,2.86,D,VIIRS,1,Montane & Hills
37.62997,-119.59718,367.0,0.41,0.37,2026-09-23,2116,N,high,2.0NRT,309.66,13.28,D,VIIRS,1,Montane & Hills
48.36572,-120.85554,333.11,0.46,0.39,2026-09-23,2121,N,nominal,2.0NRT,292.97,4.67,D,VIIRS,1,Montane & Hills
37.62935,-119.60169,349.87,0.41,0.37,2026-09-23,2116,N,nominal,2.0NRT,309.7,7.69,D,VIIRS,1,Montane & Hills
48.37724,-120.8184,332.98,0.46,0.39,2026-09-23,2121,N,nominal,2.0NRT,295.51,10.35,D,VIIRS,1,Montane & Hills
37.62809,-119.6109,350.66,0.41,0.37,2026-09-23,2116,N,nominal,2.0NRT,316.13,90.5,D,VIIRS,1,Montane & Hills
48.37652,-120.82483,340.89,0.46,0.39,2026-09-23,2121,N,nominal,2.0NRT,299.44,10.35,D,VIIRS,1,Montane & Hills
48.37947,-120.83177,339.22,0.46,0.39,2026-09-23,2121,N,nominal,2.0NRT,296.07,8.08,D,VIIRS,1,Montane & Hills
37.62746,-119.61549,311.22,0.41,0.37,2026-09-23,2116,N,low,2.0NRT,324.83,90.5,D,VIIRS,1,Montane & Hills
48.81762,-120.66071,338.79,0.48,0.4,2026-09-23,2121,N,nominal,2.0NRT,288.13,5.06,D,VIIRS,1,Montane & Hills
37.63336,-119.59784,340.68,0.41,0.37,2026-09-23,2116,N,nominal,2.0NRT,305.8,13.28,D,VIIRS,1,Montane & Hills
48.82126,-120.66171,349.36,0.48,0.4,2026-09-23,2121,N,nominal,2.0NRT,293.69,19.9,D,VIIRS,1,Montane & Hills
37.63273,-119.6024,347.99,0.41,0.37,2026-09-23,2116,N,nominal,2.0NRT,303.34,7.69,D,VIIRS,1,Montane & Hills
48.82066,-120.66715,336.93,0.48,0.4,2026-09-23,2121,N,nominal,2.0NRT,289.99,19.9,D,VIIRS,1,Montane & Hills
37.6321,-119.60699,346.12,0.41,0.37,2026-09-23,2116,N,nominal,2.0NRT,304.58,7.69,D,VIIRS,1,Montane & Hills
48.82012,-120.66248,353.95,0.48,0.4,2026-09-23,2121,N,nominal,2.0NRT,296.78,22.25,D,VIIRS,1,Montane & Hills
37.63146,-119.61164,367.0,0.41,0.37,2026-09-23,2116,N,low,2.0NRT,333.24,90.5,D,VIIRS,1,Montane & Hills
48.81952,-120.66802,331.73,0.48,0.4,2026-09-23,2121,N,nominal,2.0NRT,291.71,13.82,D,VIIRS,1,Montane & Hills
37.63547,-119.60774,356.84,0.41,0.37,2026-09-23,2116,N,nominal,2.0NRT,312.31,33.21,D,VIIRS,1,Montane & Hills
48.82984,-120.67645,342.07,0.48,0.4,2026-09-23,2121,N,nominal,2.0NRT,289.04,7.77,D,VIIRS,1,Montane & Hills
37.63483,-119.6124,332.83,0.41,0.37,2026-09-23,2116,N,low,2.0NRT,302.9,8.2,D,VIIRS,1,Montane & Hills
48.48485,-123.74665,349.33,0.4,0.37,2026-09-23,2121,N,nominal,2.0NRT,297.84,10.0,D,VIIRS,1,Montane & Hills
37.84668,-121.45005,345.36,0.38,0.36,2026-09-23,2116,N,nominal,2.0NRT,313.94,5.12,D,VIIRS,1,Montane & Hills
48.4841,-123.75215,344.35,0.4,0.37,2026-09-23,2121,N,nominal,2.0NRT,297.99,10.0,D,VIIRS,1,Montane & Hills
37.85823,-122.42828,355.53,0.39,0.36,2026-09-23,2116,N,nominal,2.0NRT,305.09,11.1,D,VIIRS,1,Montane & Hills
37.85754,-122.43263,346.76,0.39,0.36,2026-09-23,2116,N,nominal,2.0NRT,305.17,8.64,D,VIIRS,1,Montane & Hills
48.48336,-123.75752,334.52,0.4,0.37,2026-09-23,2121,N,nominal,2.0NRT,298.08,3.48,D,VIIRS,1,Montane & Hills
37.86083,-122.43346,347.3,0.39,0.36,2026-09-23,2116,N,nominal,2.0NRT,306.48,10.06,D,VIIRS,1,Montane & Hills
48.48262,-123.76288,340.0,0.4,0.37,2026-09-23,2121,N,nominal,2.0NRT,299.57,3.48,D,VIIRS,1,Montane & Hills
38.33141,-121.52157,335.11,0.38,0.36,2026-09-23,2116,N,low,2.0NRT,309.51,5.44,D,VIIRS,1,Montane & Hills
48.48891,-123.7424,354.01,0.4,0.37,2026-09-23,2121,N,nominal,2.0NRT,300.42,15.18,D,VIIRS,1,Montane & Hills
39.00983,-121.83771,352.85,0.38,0.36,2026-09-23,2118,N,nominal,2.0NRT,314.14,9.17,D,VIIRS,1,Montane & Hills
48.49298,-123.73807,338.97,0.4,0.37,2026-09-23,2121,N,nominal,2.0NRT,291.56,15.18,D,VIIRS,1,Montane & Hills
39.01378,-121.83411,339.18,0.38,0.36,2026-09-23,2118,N,low,2.0NRT,311.46,7.11,D,VIIRS,1,Montane & Hills
48.49149,-123.74892,332.99,0.4,0.37,2026-09-23,2121,N,nominal,2.0NRT,293.89,6.9,D,VIIRS,1,Montane & Hills
39.01311,-121.83852,357.23,0.38,0.36,2026-09-23,2118,N,nominal,2.0NRT,318.34,22.39,D,VIIRS,1,Montane & Hills
48.49556,-123.74458,339.35,0.4,0.37,2026-09-23,2121,N,nominal,2.0NRT,294.11,8.65,D,VIIRS,1,Montane & Hills
39.06938,-122.15787,338.97,0.38,0.36,2026-09-23,2118,N,nominal,2.0NRT,312.68,5.54,D,VIIRS,1,Montane & Hills
48.49482,-123.74999,347.57,0.4,0.37,2026-09-23,2121,N,nominal,2.0NRT,300.75,26.42,D,VIIRS,1,Montane & Hills
48.4911,-123.77686,346.92,0.4,0.37,2026-09-23,2121,N,nominal,2.0NRT,305.11,13.22,D,VIIRS,1,Montane & Hills
39.28625,-121.64693,341.95,0.39,0.36,2026-09-23,2118,N,nominal,2.0NRT,305.37,2.25,D,VIIRS,1,Montane & Hills
48.49443,-123.77793,337.91,0.4,0.37,2026-09-23,2121,N,nominal,2.0NRT,291.47,13.22,D,VIIRS,1,Montane & Hills
39.32173,-121.6315,333.58,0.39,0.36,2026-09-23,2118,N,nominal,2.0NRT,303.91,3.91,D,VIIRS,1,Montane & Hills
39.32107,-121.63594,336.15,0.39,0.36,2026-09-23,2118,N,nominal,2.0NRT,305.47,5.3,D,VIIRS,1,Montane & Hills
39.23642,-122.285,346.12,0.38,0.36,2026-09-23,2118,N,nominal,2.0NRT,311.3,31.57,D,VIIRS,1,Montane & Hills
39.23574,-122.28941,346.04,0.38,0.36,2026-09-23,2118,N,nominal,2.0NRT,317.92,31.57,D,VIIRS,1,Montane & Hills
39.2397,-122.28584,348.85,0.38,0.36,2026-09-23,2118,N,nominal,2.0NRT,316.94,31.57,D,VIIRS,1,Montane & Hills
39.23903,-122.29025,338.21,0.38,0.36,2026-09-23,2118,N,nominal,2.0NRT,312.25,31.57,D,VIIRS,1,Montane & Hills
39.43946,-122.22352,352.91,0.38,0.36,2026-09-23,2118,N,nominal,2.0NRT,307.14,10.01,D,VIIRS,1,Montane & Hills
39.44274,-122.22435,367.0,0.38,0.36,2026-09-23,2118,N,high,2.0NRT,306.55,16.61,D,VIIRS,1,Montane & Hills
39.44206,-122.22878,347.56,0.38,0.36,2026-09-23,2118,N,nominal,2.0NRT,308.52,16.61,D,VIIRS,1,Montane & Hills
40.67152,-110.94548,325.76,0.36,0.58,2026-09-23,2118,N,nominal,2.0NRT,288.9,2.95,D,VIIRS,1,Montane & Hills
40.67128,-110.94977,326.42,0.36,0.58,2026-09-23,2118,N,nominal,2.0NRT,290.11,2.95,D,VIIRS,1,Montane & Hills
40.6788,-110.91055,343.63,0.36,0.58,2026-09-23,2118,N,nominal,2.0NRT,287.14,7.82,D,VIIRS,1,Montane & Hills
40.67707,-110.94215,344.89,0.36,0.58,2026-09-23,2118,N,nominal,2.0NRT,288.22,8.76,D,VIIRS,1,Montane & Hills
40.67683,-110.9464,352.42,0.36,0.58,2026-09-23,2118,N,nominal,2.0NRT,287.94,4.44,D,VIIRS,1,Montane & Hills
40.67661,-110.95061,332.24,0.36,0.58,2026-09-23,2118,N,nominal,2.0NRT,286.75,4.44,D,VIIRS,1,Montane & Hills
40.68459,-110.90313,367.0,0.36,0.58,2026-09-23,2118,N,high,2.0NRT,290.36,17.09,D,VIIRS,1,Montane & Hills
40.68436,-110.90723,339.43,0.36,0.58,2026-09-23,2118,N,nominal,2.0NRT,287.79,7.82,D,VIIRS,1,Montane & Hills
40.69018,-110.8992,336.21,0.36,0.58,2026-09-23,2118,N,nominal,2.0NRT,287.43,8.15,D,VIIRS,1,Montane & Hills
40.69048,-110.89388,357.13,0.37,0.58,2026-09-23,2118,N,low,2.0NRT,289.56,10.86,D,VIIRS,1,Montane & Hills
40.68751,-110.90218,367.0,0.37,0.58,2026-09-23,2118,N,high,2.0NRT,290.08,9.45,D,VIIRS,1,Montane & Hills
40.68775,-110.89732,332.04,0.37,0.58,2026-09-23,2118,N,nominal,2.0NRT,287.04,9.45,D,VIIRS,1,Montane & Hills
40.6873,-110.90639,349.22,0.36,0.58,2026-09-23,2118,N,nominal,2.0NRT,290.33,7.75,D,VIIRS,1,Montane & Hills
40.69337,-110.89235,351.72,0.37,0.58,2026-09-23,2118,N,nominal,2.0NRT,286.5,9.53,D,VIIRS,1,Montane & Hills
39.7011,-122.24641,350.01,0.38,0.36,2026-09-23,2118,N,nominal,2.0NRT,317.45,21.86,D,VIIRS,1,Montane & Hills
39.70438,-122.24725,347.74,0.38,0.36,2026-09-23,2118,N,nominal,2.0NRT,309.48,5.96,D,VIIRS,1,Montane & Hills
40.07159,-122.20245,353.66,0.38,0.36,2026-09-23,2118,N,nominal,2.0NRT,324.59,42.5,D,VIIRS,1,Montane & Hills
40.07091,-122.20692,353.08,0.38,0.36,2026-09-23,2118,N,nominal,2.0NRT,315.58,42.5,D,VIIRS,1,Montane & Hills
40.07487,-122.2033,356.62,0.38,0.36,2026-09-23,2118,N,nominal,2.0NRT,314.37,42.5,D,VIIRS,1,Montane & Hills
40.0742,-122.20776,309.01,0.38,0.36,2026-09-23,2118,N,low,2.0NRT,320.35,42.5,D,VIIRS,1,Montane & Hills
40.63387,-122.32029,339.14,0.38,0.36,2026-09-23,2118,N,nominal,2.0NRT,295.29,2.84,D,VIIRS,1,Montane & Hills
40.82099,-114.25872,298.32,0.41,0.37,2026-09-24,934,N,nominal,2.0NRT,282.93,1.72,N,VIIRS,1,Montane & Hills
40.82035,-114.25404,308.38,0.41,0.37,2026-09-24,934,N,nominal,2.0NRT,284.72,1.39,N,VIIRS,1,Montane & Hills
40.07455,-122.20892,313.67,0.59,0.52,2026-09-24,934,N,nominal,2.0NRT,288.32,2.19,N,VIIRS,1,Montane & Hills
40.07406,-122.20196,312.01,0.58,0.52,2026-09-24,934,N,nominal,2.0NRT,288.73,2.19,N,VIIRS,1,Montane & Hills
38.93988,-112.81666,308.59,0.38,0.36,2026-09-24,934,N,nominal,2.0NRT,286.73,1.32,N,VIIRS,1,Montane & Hills
38.9366,-112.8175,304.7,0.38,0.36,2026-09-24,934,N,nominal,2.0NRT,283.78,1.32,N,VIIRS,1,Montane & Hills
39.62138,-119.2625,301.85,0.41,0.45,2026-09-24,934,N,nominal,2.0NRT,285.58,0.91,N,VIIRS,1,Montane & Hills
39.61724,-119.26319,297.41,0.41,0.45,2026-09-24,934,N,nominal,2.0NRT,285.44,0.91,N,VIIRS,1,Montane & Hills
39.69962,-122.2473,299.24,0.58,0.52,2026-09-24,934,N,nominal,2.0NRT,288.7,1.06,N,VIIRS,1,Montane & Hills
39.28499,-121.65171,298.9,0.54,0.51,2026-09-24,934,N,nominal,2.0NRT,286.91,0.6,N,VIIRS,1,Montane & Hills
37.75076,-111.62412,308.35,0.39,0.36,2026-09-24,934,N,nominal,2.0NRT,282.98,1.03,N,VIIRS,1,Montane & Hills
38.05015,-121.08886,298.45,0.49,0.48,2026-09-24,934,N,nominal,2.0NRT,287.03,0.42,N,VIIRS,1,Montane & Hills
37.63472,-119.60912,336.85,0.4,0.45,2026-09-24,937,N,nominal,2.0NRT,284.13,3.09,N,VIIRS,1,Montane & Hills
37.63516,-119.61353,308.19,0.4,0.45,2026-09-24,937,N,nominal,2.0NRT,281.24,1.83,N,VIIRS,1,Montane & Hills
37.63427,-119.60474,311.59,0.4,0.45,2026-09-24,937,N,nominal,2.0NRT,279.6,3.09,N,VIIRS,1,Montane & Hills
37.63381,-119.60017,310.17,0.4,0.44,2026-09-24,937,N,nominal,2.0NRT,277.64,0.89,N,VIIRS,1,Montane & Hills
37.63106,-119.61426,367.0,0.4,0.45,2026-09-24,937,N,high,2.0NRT,294.36,14.68,N,VIIRS,1,Montane & Hills
37.62921,-119.59587,338.19,0.4,0.44,2026-09-24,937,N,nominal,2.0NRT,281.5,2.8,N,VIIRS,1,Montane & Hills
37.63062,-119.60985,311.12,0.4,0.45,2026-09-24,937,N,nominal,2.0NRT,279.96,2.14,N,VIIRS,1,Montane & Hills
37.6297,-119.60071,304.63,0.4,0.44,2026-09-24,937,N,nominal,2.0NRT,276.69,2.8,N,VIIRS,1,Montane & Hills
37.62696,-119.61503,356.81,0.4,0.45,2026-09-24,937,N,nominal,2.0NRT,292.43,14.68,N,VIIRS,1,Montane & Hills
37.62508,-119.59624,323.43,0.4,0.44,2026-09-24,937,N,nominal,2.0NRT,280.82,2.8,N,VIIRS,1,Montane & Hills
37.62743,-119.61966,316.7,0.4,0.45,2026-09-24,937,N,nominal,2.0NRT,282.22,14.68,N,VIIRS,1,Montane & Hills
37.6265,-119.61045,300.15,0.4,0.45,2026-09-24,937,N,nominal,2.0NRT,279.66,2.14,N,VIIRS,1,Montane & Hills
37.62557,-119.60115,317.02,0.4,0.44,2026-09-24,937,N,nominal,2.0NRT,279.22,2.8,N,VIIRS,1,Montane & Hills
37.62387,-119.62585,324.47,0.4,0.45,2026-09-24,937,N,nominal,2.0NRT,286.57,7.06,N,VIIRS,1,Montane & Hills
37.62337,-119.62085,353.48,0.4,0.45,2026-09-24,937,N,nominal,2.0NRT,291.31,10.5,N,VIIRS,1,Montane & Hills
37.62288,-119.61588,320.59,0.4,0.45,2026-09-24,937,N,nominal,2.0NRT,282.6,10.5,N,VIIRS,1,Montane & Hills
37.62144,-119.60153,307.01,0.4,0.44,2026-09-24,937,N,nominal,2.0NRT,280.42,1.37,N,VIIRS,1,Montane & Hills
37.61931,-119.62201,367.0,0.4,0.45,2026-09-24,937,N,high,2.0NRT,292.79,10.5,N,VIIRS,1,Montane & Hills
37.61981,-119.62702,313.63,0.4,0.45,2026-09-24,937,N,nominal,2.0NRT,284.08,7.06,N,VIIRS,1,Montane & Hills
37.61879,-119.61678,317.6,0.4,0.45,2026-09-24,937,N,nominal,2.0NRT,285.38,10.5,N,VIIRS,1,Montane & Hills
37.61267,-119.59711,322.94,0.4,0.44,2026-09-24,937,N,nominal,2.0NRT,283.16,3.75,N,VIIRS,1,Montane & Hills
37.61523,-119.62295,316.4,0.4,0.45,2026-09-24,937,N,nominal,2.0NRT,287.0,1.37,N,VIIRS,1,Montane & Hills
37.61366,-119.60705,307.37,0.4,0.45,2026-09-24,937,N,nominal,2.0NRT,281.07,2.62,N,VIIRS,1,Montane & Hills
37.61316,-119.60202,319.66,0.4,0.44,2026-09-24,937,N,nominal,2.0NRT,280.21,3.75,N,VIIRS,1,Montane & Hills
37.61219,-119.59238,307.87,0.4,0.44,2026-09-24,937,N,nominal,2.0NRT,281.47,5.81,N,VIIRS,1,Montane & Hills
37.61007,-119.61292,328.37,0.4,0.45,2026-09-24,937,N,nominal,2.0NRT,283.82,2.62,N,VIIRS,1,Montane & Hills
37.60955,-119.6077,325.86,0.4,0.45,2026-09-24,937,N,nominal,2.0NRT,285.01,2.62,N,VIIRS,1,Montane & Hills
37.60856,-119.59772,346.37,0.4,0.44,2026-09-24,937,N,nominal,2.0NRT,290.08,3.75,N,VIIRS,1,Montane & Hills
37.60808,-119.59293,367.0,0.4,0.44,2026-09-24,937,N,high,2.0NRT,288.95,5.81,N,VIIRS,1,Montane & Hills
37.60761,-119.58817,328.77,0.4,0.44,2026-09-24,937,N,nominal,2.0NRT,284.08,5.81,N,VIIRS,1,Montane & Hills
37.61113,-119.62373,301.29,0.4,0.45,2026-09-24,937,N,nominal,2.0NRT,286.09,1.37,N,VIIRS,1,Montane & Hills
37.60905,-119.60268,301.99,0.4,0.44,2026-09-24,937,N,nominal,2.0NRT,283.72,3.75,N,VIIRS,1,Montane & Hills
37.60497,-119.60351,305.54,0.4,0.44,2026-09-24,937,N,nominal,2.0NRT,285.23,3.85,N,VIIRS,1,Montane & Hills
37.60447,-119.5985,316.29,0.4,0.44,2026-09-24,937,N,nominal,2.0NRT,286.18,3.85,N,VIIRS,1,Montane & Hills
37.60351,-119.58885,317.34,0.4,0.44,2026-09-24,937,N,nominal,2.0NRT,282.91,3.26,N,VIIRS,1,Montane & Hills
37.60039,-119.59943,354.42,0.4,0.44,2026-09-24,937,N,nominal,2.0NRT,291.61,3.85,N,VIIRS,1,Montane & Hills
37.59898,-119.58512,335.73,0.4,0.44,2026-09-24,937,N,nominal,2.0NRT,284.57,3.31,N,VIIRS,1,Montane & Hills
37.60086,-119.60418,310.51,0.4,0.44,2026-09-24,937,N,nominal,2.0NRT,284.16,3.85,N,VIIRS,1,Montane & Hills
37.59945,-119.58987,311.74,0.4,0.44,2026-09-24,937,N,nominal,2.0NRT,282.17,3.26,N,VIIRS,1,Montane & Hills
37.59586,-119.59579,336.08,0.4,0.44,2026-09-24,937,N,nominal,2.0NRT,285.91,5.39,N,VIIRS,1,Montane & Hills
37.59631,-119.60031,314.3,0.4,0.44,2026-09-24,937,N,nominal,2.0NRT,282.37,2.96,N,VIIRS,1,Montane & Hills
37.59133,-119.59205,321.96,0.4,0.44,2026-09-24,937,N,nominal,2.0NRT,285.63,5.39,N,VIIRS,1,Montane & Hills
37.59087,-119.58745,345.92,0.4,0.44,2026-09-24,937,N,nominal,2.0NRT,288.24,8.46,N,VIIRS,1,Montane & Hills
37.58725,-119.59298,317.23,0.4,0.44,2026-09-24,937,N,nominal,2.0NRT,282.01,2.05,N,VIIRS,1,Montane & Hills
37.58838,-119.59033,325.19,0.4,0.44,2026-09-24,937,N,nominal,2.0NRT,281.42,2.57,N,VIIRS,1,Montane & Hills
37.58883,-119.59473,311.72,0.4,0.44,2026-09-24,937,N,nominal,2.0NRT,283.44,2.57,N,VIIRS,1,Montane & Hills
37.58789,-119.58574,306.02,0.4,0.44,2026-09-24,937,N,nominal,2.0NRT,279.78,0.78,N,VIIRS,1,Montane & Hills
37.45484,-121.93359,302.32,0.53,0.5,2026-09-24,937,N,nominal,2.0NRT,287.56,0.77,N,VIIRS,1,Montane & Hills
36.38245,-114.87701,310.18,0.39,0.37,2026-09-24,937,N,nominal,2.0NRT,290.76,0.73,N,VIIRS,1,Montane & Hills
36.35851,-114.91206,312.46,0.4,0.37,2026-09-24,937,N,nominal,2.0NRT,291.42,1.25,N,VIIRS,1,Montane & Hills
36.30621,-121.70815,341.89,0.5,0.49,2026-09-24,937,N,nominal,2.0NRT,301.88,29.68,N,VIIRS,1,Montane & Hills
36.30581,-121.70356,338.84,0.5,0.49,2026-09-24,937,N,nominal,2.0NRT,297.28,14.57,N,VIIRS,1,Montane & Hills
36.30124,-121.70387,309.04,0.5,0.49,2026-09-24,937,N,nominal,2.0NRT,290.85,1.82,N,VIIRS,1,Montane & Hills
36.30593,-121.7089,338.61,0.5,0.49,2026-09-24,937,N,nominal,2.0NRT,297.66,25.5,N,VIIRS,1,Montane & Hills
36.30552,-121.70433,339.7,0.5,0.49,2026-09-24,937,N,nominal,2.0NRT,300.01,25.5,N,VIIRS,1,Montane & Hills
34.62269,-117.09933,313.42,0.44,0.38,2026-09-24,937,N,nominal,2.0NRT,293.15,2.11,N,VIIRS,1,Montane & Hills
34.82079,-118.74773,302.29,0.51,0.41,2026-09-24,937,N,nominal,2.0NRT,291.44,1.28,N,VIIRS,1,Montane & Hills
34.81839,-118.74885,305.69,0.51,0.41,2026-09-24,937,N,nominal,2.0NRT,289.53,0.65,N,VIIRS,1,Montane & Hills
34.6077,-117.33695,319.97,0.45,0.39,2026-09-24,937,N,nominal,2.0NRT,291.87,2.31,N,VIIRS,1,Montane & Hills
34.35269,-116.85418,305.22,0.43,0.38,2026-09-24,937,N,nominal,2.0NRT,290.67,0.83,N,VIIRS,1,Montane & Hills
34.33405,-118.51772,316.94,0.49,0.41,2026-09-24,937,N,nominal,2.0NRT,290.86,1.26,N,VIIRS,1,Montane & Hills
34.14114,-117.42581,306.04,0.44,0.39,2026-09-24,937,N,nominal,2.0NRT,290.33,0.75,N,VIIRS,1,Montane & Hills
34.29095,-118.8,305.96,0.51,0.41,2026-09-24,937,N,nominal,2.0NRT,289.52,0.96,N,VIIRS,1,Montane & Hills
34.24183,-118.38322,301.39,0.49,0.4,2026-09-24,937,N,nominal,2.0NRT,290.44,0.56,N,VIIRS,1,Montane & Hills
34.24363,-118.3799,301.97,0.49,0.4,2026-09-24,937,N,nominal,2.0NRT,290.63,0.43,N,VIIRS,1,Montane & Hills
34.29188,-118.80202,298.88,0.51,0.41,2026-09-24,937,N,nominal,2.0NRT,288.83,0.47,N,VIIRS,1,Montane & Hills
34.29119,-118.7964,299.52,0.51,0.41,2026-09-24,937,N,nominal,2.0NRT,289.05,0.47,N,VIIRS,1,Montane & Hills
34.15253,-118.1927,314.92,0.48,0.4,2026-09-24,937,N,nominal,2.0NRT,290.41,1.27,N,VIIRS,1,Montane & Hills
34.03935,-117.82154,306.12,0.46,0.39,2026-09-24,937,N,nominal,2.0NRT,290.42,0.85,N,VIIRS,1,Montane & Hills
34.03468,-118.1064,301.58,0.47,0.4,2026-09-24,937,N,nominal,2.0NRT,291.18,0.33,N,VIIRS,1,Montane & Hills
33.87664,-116.99719,300.28,0.43,0.38,2026-09-24,937,N,nominal,2.0NRT,289.01,0.45,N,VIIRS,1,Montane & Hills
33.7935,-117.47596,308.19,0.44,0.39,2026-09-24,937,N,nominal,2.0NRT,290.71,1.22,N,VIIRS,1,Montane & Hills
33.85172,-118.33248,306.29,0.48,0.4,2026-09-24,937,N,nominal,2.0NRT,294.59,1.84,N,VIIRS,1,Montane & Hills
33.77709,-118.2369,305.76,0.47,0.4,2026-09-24,937,N,nominal,2.0NRT,294.92,1.12,N,VIIRS,1,Montane & Hills
32.60079,-114.66832,315.12,0.38,0.36,2026-09-24,937,N,nominal,2.0NRT,294.83,1.05,N,VIIRS,1,Montane & Hills
32.5687,-115.51904,302.04,0.39,0.36,2026-09-24,937,N,nominal,2.0NRT,291.59,0.21,N,VIIRS,1,Montane & Hills
32.54387,-115.35427,312.27,0.39,0.36,2026-09-24,937,N,nominal,2.0NRT,295.05,0.91,N,VIIRS,1,Montane & Hills
32.461,-115.29848,304.15,0.39,0.36,2026-09-24,937,N,nominal,2.0NRT,293.46,0.42,N,VIIRS,1,Montane & Hills
32.52682,-116.77432,323.29,0.41,0.37,2026-09-24,937,N,nominal,2.0NRT,289.5,1.44,N,VIIRS,1,Montane & Hills
32.52742,-116.77863,308.54,0.41,0.37,2026-09-24,937,N,nominal,2.0NRT,289.28,1.44,N,VIIRS,1,Montane & Hills
32.52341,-116.77503,304.52,0.41,0.37,2026-09-24,937,N,nominal,2.0NRT,288.4,1.25,N,VIIRS,1,Montane & Hills
32.28234,-116.521,299.89,0.4,0.37,2026-09-24,937,N,nominal,2.0NRT,289.62,0.38,N,VIIRS,1,Montane & Hills
47.91324,-113.49101,297.03,0.45,0.39,2026-09-24,934,N,nominal,2.0NRT,279.04,0.75,N,VIIRS,1,Montane & Hills
47.74125,-114.72193,314.12,0.49,0.4,2026-09-24,934,N,nominal,2.0NRT,284.72,2.42,N,VIIRS,1,Montane & Hills
47.79166,-116.55704,299.2,0.57,0.43,2026-09-24,934,N,nominal,2.0NRT,281.88,0.89,N,VIIRS,1,Montane & Hills
47.6754,-115.53767,316.38,0.52,0.42,2026-09-24,934,N,nominal,2.0NRT,271.79,2.62,N,VIIRS,1,Montane & Hills
47.67224,-115.54494,295.18,0.52,0.42,2026-09-24,934,N,nominal,2.0NRT,271.15,1.56,N,VIIRS,1,Montane & Hills
47.67159,-115.53859,311.9,0.52,0.42,2026-09-24,934,N,nominal,2.0NRT,271.53,2.62,N,VIIRS,1,Montane & Hills
47.24669,-115.84095,299.77,0.53,0.42,2026-09-24,934,N,nominal,2.0NRT,271.16,1.15,N,VIIRS,1,Montane & Hills
47.07651,-114.47649,302.09,0.47,0.4,2026-09-24,934,N,nominal,2.0NRT,281.85,1.06,N,VIIRS,1,Montane & Hills
47.07284,-114.47701,303.69,0.47,0.4,2026-09-24,934,N,nominal,2.0NRT,282.13,1.06,N,VIIRS,1,Montane & Hills
46.84566,-112.70896,296.1,0.42,0.37,2026-09-24,934,N,nominal,2.0NRT,281.5,0.61,N,VIIRS,1,Montane & Hills
46.84494,-112.70351,297.27,0.42,0.37,2026-09-24,934,N,nominal,2.0NRT,281.23,0.61,N,VIIRS,1,Montane & Hills
47.04922,-116.68417,298.8,0.57,0.43,2026-09-24,934,N,nominal,2.0NRT,282.11,0.95,N,VIIRS,1,Montane & Hills
46.3285,-111.61688,295.13,0.39,0.37,2026-09-24,934,N,nominal,2.0NRT,282.56,0.46,N,VIIRS,1,Montane & Hills
46.59395,-113.90187,297.39,0.45,0.39,2026-09-24,934,N,nominal,2.0NRT,283.24,0.6,N,VIIRS,1,Montane & Hills
46.59323,-113.89586,299.52,0.45,0.39,2026-09-24,934,N,nominal,2.0NRT,283.07,0.6,N,VIIRS,1,Montane & Hills
46.59227,-113.90291,302.03,0.45,0.39,2026-09-24,934,N,nominal,2.0NRT,283.41,1.09,N,VIIRS,1,Montane & Hills
46.59153,-113.89691,299.22,0.45,0.39,2026-09-24,934,N,nominal,2.0NRT,282.53,0.68,N,VIIRS,1,Montane & Hills
46.59078,-113.89089,298.39,0.44,0.39,2026-09-24,934,N,nominal,2.0NRT,282.41,0.68,N,VIIRS,1,Montane & Hills
45.94617,-111.47601,306.7,0.39,0.36,2026-09-24,934,N,nominal,2.0NRT,283.4,1.19,N,VIIRS,1,Montane & Hills
46.42873,-116.97286,298.57,0.38,0.43,2026-09-24,934,N,nominal,2.0NRT,286.51,0.71,N,VIIRS,1,Montane & Hills
46.22308,-115.75243,304.52,0.51,0.41,2026-09-24,934,N,nominal,2.0NRT,281.73,1.23,N,VIIRS,1,Montane & Hills
45.6408,-120.22651,297.73,0.53,0.5,2026-09-24,934,N,nominal,2.0NRT,279.68,1.26,N,VIIRS,1,Montane & Hills
44.91807,-116.46098,326.33,0.53,0.42,2026-09-24,934,N,nominal,2.0NRT,283.73,3.31,N,VIIRS,1,Montane & Hills
44.91876,-116.46761,308.12,0.53,0.42,2026-09-24,934,N,nominal,2.0NRT,283.95,2.15,N,VIIRS,1,Montane & Hills
44.91496,-116.4688,295.85,0.53,0.42,2026-09-24,934,N,nominal,2.0NRT,284.65,1.26,N,VIIRS,1,Montane & Hills
44.91421,-116.46165,310.59,0.53,0.42,2026-09-24,934,N,nominal,2.0NRT,285.29,1.39,N,VIIRS,1,Montane & Hills
44.91042,-116.46295,295.39,0.53,0.42,2026-09-24,934,N,nominal,2.0NRT,284.92,1.39,N,VIIRS,1,Montane & Hills
44.86879,-116.32796,295.46,0.52,0.42,2026-09-24,934,N,nominal,2.0NRT,282.84,0.72,N,VIIRS,1,Montane & Hills
44.86425,-116.32189,295.12,0.52,0.41,2026-09-24,934,N,nominal,2.0NRT,283.3,0.74,N,VIIRS,1,Montane & Hills
45.2299,-123.16629,312.14,0.36,0.58,2026-09-24,934,N,nominal,2.0NRT,282.71,1.4,N,VIIRS,1,Montane & Hills
42.68847,-111.58865,314.12,0.38,0.36,2026-09-24,937,N,nominal,2.0NRT,282.16,1.96,N,VIIRS,1,Montane & Hills
42.68591,-111.59424,328.22,0.38,0.36,2026-09-24,937,N,nominal,2.0NRT,282.17,27.81,N,VIIRS,1,Montane & Hills
42.68518,-111.58959,315.61,0.38,0.36,2026-09-24,937,N,nominal,2.0NRT,287.95,24.91,N,VIIRS,1,Montane & Hills
43.18,-115.73412,303.46,0.47,0.4,2026-09-24,937,N,nominal,2.0NRT,284.24,0.9,N,VIIRS,1,Montane & Hills
41.87772,-112.19589,295.7,0.39,0.36,2026-09-24,937,N,nominal,2.0NRT,281.79,1.03,N,VIIRS,1,Montane & Hills
42.38421,-122.77575,295.95,0.33,0.55,2026-09-24,937,N,nominal,2.0NRT,282.02,0.29,N,VIIRS,1,Montane & Hills
40.75502,-111.40501,296.95,0.39,0.36,2026-09-24,937,N,nominal,2.0NRT,279.83,0.59,N,VIIRS,1,Montane & Hills
44.91139,-116.45865,295.28,0.67,0.74,2026-09-24,1115,N,nominal,2.0NRT,283.16,1.2,N,VIIRS,1,Montane & Hills
45.23028,-123.16356,299.23,0.33,0.56,2026-09-24,1117,N,nominal,2.0NRT,273.48,0.73,N,VIIRS,1,Montane & Hills
39.61968,-119.26513,298.55,0.75,0.77,2026-09-24,1117,N,nominal,2.0NRT,284.19,1.28,N,VIIRS,1,Montane & Hills
40.07502,-122.20309,308.04,0.52,0.67,2026-09-24,1117,N,nominal,2.0NRT,286.5,2.13,N,VIIRS,1,Montane & Hills
40.07622,-122.20195,298.72,0.52,0.67,2026-09-24,1117,N,nominal,2.0NRT,286.0,0.96,N,VIIRS,1,Montane & Hills
40.07221,-122.21095,299.62,0.52,0.67,2026-09-24,1117,N,nominal,2.0NRT,285.51,1.1,N,VIIRS,1,Montane & Hills
40.07041,-122.20501,303.36,0.52,0.67,2026-09-24,1117,N,nominal,2.0NRT,285.15,1.1,N,VIIRS,1,Montane & Hills
39.70158,-122.24706,296.71,0.53,0.67,2026-09-24,1117,N,nominal,2.0NRT,284.73,0.67,N,VIIRS,1,Montane & Hills
42.68546,-111.59221,367.0,0.66,0.73,2026-09-24,1919,N,high,2.0NRT,299.01,27.38,D,VIIRS,1,Montane & Hills
44.30069,-112.05436,334.89,0.61,0.71,2026-09-24,1919,N,nominal,2.0NRT,297.3,5.96,D,VIIRS,1,Montane & Hills
44.30171,-112.07313,367.0,0.62,0.71,2026-09-24,1919,N,high,2.0NRT,298.54,17.67,D,VIIRS,1,Montane & Hills
44.30424,-112.06563,335.85,0.61,0.71,2026-09-24,1919,N,nominal,2.0NRT,296.97,16.84,D,VIIRS,1,Montane & Hills
46.75724,-111.72097,337.25,0.49,0.65,2026-09-24,1919,N,nominal,2.0NRT,290.48,9.79,D,VIIRS,1,Montane & Hills
46.75502,-111.72784,347.76,0.5,0.65,2026-09-24,1919,N,nominal,2.0NRT,291.01,11.64,D,VIIRS,1,Montane & Hills
46.74758,-111.75082,326.3,0.5,0.66,2026-09-24,1919,N,nominal,2.0NRT,292.1,7.24,D,VIIRS,1,Montane & Hills
46.2226,-115.7463,367.0,0.75,0.77,2026-09-24,1919,N,high,2.0NRT,293.64,85.09,D,VIIRS,1,Montane & Hills
46.21993,-115.75347,337.46,0.75,0.77,2026-09-24,1919,N,nominal,2.0NRT,297.18,69.68,D,VIIRS,1,Montane & Hills
46.22053,-115.74332,346.67,0.75,0.77,2026-09-24,1919,N,nominal,2.0NRT,289.79,52.69,D,VIIRS,1,Montane & Hills
46.2177,-115.75082,343.3,0.75,0.77,2026-09-24,1919,N,nominal,2.0NRT,301.61,52.69,D,VIIRS,1,Montane & Hills
46.11137,-116.25449,334.47,0.8,0.78,2026-09-24,1919,N,nominal,2.0NRT,293.25,9.15,D,VIIRS,1,Montane & Hills
46.19433,-116.27923,340.89,0.79,0.78,2026-09-24,1919,N,nominal,2.0NRT,294.32,7.58,D,VIIRS,1,Montane & Hills
46.4449,-116.2496,347.44,0.77,0.78,2026-09-24,1919,N,nominal,2.0NRT,290.22,18.98,D,VIIRS,1,Montane & Hills
46.44225,-116.25659,346.12,0.77,0.78,2026-09-24,1919,N,nominal,2.0NRT,293.44,17.66,D,VIIRS,1,Montane & Hills
46.77232,-115.63188,331.56,0.71,0.75,2026-09-24,1919,N,nominal,2.0NRT,288.17,5.4,D,VIIRS,1,Montane & Hills
47.18414,-115.78951,326.4,0.7,0.75,2026-09-24,1919,N,nominal,2.0NRT,278.34,5.82,D,VIIRS,1,Montane & Hills
47.04212,-116.6799,337.42,0.77,0.77,2026-09-24,1919,N,nominal,2.0NRT,284.17,23.81,D,VIIRS,1,Montane & Hills
47.03876,-116.68874,356.72,0.77,0.77,2026-09-24,1919,N,low,2.0NRT,284.56,21.6,D,VIIRS,1,Montane & Hills
47.03769,-116.68052,343.06,0.77,0.77,2026-09-24,1919,N,nominal,2.0NRT,286.57,13.66,D,VIIRS,1,Montane & Hills
47.0442,-116.68526,351.36,0.77,0.77,2026-09-24,1919,N,nominal,2.0NRT,280.91,13.66,D,VIIRS,1,Montane & Hills
47.67348,-115.54087,353.96,0.66,0.73,2026-09-24,1919,N,nominal,2.0NRT,279.38,37.41,D,VIIRS,1,Montane & Hills
47.676,-115.53396,358.09,0.66,0.73,2026-09-24,1919,N,low,2.0NRT,282.93,37.41,D,VIIRS,1,Montane & Hills
44.8631,-116.32416,339.51,0.42,0.38,2026-09-24,2059,N,nominal,2.0NRT,306.73,22.46,D,VIIRS,1,Montane & Hills
44.87001,-116.32571,367.0,0.42,0.38,2026-09-24,2059,N,low,2.0NRT,326.36,159.61,D,VIIRS,1,Montane & Hills
44.87346,-116.32654,333.97,0.42,0.38,2026-09-24,2059,N,nominal,2.0NRT,302.23,41.1,D,VIIRS,1,Montane & Hills
44.91171,-116.45799,343.8,0.42,0.38,2026-09-24,2059,N,nominal,2.0NRT,303.29,5.42,D,VIIRS,1,Montane & Hills
44.91513,-116.45889,346.24,0.42,0.38,2026-09-24,2059,N,nominal,2.0NRT,304.13,19.62,D,VIIRS,1,Montane & Hills
44.91858,-116.4597,343.17,0.42,0.38,2026-09-24,2059,N,nominal,2.0NRT,305.2,19.62,D,VIIRS,1,Montane & Hills
44.9179,-116.46505,335.94,0.42,0.38,2026-09-24,2059,N,nominal,2.0NRT,304.45,8.1,D,VIIRS,1,Montane & Hills
45.19426,-118.34731,329.33,0.39,0.36,2026-09-24,2059,N,nominal,2.0NRT,281.37,4.44,D,VIIRS,1,Montane & Hills
45.2127,-118.3625,331.27,0.39,0.36,2026-09-24,2059,N,nominal,2.0NRT,284.79,3.04,D,VIIRS,1,Montane & Hills
46.24898,-111.77331,339.55,0.43,0.46,2026-09-24,2059,N,nominal,2.0NRT,302.88,9.2,D,VIIRS,1,Montane & Hills
46.25274,-111.77994,367.0,0.43,0.46,2026-09-24,2059,N,high,2.0NRT,303.88,9.2,D,VIIRS,1,Montane & Hills
46.74543,-111.73957,367.0,0.44,0.46,2026-09-24,2059,N,high,2.0NRT,305.64,17.8,D,VIIRS,1,Montane & Hills
46.74496,-111.74522,354.96,0.44,0.46,2026-09-24,2059,N,nominal,2.0NRT,311.38,17.8,D,VIIRS,1,Montane & Hills
46.7445,-111.75092,355.75,0.44,0.46,2026-09-24,2059,N,nominal,2.0NRT,303.29,12.19,D,VIIRS,1,Montane & Hills
46.75055,-111.72995,335.37,0.44,0.46,2026-09-24,2059,N,nominal,2.0NRT,300.03,6.8,D,VIIRS,1,Montane & Hills
46.7501,-111.73542,334.53,0.44,0.46,2026-09-24,2059,N,nominal,2.0NRT,300.93,6.8,D,VIIRS,1,Montane & Hills
46.74966,-111.74076,348.2,0.44,0.46,2026-09-24,2059,N,nominal,2.0NRT,302.18,17.8,D,VIIRS,1,Montane & Hills
46.74922,-111.7461,348.26,0.44,0.46,2026-09-24,2059,N,nominal,2.0NRT,304.83,17.8,D,VIIRS,1,Montane & Hills
46.74876,-111.75165,352.96,0.44,0.46,2026-09-24,2059,N,nominal,2.0NRT,304.39,12.19,D,VIIRS,1,Montane & Hills
46.75521,-111.72587,329.53,0.44,0.46,2026-09-24,2059,N,nominal,2.0NRT,298.73,12.89,D,VIIRS,1,Montane & Hills
33.41803,-117.51902,335.11,0.4,0.37,2026-09-24,2055,N,low,2.0NRT,305.29,2.16,D,VIIRS,1,Montane & Hills
46.75431,-111.73676,357.04,0.44,0.46,2026-09-24,2059,N,nominal,2.0NRT,301.22,12.87,D,VIIRS,1,Montane & Hills
33.79466,-117.47494,335.45,0.4,0.37,2026-09-24,2055,N,low,2.0NRT,308.84,1.72,D,VIIRS,1,Montane & Hills
46.75389,-111.74191,330.04,0.44,0.46,2026-09-24,2059,N,nominal,2.0NRT,297.54,3.82,D,VIIRS,1,Montane & Hills
33.84681,-118.30151,341.98,0.42,0.38,2026-09-24,2055,N,nominal,2.0NRT,306.45,1.75,D,VIIRS,1,Montane & Hills
46.75348,-111.74702,331.83,0.44,0.46,2026-09-24,2059,N,nominal,2.0NRT,298.97,3.82,D,VIIRS,1,Montane & Hills
33.9768,-118.257,339.82,0.42,0.37,2026-09-24,2055,N,nominal,2.0NRT,307.5,2.37,D,VIIRS,1,Montane & Hills
46.7599,-111.72152,344.22,0.44,0.46,2026-09-24,2059,N,nominal,2.0NRT,308.82,12.89,D,VIIRS,1,Montane & Hills
34.0076,-118.12136,348.54,0.41,0.37,2026-09-24,2055,N,nominal,2.0NRT,309.53,2.46,D,VIIRS,1,Montane & Hills
46.75947,-111.72678,339.22,0.44,0.46,2026-09-24,2059,N,nominal,2.0NRT,300.14,12.89,D,VIIRS,1,Montane & Hills
34.33638,-118.51913,333.82,0.42,0.38,2026-09-24,2057,N,low,2.0NRT,306.25,2.17,D,VIIRS,1,Montane & Hills
46.58222,-113.86871,344.38,0.53,0.42,2026-09-24,2059,N,nominal,2.0NRT,306.12,42.28,D,VIIRS,1,Montane & Hills
36.30472,-121.70136,334.38,0.52,0.42,2026-09-24,2057,N,nominal,2.0NRT,302.23,4.71,D,VIIRS,1,Montane & Hills
46.58543,-113.87591,352.66,0.53,0.42,2026-09-24,2059,N,nominal,2.0NRT,305.02,35.78,D,VIIRS,1,Montane & Hills
36.30844,-121.70257,343.65,0.52,0.42,2026-09-24,2057,N,nominal,2.0NRT,305.05,10.55,D,VIIRS,1,Montane & Hills
46.58478,-113.88227,325.73,0.53,0.42,2026-09-24,2059,N,low,2.0NRT,299.61,35.78,D,VIIRS,1,Montane & Hills
36.30745,-121.70751,335.59,0.52,0.42,2026-09-24,2057,N,nominal,2.0NRT,304.84,4.76,D,VIIRS,1,Montane & Hills
46.57865,-113.8689,330.7,0.53,0.42,2026-09-24,2059,N,nominal,2.0NRT,299.03,45.4,D,VIIRS,1,Montane & Hills
37.59119,-119.58589,343.1,0.42,0.38,2026-09-24,2057,N,nominal,2.0NRT,310.57,26.3,D,VIIRS,1,Montane & Hills
46.5825,-113.86982,346.04,0.53,0.42,2026-09-24,2059,N,nominal,2.0NRT,307.26,45.4,D,VIIRS,1,Montane & Hills
37.59035,-119.5906,347.33,0.42,0.38,2026-09-24,2057,N,nominal,2.0NRT,300.55,9.11,D,VIIRS,1,Montane & Hills
46.58573,-113.87701,356.76,0.53,0.42,2026-09-24,2059,N,nominal,2.0NRT,307.65,25.75,D,VIIRS,1,Montane & Hills
37.59631,-119.59709,342.21,0.42,0.38,2026-09-24,2057,N,nominal,2.0NRT,305.98,32.48,D,VIIRS,1,Montane & Hills
46.58958,-113.87788,367.0,0.53,0.42,2026-09-24,2059,N,high,2.0NRT,305.42,25.75,D,VIIRS,1,Montane & Hills
37.60738,-119.59496,353.44,0.42,0.38,2026-09-24,2057,N,nominal,2.0NRT,305.72,12.72,D,VIIRS,1,Montane & Hills
46.51429,-115.60797,339.03,0.46,0.39,2026-09-24,2059,N,nominal,2.0NRT,291.5,5.29,D,VIIRS,1,Montane & Hills
37.61076,-119.59594,352.12,0.42,0.38,2026-09-24,2057,N,nominal,2.0NRT,299.66,12.72,D,VIIRS,1,Montane & Hills
46.77021,-115.60496,345.48,0.46,0.39,2026-09-24,2059,N,nominal,2.0NRT,290.23,12.21,D,VIIRS,1,Montane & Hills
37.60992,-119.60071,334.78,0.42,0.38,2026-09-24,2057,N,nominal,2.0NRT,297.3,12.72,D,VIIRS,1,Montane & Hills
46.77112,-115.62942,335.43,0.46,0.39,2026-09-24,2059,N,nominal,2.0NRT,301.5,54.03,D,VIIRS,1,Montane & Hills
37.6133,-119.60171,334.28,0.42,0.38,2026-09-24,2057,N,nominal,2.0NRT,299.57,12.74,D,VIIRS,1,Montane & Hills
46.77468,-115.63058,345.62,0.46,0.39,2026-09-24,2059,N,nominal,2.0NRT,287.18,11.55,D,VIIRS,1,Montane & Hills
37.61321,-119.62229,340.99,0.42,0.38,2026-09-24,2057,N,nominal,2.0NRT,301.82,5.16,D,VIIRS,1,Montane & Hills
47.00207,-114.03065,346.26,0.53,0.42,2026-09-24,2059,N,nominal,2.0NRT,313.06,66.84,D,VIIRS,1,Montane & Hills
37.61748,-119.61835,337.9,0.42,0.38,2026-09-24,2057,N,nominal,2.0NRT,300.78,11.99,D,VIIRS,1,Montane & Hills
47.06116,-114.44729,335.71,0.51,0.41,2026-09-24,2059,N,nominal,2.0NRT,299.4,15.49,D,VIIRS,1,Montane & Hills
37.6166,-119.62325,343.13,0.42,0.38,2026-09-24,2057,N,nominal,2.0NRT,297.56,11.99,D,VIIRS,1,Montane & Hills
47.06007,-114.44693,331.01,0.51,0.41,2026-09-24,2059,N,nominal,2.0NRT,297.5,4.63,D,VIIRS,1,Montane & Hills
37.62507,-119.59556,331.19,0.42,0.38,2026-09-24,2057,N,low,2.0NRT,301.95,3.71,D,VIIRS,1,Montane & Hills
47.06388,-114.44755,331.82,0.51,0.41,2026-09-24,2059,N,nominal,2.0NRT,296.4,7.98,D,VIIRS,1,Montane & Hills
37.62423,-119.60029,355.76,0.42,0.38,2026-09-24,2057,N,nominal,2.0NRT,307.13,15.19,D,VIIRS,1,Montane & Hills
47.06314,-114.45485,334.46,0.51,0.41,2026-09-24,2059,N,nominal,2.0NRT,295.02,6.32,D,VIIRS,1,Montane & Hills
37.62087,-119.61929,349.48,0.42,0.38,2026-09-24,2057,N,nominal,2.0NRT,306.39,11.99,D,VIIRS,1,Montane & Hills
47.60099,-113.77177,332.67,0.55,0.43,2026-09-24,2059,N,nominal,2.0NRT,301.23,59.73,D,VIIRS,1,Montane & Hills
37.62001,-119.62418,344.73,0.42,0.38,2026-09-24,2057,N,nominal,2.0NRT,313.03,11.99,D,VIIRS,1,Montane & Hills
47.60028,-113.77922,315.24,0.55,0.43,2026-09-24,2059,N,low,2.0NRT,318.9,69.63,D,VIIRS,1,Montane & Hills
37.62429,-119.62013,367.0,0.42,0.38,2026-09-24,2057,N,high,2.0NRT,314.06,68.75,D,VIIRS,1,Montane & Hills
47.60492,-113.77255,331.83,0.55,0.43,2026-09-24,2059,N,nominal,2.0NRT,296.7,9.41,D,VIIRS,1,Montane & Hills
37.62844,-119.59663,346.16,0.42,0.38,2026-09-24,2057,N,nominal,2.0NRT,296.35,8.57,D,VIIRS,1,Montane & Hills
47.60421,-113.78,333.87,0.55,0.43,2026-09-24,2059,N,nominal,2.0NRT,299.21,11.15,D,VIIRS,1,Montane & Hills
37.62678,-119.60604,331.65,0.42,0.38,2026-09-24,2057,N,nominal,2.0NRT,295.45,8.34,D,VIIRS,1,Montane & Hills
47.74465,-114.71487,347.86,0.51,0.41,2026-09-24,2059,N,nominal,2.0NRT,308.68,35.64,D,VIIRS,1,Montane & Hills
37.62596,-119.61066,332.64,0.42,0.38,2026-09-24,2057,N,low,2.0NRT,305.44,36.5,D,VIIRS,1,Montane & Hills
47.74844,-114.71553,346.66,0.51,0.41,2026-09-24,2059,N,nominal,2.0NRT,295.84,9.36,D,VIIRS,1,Montane & Hills
37.62513,-119.61536,347.15,0.42,0.38,2026-09-24,2057,N,nominal,2.0NRT,318.48,36.5,D,VIIRS,1,Montane & Hills
47.67183,-115.53142,346.06,0.48,0.4,2026-09-24,2059,N,nominal,2.0NRT,305.5,16.43,D,VIIRS,1,Montane & Hills
37.62853,-119.61624,340.13,0.42,0.38,2026-09-24,2057,N,nominal,2.0NRT,309.19,36.5,D,VIIRS,1,Montane & Hills
47.67468,-115.53934,331.05,0.48,0.4,2026-09-24,2059,N,nominal,2.0NRT,300.52,23.95,D,VIIRS,1,Montane & Hills
37.6277,-119.62096,347.06,0.42,0.38,2026-09-24,2057,N,nominal,2.0NRT,309.8,68.75,D,VIIRS,1,Montane & Hills
47.67543,-115.53271,367.0,0.48,0.4,2026-09-24,2059,N,low,2.0NRT,326.28,84.06,D,VIIRS,1,Montane & Hills
37.63276,-119.61253,343.49,0.42,0.38,2026-09-24,2057,N,nominal,2.0NRT,294.9,8.29,D,VIIRS,1,Montane & Hills
47.73714,-115.22268,325.81,0.49,0.4,2026-09-24,2059,N,nominal,2.0NRT,289.81,4.98,D,VIIRS,1,Montane & Hills
37.87049,-121.38036,330.78,0.48,0.4,2026-09-24,2057,N,low,2.0NRT,302.72,1.69,D,VIIRS,1,Montane & Hills
47.74003,-115.23118,341.0,0.49,0.4,2026-09-24,2059,N,nominal,2.0NRT,296.22,37.08,D,VIIRS,1,Montane & Hills
38.34827,-121.49325,353.45,0.47,0.4,2026-09-24,2057,N,nominal,2.0NRT,312.37,21.06,D,VIIRS,1,Montane & Hills
47.8101,-116.55833,348.29,0.44,0.39,2026-09-24,2059,N,nominal,2.0NRT,276.91,35.13,D,VIIRS,1,Montane & Hills
38.18853,-122.54121,331.0,0.53,0.42,2026-09-24,2057,N,nominal,2.0NRT,291.11,5.1,D,VIIRS,1,Montane & Hills
47.80939,-116.56435,346.06,0.44,0.39,2026-09-24,2059,N,nominal,2.0NRT,277.42,22.8,D,VIIRS,1,Montane & Hills
39.22719,-120.95231,335.7,0.44,0.38,2026-09-24,2057,N,nominal,2.0NRT,288.93,3.58,D,VIIRS,1,Montane & Hills
48.30828,-116.06329,326.86,0.46,0.39,2026-09-24,2059,N,nominal,2.0NRT,277.58,6.04,D,VIIRS,1,Montane & Hills
39.06717,-122.16032,330.17,0.49,0.4,2026-09-24,2057,N,nominal,2.0NRT,290.41,4.92,D,VIIRS,1,Montane & Hills
48.34285,-116.11791,329.58,0.46,0.39,2026-09-24,2059,N,nominal,2.0NRT,280.59,4.08,D,VIIRS,1,Montane & Hills
39.07918,-122.15833,332.02,0.49,0.4,2026-09-24,2057,N,nominal,2.0NRT,288.72,5.0,D,VIIRS,1,Montane & Hills
48.34212,-116.12434,329.55,0.46,0.39,2026-09-24,2059,N,nominal,2.0NRT,281.9,3.18,D,VIIRS,1,Montane & Hills
39.18809,-121.64045,340.66,0.47,0.39,2026-09-24,2057,N,nominal,2.0NRT,306.07,11.89,D,VIIRS,1,Montane & Hills
48.34643,-116.11897,356.68,0.46,0.39,2026-09-24,2059,N,nominal,2.0NRT,289.08,29.35,D,VIIRS,1,Montane & Hills
40.7123,-110.87672,336.64,0.41,0.45,2026-09-24,2057,N,nominal,2.0NRT,281.95,5.75,D,VIIRS,1,Montane & Hills
48.3457,-116.12536,335.58,0.46,0.39,2026-09-24,2059,N,nominal,2.0NRT,281.14,7.32,D,VIIRS,1,Montane & Hills
40.71642,-110.87767,337.1,0.41,0.45,2026-09-24,2057,N,nominal,2.0NRT,281.48,5.83,D,VIIRS,1,Montane & Hills
39.40889,-121.79366,328.89,0.47,0.4,2026-09-24,2057,N,nominal,2.0NRT,291.78,22.82,D,VIIRS,1,Montane & Hills
39.40786,-121.799,333.82,0.47,0.4,2026-09-24,2057,N,nominal,2.0NRT,287.74,22.82,D,VIIRS,1,Montane & Hills
39.41246,-121.79478,346.56,0.47,0.4,2026-09-24,2057,N,nominal,2.0NRT,300.43,22.82,D,VIIRS,1,Montane & Hills
39.40104,-122.03205,338.71,0.48,0.4,2026-09-24,2057,N,nominal,2.0NRT,292.72,7.41,D,VIIRS,1,Montane & Hills
39.43449,-122.03365,346.71,0.48,0.4,2026-09-24,2057,N,nominal,2.0NRT,297.89,12.81,D,VIIRS,1,Montane & Hills
39.43809,-122.03481,347.54,0.48,0.4,2026-09-24,2057,N,nominal,2.0NRT,292.44,12.81,D,VIIRS,1,Montane & Hills
40.82121,-114.25524,332.35,0.45,0.39,2026-09-24,2057,N,nominal,2.0NRT,307.06,2.44,D,VIIRS,1,Montane & Hills
41.5417,-117.79818,339.94,0.38,0.36,2026-09-24,2057,N,low,2.0NRT,313.37,21.96,D,VIIRS,1,Montane & Hills
41.59026,-117.83343,347.48,0.38,0.36,2026-09-24,2057,N,nominal,2.0NRT,312.58,4.29,D,VIIRS,1,Montane & Hills
42.68688,-111.59225,342.27,0.4,0.44,2026-09-24,2057,N,nominal,2.0NRT,304.13,5.19,D,VIIRS,1,Montane & Hills
44.2916,-112.05533,347.89,0.4,0.44,2026-09-24,2059,N,nominal,2.0NRT,311.64,9.78,D,VIIRS,1,Montane & Hills
44.29113,-112.06029,340.29,0.4,0.44,2026-09-24,2059,N,nominal,2.0NRT,307.29,9.78,D,VIIRS,1,Montane & Hills
44.2902,-112.07025,344.68,0.4,0.44,2026-09-24,2059,N,nominal,2.0NRT,304.17,15.56,D,VIIRS,1,Montane & Hills
44.28972,-112.07523,352.18,0.4,0.44,2026-09-24,2059,N,nominal,2.0NRT,310.7,16.56,D,VIIRS,1,Montane & Hills
44.28926,-112.08021,341.09,0.4,0.44,2026-09-24,2059,N,nominal,2.0NRT,303.91,16.56,D,VIIRS,1,Montane & Hills
44.2952,-112.06104,354.01,0.4,0.44,2026-09-24,2059,N,nominal,2.0NRT,308.98,27.31,D,VIIRS,1,Montane & Hills
44.29473,-112.06602,356.22,0.4,0.44,2026-09-24,2059,N,nominal,2.0NRT,308.81,15.18,D,VIIRS,1,Montane & Hills
44.29427,-112.071,351.6,0.4,0.44,2026-09-24,2059,N,nominal,2.0NRT,308.23,15.18,D,VIIRS,1,Montane & Hills
44.29567,-112.05608,352.01,0.4,0.44,2026-09-24,2059,N,low,2.0NRT,327.46,27.31,D,VIIRS,1,Montane & Hills
44.29975,-112.05683,367.0,0.4,0.44,2026-09-24,2059,N,high,2.0NRT,309.32,27.31,D,VIIRS,1,Montane & Hills
44.29928,-112.06181,355.69,0.4,0.44,2026-09-24,2059,N,nominal,2.0NRT,310.31,27.31,D,VIIRS,1,Montane & Hills
44.29881,-112.0668,336.54,0.4,0.44,2026-09-24,2059,N,nominal,2.0NRT,305.97,15.18,D,VIIRS,1,Montane & Hills
44.29485,-112.05369,341.68,0.4,0.44,2026-09-24,2059,N,nominal,2.0NRT,309.83,29.85,D,VIIRS,1,Montane & Hills
44.29441,-112.05865,349.91,0.4,0.44,2026-09-24,2059,N,low,2.0NRT,321.9,29.85,D,VIIRS,1,Montane & Hills
44.29396,-112.06364,345.42,0.4,0.44,2026-09-24,2059,N,nominal,2.0NRT,303.54,13.55,D,VIIRS,1,Montane & Hills
44.29352,-112.06863,356.23,0.4,0.44,2026-09-24,2059,N,nominal,2.0NRT,312.87,13.55,D,VIIRS,1,Montane & Hills
44.29307,-112.07363,347.6,0.4,0.44,2026-09-24,2059,N,nominal,2.0NRT,303.79,9.36,D,VIIRS,1,Montane & Hills
44.29893,-112.05444,343.07,0.4,0.44,2026-09-24,2059,N,nominal,2.0NRT,306.68,29.85,D,VIIRS,1,Montane & Hills
44.29848,-112.05943,354.85,0.4,0.44,2026-09-24,2059,N,nominal,2.0NRT,315.89,29.85,D,VIIRS,1,Montane & Hills
44.29804,-112.06441,354.41,0.4,0.44,2026-09-24,2059,N,nominal,2.0NRT,307.73,13.55,D,VIIRS,1,Montane & Hills
44.2976,-112.0694,339.44,0.4,0.44,2026-09-24,2059,N,nominal,2.0NRT,304.48,13.55,D,VIIRS,1,Montane & Hills
37.88127,-121.1872,297.07,0.44,0.63,2026-09-25,917,N,nominal,2.0NRT,286.03,0.31,N,VIIRS,1,Montane & Hills
37.63886,-119.61105,304.84,0.36,0.58,2026-09-25,917,N,nominal,2.0NRT,280.22,2.2,N,VIIRS,1,Montane & Hills
37.63864,-119.60725,311.65,0.36,0.58,2026-09-25,917,N,nominal,2.0NRT,280.7,1.57,N,VIIRS,1,Montane & Hills
37.63662,-119.60851,336.86,0.36,0.58,2026-09-25,917,N,nominal,2.0NRT,282.84,3.39,N,VIIRS,1,Montane & Hills
37.63686,-119.6123,299.35,0.36,0.58,2026-09-25,917,N,nominal,2.0NRT,280.67,3.39,N,VIIRS,1,Montane & Hills
37.63202,-119.62117,322.11,0.36,0.58,2026-09-25,917,N,nominal,2.0NRT,283.29,5.71,N,VIIRS,1,Montane & Hills
37.63175,-119.61698,352.08,0.36,0.58,2026-09-25,917,N,nominal,2.0NRT,285.06,5.71,N,VIIRS,1,Montane & Hills
37.6315,-119.61303,327.49,0.36,0.58,2026-09-25,917,N,nominal,2.0NRT,283.4,3.39,N,VIIRS,1,Montane & Hills
37.63074,-119.60093,302.6,0.36,0.58,2026-09-25,917,N,nominal,2.0NRT,276.52,3.17,N,VIIRS,1,Montane & Hills
37.63046,-119.59644,314.51,0.36,0.58,2026-09-25,917,N,nominal,2.0NRT,278.97,1.27,N,VIIRS,1,Montane & Hills
37.62703,-119.62778,341.49,0.37,0.58,2026-09-25,917,N,nominal,2.0NRT,285.09,27.68,N,VIIRS,1,Montane & Hills
37.62671,-119.62262,367.0,0.36,0.58,2026-09-25,917,N,high,2.0NRT,298.05,26.6,N,VIIRS,1,Montane & Hills
37.62642,-119.61798,322.99,0.36,0.58,2026-09-25,917,N,nominal,2.0NRT,299.98,26.6,N,VIIRS,1,Montane & Hills
37.62615,-119.61369,317.65,0.36,0.58,2026-09-25,917,N,nominal,2.0NRT,281.34,9.52,N,VIIRS,1,Montane & Hills
37.62535,-119.60089,319.07,0.36,0.58,2026-09-25,917,N,nominal,2.0NRT,279.97,1.67,N,VIIRS,1,Montane & Hills
37.62505,-119.59619,299.83,0.36,0.58,2026-09-25,917,N,nominal,2.0NRT,279.73,1.4,N,VIIRS,1,Montane & Hills
37.62143,-119.62471,316.03,0.36,0.58,2026-09-25,917,N,nominal,2.0NRT,284.63,26.6,N,VIIRS,1,Montane & Hills
37.62112,-119.61974,302.22,0.36,0.58,2026-09-25,917,N,nominal,2.0NRT,283.22,26.6,N,VIIRS,1,Montane & Hills
37.61993,-119.6006,299.21,0.36,0.58,2026-09-25,917,N,nominal,2.0NRT,279.47,1.67,N,VIIRS,1,Montane & Hills
37.61449,-119.59989,340.82,0.36,0.58,2026-09-25,917,N,nominal,2.0NRT,283.17,3.89,N,VIIRS,1,Montane & Hills
37.61479,-119.60468,298.38,0.36,0.58,2026-09-25,917,N,nominal,2.0NRT,279.65,3.89,N,VIIRS,1,Montane & Hills
37.6142,-119.59525,306.08,0.36,0.58,2026-09-25,917,N,nominal,2.0NRT,280.55,5.32,N,VIIRS,1,Montane & Hills
37.60882,-119.59537,367.0,0.36,0.58,2026-09-25,917,N,high,2.0NRT,285.48,5.32,N,VIIRS,1,Montane & Hills
37.60854,-119.59093,338.45,0.36,0.58,2026-09-25,917,N,nominal,2.0NRT,283.66,5.32,N,VIIRS,1,Montane & Hills
37.60973,-119.61009,297.86,0.36,0.58,2026-09-25,917,N,nominal,2.0NRT,281.58,0.94,N,VIIRS,1,Montane & Hills
37.60911,-119.60007,312.19,0.36,0.58,2026-09-25,917,N,nominal,2.0NRT,282.2,3.89,N,VIIRS,1,Montane & Hills
37.60827,-119.58649,295.09,0.36,0.58,2026-09-25,917,N,nominal,2.0NRT,280.93,1.6,N,VIIRS,1,Montane & Hills
37.60377,-119.60094,297.12,0.36,0.58,2026-09-25,917,N,nominal,2.0NRT,282.55,1.82,N,VIIRS,1,Montane & Hills
37.60319,-119.59142,313.57,0.36,0.58,2026-09-25,917,N,nominal,2.0NRT,281.03,2.35,N,VIIRS,1,Montane & Hills
37.60291,-119.58697,310.88,0.36,0.58,2026-09-25,917,N,nominal,2.0NRT,282.23,1.56,N,VIIRS,1,Montane & Hills
37.59817,-119.59766,332.66,0.36,0.58,2026-09-25,917,N,nominal,2.0NRT,284.9,2.35,N,VIIRS,1,Montane & Hills
37.59842,-119.60175,309.38,0.36,0.58,2026-09-25,917,N,nominal,2.0NRT,282.22,1.82,N,VIIRS,1,Montane & Hills
37.5979,-119.5932,303.87,0.36,0.58,2026-09-25,917,N,nominal,2.0NRT,280.93,2.35,N,VIIRS,1,Montane & Hills
37.59761,-119.58844,304.67,0.36,0.58,2026-09-25,917,N,nominal,2.0NRT,279.82,1.56,N,VIIRS,1,Montane & Hills
37.59232,-119.59015,298.18,0.36,0.58,2026-09-25,917,N,nominal,2.0NRT,280.9,1.41,N,VIIRS,1,Montane & Hills
37.4538,-121.93365,297.45,0.48,0.65,2026-09-25,917,N,nominal,2.0NRT,283.8,0.65,N,VIIRS,1,Montane & Hills
36.38289,-114.87621,306.39,0.39,0.44,2026-09-25,917,N,nominal,2.0NRT,292.73,0.74,N,VIIRS,1,Montane & Hills
36.35776,-114.91177,313.76,0.39,0.44,2026-09-25,917,N,nominal,2.0NRT,293.12,1.41,N,VIIRS,1,Montane & Hills
35.51648,-113.31639,316.27,0.49,0.4,2026-09-25,917,N,nominal,2.0NRT,284.67,1.73,N,VIIRS,1,Montane & Hills
34.97961,-112.37399,296.81,0.44,0.38,2026-09-25,917,N,nominal,2.0NRT,284.78,0.57,N,VIIRS,1,Montane & Hills
34.60827,-117.33627,315.47,0.51,0.49,2026-09-25,917,N,nominal,2.0NRT,291.99,2.12,N,VIIRS,1,Montane & Hills
34.43105,-118.64301,299.28,0.6,0.53,2026-09-25,920,N,nominal,2.0NRT,288.2,0.58,N,VIIRS,1,Montane & Hills
34.33553,-118.51911,310.03,0.59,0.53,2026-09-25,920,N,nominal,2.0NRT,289.94,1.7,N,VIIRS,1,Montane & Hills
34.15511,-118.19306,302.58,0.56,0.51,2026-09-25,920,N,nominal,2.0NRT,289.79,0.99,N,VIIRS,1,Montane & Hills
33.79523,-117.477,304.72,0.5,0.49,2026-09-25,920,N,nominal,2.0NRT,290.32,1.18,N,VIIRS,1,Montane & Hills
33.85353,-118.33148,305.14,0.56,0.52,2026-09-25,920,N,nominal,2.0NRT,292.99,1.9,N,VIIRS,1,Montane & Hills
33.85424,-118.33172,302.82,0.56,0.52,2026-09-25,920,N,nominal,2.0NRT,292.79,0.98,N,VIIRS,1,Montane & Hills
33.71431,-117.71162,303.72,0.52,0.5,2026-09-25,920,N,nominal,2.0NRT,289.07,1.1,N,VIIRS,1,Montane & Hills
33.71598,-117.7116,304.65,0.52,0.5,2026-09-25,920,N,nominal,2.0NRT,289.17,0.89,N,VIIRS,1,Montane & Hills
33.61365,-117.82378,300.56,0.52,0.5,2026-09-25,920,N,nominal,2.0NRT,288.77,0.54,N,VIIRS,1,Montane & Hills
33.6155,-117.82451,299.2,0.52,0.5,2026-09-25,920,N,nominal,2.0NRT,288.5,0.32,N,VIIRS,1,Montane & Hills
32.9053,-112.89867,305.22,0.44,0.38,2026-09-25,920,N,nominal,2.0NRT,289.86,0.55,N,VIIRS,1,Montane & Hills
32.90176,-112.89933,300.94,0.44,0.38,2026-09-25,920,N,nominal,2.0NRT,289.38,0.44,N,VIIRS,1,Montane & Hills
32.85814,-117.14912,304.02,0.47,0.48,2026-09-25,920,N,nominal,2.0NRT,288.56,0.42,N,VIIRS,1,Montane & Hills
32.49895,-116.7925,302.28,0.45,0.47,2026-09-25,920,N,nominal,2.0NRT,290.34,0.97,N,VIIRS,1,Montane & Hills
32.49465,-116.83653,304.96,0.45,0.47,2026-09-25,920,N,nominal,2.0NRT,290.57,0.55,N,VIIRS,1,Montane & Hills
32.44502,-116.96491,304.8,0.45,0.47,2026-09-25,920,N,nominal,2.0NRT,289.79,0.51,N,VIIRS,1,Montane & Hills
47.74545,-114.72069,301.54,0.51,0.49,2026-09-25,915,N,nominal,2.0NRT,285.49,1.44,N,VIIRS,1,Montane & Hills
47.74502,-114.71469,302.87,0.51,0.49,2026-09-25,915,N,nominal,2.0NRT,285.38,1.35,N,VIIRS,1,Montane & Hills
47.06414,-114.4514,300.01,0.49,0.49,2026-09-25,915,N,nominal,2.0NRT,285.39,1.3,N,VIIRS,1,Montane & Hills
46.76645,-111.73927,329.12,0.56,0.43,2026-09-25,915,N,nominal,2.0NRT,290.89,9.52,N,VIIRS,1,Montane & Hills
46.7657,-111.73145,349.32,0.55,0.43,2026-09-25,915,N,nominal,2.0NRT,293.63,5.85,N,VIIRS,1,Montane & Hills
46.76494,-111.72346,298.11,0.55,0.43,2026-09-25,915,N,nominal,2.0NRT,287.38,5.85,N,VIIRS,1,Montane & Hills
46.76179,-111.73257,327.42,0.55,0.43,2026-09-25,915,N,nominal,2.0NRT,289.08,2.55,N,VIIRS,1,Montane & Hills
46.76104,-111.72472,305.76,0.55,0.43,2026-09-25,915,N,nominal,2.0NRT,287.65,2.55,N,VIIRS,1,Montane & Hills
46.7603,-111.71695,302.22,0.55,0.43,2026-09-25,915,N,nominal,2.0NRT,287.05,1.15,N,VIIRS,1,Montane & Hills
46.75714,-111.72591,302.82,0.55,0.43,2026-09-25,915,N,nominal,2.0NRT,286.8,2.55,N,VIIRS,1,Montane & Hills
46.75643,-111.71852,310.71,0.55,0.43,2026-09-25,915,N,nominal,2.0NRT,287.89,1.15,N,VIIRS,1,Montane & Hills
46.7682,-111.73763,336.64,0.55,0.43,2026-09-25,915,N,nominal,2.0NRT,291.02,6.26,N,VIIRS,1,Montane & Hills
46.76738,-111.72956,318.66,0.55,0.43,2026-09-25,915,N,nominal,2.0NRT,289.03,6.26,N,VIIRS,1,Montane & Hills
46.76424,-111.73824,325.41,0.55,0.43,2026-09-25,915,N,nominal,2.0NRT,287.63,6.26,N,VIIRS,1,Montane & Hills
46.76349,-111.7308,349.72,0.55,0.43,2026-09-25,915,N,nominal,2.0NRT,291.94,6.26,N,VIIRS,1,Montane & Hills
46.76268,-111.72278,310.46,0.55,0.43,2026-09-25,915,N,nominal,2.0NRT,287.9,2.24,N,VIIRS,1,Montane & Hills
46.7588,-111.72407,304.34,0.55,0.43,2026-09-25,915,N,nominal,2.0NRT,287.3,0.98,N,VIIRS,1,Montane & Hills
46.75804,-111.71656,301.57,0.55,0.43,2026-09-25,915,N,nominal,2.0NRT,287.6,0.98,N,VIIRS,1,Montane & Hills
46.75565,-111.7327,300.77,0.55,0.43,2026-09-25,915,N,nominal,2.0NRT,287.27,1.83,N,VIIRS,1,Montane & Hills
46.75489,-111.72523,301.79,0.55,0.43,2026-09-25,915,N,nominal,2.0NRT,286.88,0.98,N,VIIRS,1,Montane & Hills
46.75418,-111.7181,305.84,0.55,0.43,2026-09-25,915,N,nominal,2.0NRT,287.53,0.98,N,VIIRS,1,Montane & Hills
46.75254,-111.74184,299.15,0.55,0.43,2026-09-25,915,N,nominal,2.0NRT,288.42,1.09,N,VIIRS,1,Montane & Hills
46.75176,-111.73405,304.45,0.55,0.43,2026-09-25,915,N,nominal,2.0NRT,288.7,1.09,N,VIIRS,1,Montane & Hills
46.75102,-111.72661,302.2,0.55,0.43,2026-09-25,915,N,nominal,2.0NRT,288.03,1.55,N,VIIRS,1,Montane & Hills
46.75029,-111.71933,306.42,0.55,0.43,2026-09-25,915,N,nominal,2.0NRT,288.7,1.55,N,VIIRS,1,Montane & Hills
46.74865,-111.74312,298.86,0.55,0.43,2026-09-25,915,N,nominal,2.0NRT,287.65,1.09,N,VIIRS,1,Montane & Hills
46.74716,-111.72817,305.01,0.55,0.43,2026-09-25,915,N,nominal,2.0NRT,287.96,1.55,N,VIIRS,1,Montane & Hills
46.7464,-111.72058,319.72,0.55,0.43,2026-09-25,915,N,nominal,2.0NRT,289.72,1.55,N,VIIRS,1,Montane & Hills
46.74547,-111.75158,295.25,0.56,0.43,2026-09-25,915,N,nominal,2.0NRT,285.09,0.56,N,VIIRS,1,Montane & Hills
46.74328,-111.72962,307.74,0.55,0.43,2026-09-25,915,N,nominal,2.0NRT,289.43,2.41,N,VIIRS,1,Montane & Hills
46.74252,-111.72198,303.4,0.55,0.43,2026-09-25,915,N,nominal,2.0NRT,288.67,2.41,N,VIIRS,1,Montane & Hills
46.73864,-111.72334,336.4,0.55,0.43,2026-09-25,915,N,nominal,2.0NRT,292.51,2.41,N,VIIRS,1,Montane & Hills
46.73792,-111.71614,320.67,0.55,0.43,2026-09-25,915,N,nominal,2.0NRT,288.85,2.75,N,VIIRS,1,Montane & Hills
46.7394,-111.73096,300.37,0.55,0.43,2026-09-25,915,N,nominal,2.0NRT,287.74,2.41,N,VIIRS,1,Montane & Hills
46.73475,-111.7246,325.35,0.55,0.43,2026-09-25,915,N,nominal,2.0NRT,288.83,4.05,N,VIIRS,1,Montane & Hills
46.73398,-111.7169,312.37,0.55,0.43,2026-09-25,915,N,nominal,2.0NRT,286.35,2.01,N,VIIRS,1,Montane & Hills
46.58298,-113.87751,297.06,0.46,0.47,2026-09-25,915,N,nominal,2.0NRT,281.49,1.13,N,VIIRS,1,Montane & Hills
45.94554,-111.47861,301.76,0.53,0.42,2026-09-25,915,N,nominal,2.0NRT,283.9,1.24,N,VIIRS,1,Montane & Hills
45.23119,-123.16776,314.66,0.62,0.71,2026-09-25,915,N,nominal,2.0NRT,282.43,1.98,N,VIIRS,1,Montane & Hills
45.2293,-123.17156,298.09,0.62,0.71,2026-09-25,915,N,nominal,2.0NRT,282.59,2.52,N,VIIRS,1,Montane & Hills
45.22926,-123.16334,307.45,0.62,0.71,2026-09-25,915,N,nominal,2.0NRT,282.27,1.97,N,VIIRS,1,Montane & Hills
44.91654,-116.4634,304.7,0.58,0.52,2026-09-25,915,N,nominal,2.0NRT,279.2,2.5,N,VIIRS,1,Montane & Hills
44.91124,-116.45673,308.94,0.58,0.52,2026-09-25,915,N,nominal,2.0NRT,280.25,3.3,N,VIIRS,1,Montane & Hills
44.9189,-116.46191,308.54,0.58,0.52,2026-09-25,915,N,nominal,2.0NRT,279.02,2.5,N,VIIRS,1,Montane & Hills
44.91402,-116.46242,309.61,0.58,0.52,2026-09-25,915,N,nominal,2.0NRT,280.41,3.5,N,VIIRS,1,Montane & Hills
44.91354,-116.45508,306.53,0.58,0.52,2026-09-25,915,N,nominal,2.0NRT,279.14,2.2,N,VIIRS,1,Montane & Hills
43.18092,-115.73186,303.07,0.51,0.5,2026-09-25,915,N,nominal,2.0NRT,289.78,0.44,N,VIIRS,1,Montane & Hills
42.68763,-111.59344,327.56,0.49,0.41,2026-09-25,915,N,nominal,2.0NRT,279.56,3.23,N,VIIRS,1,Montane & Hills
42.68695,-111.58734,309.41,0.49,0.41,2026-09-25,915,N,nominal,2.0NRT,281.24,2.45,N,VIIRS,1,Montane & Hills
42.68391,-111.59427,327.12,0.49,0.41,2026-09-25,915,N,nominal,2.0NRT,279.99,5.71,N,VIIRS,1,Montane & Hills
42.68324,-111.58817,296.48,0.49,0.41,2026-09-25,915,N,nominal,2.0NRT,278.65,2.99,N,VIIRS,1,Montane & Hills
42.68728,-111.59381,326.84,0.49,0.41,2026-09-25,915,N,nominal,2.0NRT,281.05,4.58,N,VIIRS,1,Montane & Hills
42.68658,-111.58774,317.32,0.49,0.4,2026-09-25,915,N,nominal,2.0NRT,281.95,4.58,N,VIIRS,1,Montane & Hills
42.68357,-111.59464,318.78,0.49,0.41,2026-09-25,915,N,nominal,2.0NRT,277.32,2.31,N,VIIRS,1,Montane & Hills
42.68286,-111.58855,300.46,0.49,0.4,2026-09-25,915,N,nominal,2.0NRT,279.11,2.31,N,VIIRS,1,Montane & Hills
41.31877,-118.17097,295.32,0.33,0.55,2026-09-25,915,N,nominal,2.0NRT,278.67,0.25,N,VIIRS,1,Montane & Hills
40.82234,-114.25419,305.36,0.41,0.45,2026-09-25,915,N,nominal,2.0NRT,285.95,1.96,N,VIIRS,1,Montane & Hills
40.82128,-114.25541,311.88,0.41,0.45,2026-09-25,915,N,nominal,2.0NRT,286.92,1.52,N,VIIRS,1,Montane & Hills
38.93631,-112.81507,302.99,0.5,0.41,2026-09-25,917,N,nominal,2.0NRT,282.23,2.53,N,VIIRS,1,Montane & Hills
39.07104,-122.15832,312.18,0.51,0.66,2026-09-25,917,N,nominal,2.0NRT,290.92,1.47,N,VIIRS,1,Montane & Hills
46.76611,-111.73318,312.85,0.58,0.7,2026-09-25,1056,N,nominal,2.0NRT,286.68,1.27,N,VIIRS,1,Montane & Hills
46.76398,-111.72708,297.62,0.58,0.7,2026-09-25,1056,N,nominal,2.0NRT,285.35,1.27,N,VIIRS,1,Montane & Hills
46.75116,-111.73242,298.34,0.58,0.7,2026-09-25,1056,N,nominal,2.0NRT,285.75,1.85,N,VIIRS,1,Montane & Hills
46.74857,-111.72501,295.64,0.58,0.7,2026-09-25,1056,N,nominal,2.0NRT,284.7,1.67,N,VIIRS,1,Montane & Hills
46.74167,-111.7263,300.64,0.58,0.7,2026-09-25,1056,N,nominal,2.0NRT,286.02,0.69,N,VIIRS,1,Montane & Hills
46.73916,-111.71916,298.11,0.58,0.7,2026-09-25,1056,N,nominal,2.0NRT,285.88,0.69,N,VIIRS,1,Montane & Hills
46.73502,-111.72832,297.14,0.58,0.7,2026-09-25,1056,N,nominal,2.0NRT,283.79,0.69,N,VIIRS,1,Montane & Hills
46.76514,-111.73131,313.43,0.58,0.7,2026-09-25,1056,N,nominal,2.0NRT,286.65,2.64,N,VIIRS,1,Montane & Hills
46.76309,-111.72534,297.27,0.58,0.7,2026-09-25,1056,N,nominal,2.0NRT,285.27,0.86,N,VIIRS,1,Montane & Hills
46.76096,-111.71915,298.42,0.58,0.7,2026-09-25,1056,N,nominal,2.0NRT,285.0,0.86,N,VIIRS,1,Montane & Hills
46.75009,-111.73009,296.19,0.58,0.7,2026-09-25,1056,N,nominal,2.0NRT,284.92,1.15,N,VIIRS,1,Montane & Hills
46.74755,-111.72274,297.75,0.58,0.7,2026-09-25,1056,N,nominal,2.0NRT,285.01,1.15,N,VIIRS,1,Montane & Hills
46.74316,-111.73123,297.26,0.58,0.7,2026-09-25,1056,N,nominal,2.0NRT,285.67,0.99,N,VIIRS,1,Montane & Hills
46.74078,-111.72432,299.19,0.58,0.7,2026-09-25,1056,N,nominal,2.0NRT,285.48,0.99,N,VIIRS,1,Montane & Hills
46.73804,-111.71638,295.97,0.58,0.7,2026-09-25,1056,N,nominal,2.0NRT,285.12,1.12,N,VIIRS,1,Montane & Hills
46.73417,-111.72639,296.14,0.58,0.7,2026-09-25,1056,N,nominal,2.0NRT,283.59,0.99,N,VIIRS,1,Montane & Hills
45.94736,-111.47651,298.45,0.64,0.72,2026-09-25,1056,N,nominal,2.0NRT,282.15,1.74,N,VIIRS,1,Montane & Hills
44.91231,-116.45486,335.4,0.42,0.61,2026-09-25,1056,N,nominal,2.0NRT,285.65,2.62,N,VIIRS,1,Montane & Hills
44.91397,-116.46033,300.15,0.42,0.61,2026-09-25,1056,N,nominal,2.0NRT,284.58,3.05,N,VIIRS,1,Montane & Hills
44.91045,-116.44875,300.97,0.42,0.61,2026-09-25,1056,N,nominal,2.0NRT,283.38,2.62,N,VIIRS,1,Montane & Hills
44.9137,-116.45093,339.25,0.42,0.61,2026-09-25,1056,N,nominal,2.0NRT,284.86,2.3,N,VIIRS,1,Montane & Hills
44.91698,-116.46195,299.34,0.42,0.61,2026-09-25,1056,N,nominal,2.0NRT,284.86,2.07,N,VIIRS,1,Montane & Hills
44.91543,-116.45676,295.96,0.42,0.61,2026-09-25,1056,N,nominal,2.0NRT,283.22,2.07,N,VIIRS,1,Montane & Hills
44.90846,-116.45419,305.21,0.42,0.61,2026-09-25,1056,N,nominal,2.0NRT,284.21,2.3,N,VIIRS,1,Montane & Hills
44.87104,-116.3292,300.87,0.43,0.62,2026-09-25,1056,N,nominal,2.0NRT,281.56,0.5,N,VIIRS,1,Montane & Hills
45.19967,-118.35725,295.05,0.34,0.56,2026-09-25,1056,N,nominal,2.0NRT,278.2,1.02,N,VIIRS,1,Montane & Hills
45.19864,-118.35355,301.95,0.34,0.56,2026-09-25,1056,N,nominal,2.0NRT,279.43,0.92,N,VIIRS,1,Montane & Hills
41.54303,-117.66827,297.05,0.46,0.64,2026-09-25,1058,N,nominal,2.0NRT,273.53,1.01,N,VIIRS,1,Montane & Hills
39.07008,-122.15958,305.63,0.32,0.55,2026-09-25,1058,N,nominal,2.0NRT,282.28,0.77,N,VIIRS,1,Montane & Hills
39.06912,-122.1559,312.86,0.32,0.55,2026-09-25,1058,N,nominal,2.0NRT,282.71,0.77,N,VIIRS,1,Montane & Hills
37.63889,-119.60645,310.69,0.48,0.65,2026-09-25,1058,N,nominal,2.0NRT,280.37,1.57,N,VIIRS,1,Montane & Hills
37.63502,-119.61537,301.06,0.48,0.65,2026-09-25,1058,N,nominal,2.0NRT,281.35,1.57,N,VIIRS,1,Montane & Hills
37.63333,-119.60945,308.8,0.48,0.65,2026-09-25,1058,N,nominal,2.0NRT,279.47,1.57,N,VIIRS,1,Montane & Hills
37.63026,-119.59875,309.24,0.48,0.65,2026-09-25,1058,N,nominal,2.0NRT,277.23,3.21,N,VIIRS,1,Montane & Hills
37.62893,-119.59412,296.98,0.48,0.65,2026-09-25,1058,N,nominal,2.0NRT,278.0,1.04,N,VIIRS,1,Montane & Hills
37.6293,-119.61777,367.0,0.48,0.65,2026-09-25,1058,N,high,2.0NRT,290.61,7.37,N,VIIRS,1,Montane & Hills
37.63079,-119.62298,303.82,0.48,0.65,2026-09-25,1058,N,nominal,2.0NRT,281.2,10.84,N,VIIRS,1,Montane & Hills
37.62769,-119.61218,305.71,0.48,0.65,2026-09-25,1058,N,nominal,2.0NRT,279.99,7.37,N,VIIRS,1,Montane & Hills
37.62473,-119.60186,308.54,0.48,0.65,2026-09-25,1058,N,nominal,2.0NRT,278.99,2.31,N,VIIRS,1,Montane & Hills
37.62465,-119.62392,332.28,0.48,0.65,2026-09-25,1058,N,nominal,2.0NRT,284.21,10.84,N,VIIRS,1,Montane & Hills
37.62328,-119.61918,329.7,0.48,0.65,2026-09-25,1058,N,nominal,2.0NRT,283.21,7.37,N,VIIRS,1,Montane & Hills
37.62196,-119.61459,297.54,0.48,0.65,2026-09-25,1058,N,nominal,2.0NRT,280.56,7.37,N,VIIRS,1,Montane & Hills
37.6167,-119.59627,306.55,0.48,0.65,2026-09-25,1058,N,nominal,2.0NRT,280.33,2.76,N,VIIRS,1,Montane & Hills
37.61121,-119.59953,333.48,0.48,0.65,2026-09-25,1058,N,nominal,2.0NRT,281.8,7.52,N,VIIRS,1,Montane & Hills
37.60984,-119.59476,327.54,0.48,0.65,2026-09-25,1058,N,nominal,2.0NRT,283.46,4.97,N,VIIRS,1,Montane & Hills
37.61855,-119.62502,300.62,0.48,0.65,2026-09-25,1058,N,nominal,2.0NRT,282.93,1.95,N,VIIRS,1,Montane & Hills
37.60842,-119.58987,315.6,0.48,0.65,2026-09-25,1058,N,nominal,2.0NRT,281.4,4.97,N,VIIRS,1,Montane & Hills
37.60122,-119.58719,315.61,0.48,0.65,2026-09-25,1058,N,nominal,2.0NRT,281.21,2.96,N,VIIRS,1,Montane & Hills
37.59961,-119.60388,302.3,0.48,0.65,2026-09-25,1058,N,nominal,2.0NRT,280.83,2.24,N,VIIRS,1,Montane & Hills
37.59807,-119.59856,316.8,0.48,0.65,2026-09-25,1058,N,nominal,2.0NRT,282.7,3.52,N,VIIRS,1,Montane & Hills
37.58897,-119.58933,296.68,0.48,0.65,2026-09-25,1058,N,nominal,2.0NRT,279.25,1.07,N,VIIRS,1,Montane & Hills
38.01597,-122.11185,301.48,0.35,0.57,2026-09-25,1058,N,nominal,2.0NRT,290.43,1.21,N,VIIRS,1,Montane & Hills
38.01585,-122.11179,302.25,0.35,0.57,2026-09-25,1058,N,nominal,2.0NRT,290.45,1.28,N,VIIRS,1,Montane & Hills
37.03085,-120.13956,299.53,0.47,0.64,2026-09-25,1058,N,nominal,2.0NRT,285.51,0.42,N,VIIRS,1,Montane & Hills
37.4544,-121.93289,299.15,0.37,0.58,2026-09-25,1058,N,nominal,2.0NRT,285.9,0.59,N,VIIRS,1,Montane & Hills
34.6198,-117.10312,297.7,0.78,0.78,2026-09-25,1058,N,nominal,2.0NRT,287.58,1.68,N,VIIRS,1,Montane & Hills
34.6231,-117.0994,302.16,0.78,0.78,2026-09-25,1058,N,nominal,2.0NRT,288.78,1.85,N,VIIRS,1,Montane & Hills
34.60622,-117.34008,299.24,0.75,0.77,2026-09-25,1058,N,nominal,2.0NRT,287.37,1.87,N,VIIRS,1,Montane & Hills
34.60799,-117.33228,302.3,0.76,0.77,2026-09-25,1058,N,nominal,2.0NRT,287.96,2.01,N,VIIRS,1,Montane & Hills
34.80741,-118.88495,300.07,0.62,0.72,2026-09-25,1058,N,nominal,2.0NRT,283.73,0.44,N,VIIRS,1,Montane & Hills
32.32376,-115.00687,343.27,0.49,0.41,2026-09-25,2038,N,low,2.0NRT,314.6,4.42,D,VIIRS,1,Montane & Hills
32.08719,-116.47867,340.28,0.39,0.44,2026-09-25,2038,N,nominal,2.0NRT,307.38,6.97,D,VIIRS,1,Montane & Hills
32.08629,-116.48312,347.79,0.39,0.44,2026-09-25,2038,N,nominal,2.0NRT,313.98,6.97,D,VIIRS,1,Montane & Hills
32.09113,-116.47991,342.78,0.39,0.44,2026-09-25,2038,N,nominal,2.0NRT,307.64,23.12,D,VIIRS,1,Montane & Hills
32.09021,-116.4845,352.22,0.39,0.44,2026-09-25,2038,N,nominal,2.0NRT,318.86,23.12,D,VIIRS,1,Montane & Hills
32.57519,-114.59694,342.33,0.47,0.4,2026-09-25,2038,N,low,2.0NRT,316.66,9.87,D,VIIRS,1,Montane & Hills
32.58602,-114.57901,348.87,0.47,0.4,2026-09-25,2038,N,nominal,2.0NRT,316.06,7.0,D,VIIRS,1,Montane & Hills
33.41921,-110.86176,343.85,0.38,0.36,2026-09-25,2038,N,nominal,2.0NRT,306.28,4.8,D,VIIRS,1,Montane & Hills
32.45348,-116.815,335.18,0.4,0.44,2026-09-25,2038,N,low,2.0NRT,308.62,2.7,D,VIIRS,1,Montane & Hills
32.50978,-116.76784,343.49,0.4,0.44,2026-09-25,2038,N,nominal,2.0NRT,309.74,3.21,D,VIIRS,1,Montane & Hills
34.39355,-117.16523,343.9,0.38,0.44,2026-09-25,2038,N,nominal,2.0NRT,314.84,10.32,D,VIIRS,1,Montane & Hills
34.39272,-117.16924,342.24,0.38,0.44,2026-09-25,2038,N,low,2.0NRT,315.03,10.32,D,VIIRS,1,Montane & Hills
35.87325,-114.9738,337.71,0.44,0.38,2026-09-25,2038,N,low,2.0NRT,308.56,6.31,D,VIIRS,1,Montane & Hills
35.87849,-114.96516,346.92,0.44,0.38,2026-09-25,2038,N,nominal,2.0NRT,309.21,6.48,D,VIIRS,1,Montane & Hills
35.88198,-114.96609,356.71,0.44,0.38,2026-09-25,2038,N,low,2.0NRT,302.09,6.48,D,VIIRS,1,Montane & Hills
35.88546,-114.96702,341.61,0.44,0.38,2026-09-25,2038,N,nominal,2.0NRT,301.62,3.12,D,VIIRS,1,Montane & Hills
36.52658,-114.77045,337.69,0.43,0.38,2026-09-25,2038,N,low,2.0NRT,312.09,3.92,D,VIIRS,1,Montane & Hills
36.94542,-119.81265,336.3,0.46,0.47,2026-09-25,2040,N,low,2.0NRT,310.24,2.24,D,VIIRS,1,Montane & Hills
37.58886,-119.58536,340.68,0.44,0.46,2026-09-25,2040,N,nominal,2.0NRT,292.4,4.61,D,VIIRS,1,Montane & Hills
37.59927,-119.59873,349.02,0.44,0.46,2026-09-25,2040,N,nominal,2.0NRT,292.17,10.05,D,VIIRS,1,Montane & Hills
37.60981,-119.59123,352.23,0.44,0.46,2026-09-25,2040,N,nominal,2.0NRT,306.0,35.27,D,VIIRS,1,Montane & Hills
37.60872,-119.59621,340.29,0.44,0.46,2026-09-25,2040,N,nominal,2.0NRT,292.5,19.91,D,VIIRS,1,Montane & Hills
37.61389,-119.5929,342.48,0.44,0.46,2026-09-25,2040,N,nominal,2.0NRT,284.12,35.27,D,VIIRS,1,Montane & Hills
37.61281,-119.59785,356.05,0.44,0.46,2026-09-25,2040,N,nominal,2.0NRT,297.6,19.91,D,VIIRS,1,Montane & Hills
37.60994,-119.58914,341.45,0.44,0.46,2026-09-25,2040,N,nominal,2.0NRT,287.36,18.62,D,VIIRS,1,Montane & Hills
37.60883,-119.59405,344.07,0.44,0.46,2026-09-25,2040,N,nominal,2.0NRT,305.44,38.49,D,VIIRS,1,Montane & Hills
37.61292,-119.59567,356.2,0.44,0.46,2026-09-25,2040,N,nominal,2.0NRT,291.69,15.01,D,VIIRS,1,Montane & Hills
37.6118,-119.6007,341.27,0.44,0.46,2026-09-25,2040,N,nominal,2.0NRT,301.37,15.01,D,VIIRS,1,Montane & Hills
37.62037,-119.6221,357.43,0.44,0.46,2026-09-25,2040,N,nominal,2.0NRT,301.23,22.01,D,VIIRS,1,Montane & Hills
37.62461,-119.62307,367.0,0.44,0.46,2026-09-25,2040,N,high,2.0NRT,302.78,19.87,D,VIIRS,1,Montane & Hills
37.62691,-119.61277,342.56,0.44,0.46,2026-09-25,2040,N,nominal,2.0NRT,298.36,74.88,D,VIIRS,1,Montane & Hills
37.62581,-119.61771,355.97,0.44,0.46,2026-09-25,2040,N,nominal,2.0NRT,308.45,74.88,D,VIIRS,1,Montane & Hills
37.63107,-119.61408,348.86,0.44,0.46,2026-09-25,2040,N,nominal,2.0NRT,311.09,74.88,D,VIIRS,1,Montane & Hills
37.62885,-119.62403,346.55,0.44,0.46,2026-09-25,2040,N,nominal,2.0NRT,297.59,19.87,D,VIIRS,1,Montane & Hills
37.63002,-119.61878,367.0,0.44,0.46,2026-09-25,2040,N,low,2.0NRT,338.84,74.88,D,VIIRS,1,Montane & Hills
37.63524,-119.61537,367.0,0.44,0.46,2026-09-25,2040,N,high,2.0NRT,294.37,18.51,D,VIIRS,1,Montane & Hills
37.63729,-119.60618,350.71,0.44,0.46,2026-09-25,2040,N,nominal,2.0NRT,303.6,40.21,D,VIIRS,1,Montane & Hills
37.63628,-119.61068,344.97,0.44,0.46,2026-09-25,2040,N,nominal,2.0NRT,299.38,40.21,D,VIIRS,1,Montane & Hills
37.63417,-119.62019,347.79,0.44,0.46,2026-09-25,2040,N,nominal,2.0NRT,290.99,18.51,D,VIIRS,1,Montane & Hills
39.06759,-122.15569,349.81,0.55,0.51,2026-09-25,2040,N,nominal,2.0NRT,307.55,7.31,D,VIIRS,1,Montane & Hills
39.07212,-122.15751,352.67,0.55,0.51,2026-09-25,2040,N,nominal,2.0NRT,304.63,8.22,D,VIIRS,1,Montane & Hills
39.31816,-121.63383,348.14,0.51,0.49,2026-09-25,2040,N,nominal,2.0NRT,302.59,4.48,D,VIIRS,1,Montane & Hills
39.32256,-121.63554,328.66,0.51,0.49,2026-09-25,2040,N,nominal,2.0NRT,303.65,4.48,D,VIIRS,1,Montane & Hills
39.40583,-121.79639,342.97,0.51,0.5,2026-09-25,2040,N,nominal,2.0NRT,311.75,102.91,D,VIIRS,1,Montane & Hills
39.41025,-121.79813,346.46,0.51,0.5,2026-09-25,2040,N,nominal,2.0NRT,314.48,125.86,D,VIIRS,1,Montane & Hills
39.40887,-121.80396,264.53,0.51,0.5,2026-09-25,2040,N,low,2.0NRT,321.28,125.86,D,VIIRS,1,Montane & Hills
39.49465,-122.11185,332.6,0.53,0.5,2026-09-25,2040,N,nominal,2.0NRT,301.48,11.19,D,VIIRS,1,Montane & Hills
39.49319,-122.11783,343.62,0.53,0.5,2026-09-25,2040,N,nominal,2.0NRT,311.41,17.96,D,VIIRS,1,Montane & Hills
39.50926,-122.07179,340.5,0.53,0.5,2026-09-25,2040,N,nominal,2.0NRT,302.92,25.86,D,VIIRS,1,Montane & Hills
39.50782,-122.07774,350.77,0.53,0.5,2026-09-25,2040,N,nominal,2.0NRT,307.07,25.86,D,VIIRS,1,Montane & Hills
39.49768,-122.11961,327.05,0.53,0.5,2026-09-25,2040,N,low,2.0NRT,301.43,3.13,D,VIIRS,1,Montane & Hills
39.51373,-122.07355,367.0,0.53,0.5,2026-09-25,2040,N,high,2.0NRT,304.54,25.86,D,VIIRS,1,Montane & Hills
39.51517,-122.06758,337.17,0.53,0.5,2026-09-25,2040,N,nominal,2.0NRT,302.88,11.09,D,VIIRS,1,Montane & Hills
39.51229,-122.07952,347.86,0.53,0.5,2026-09-25,2040,N,nominal,2.0NRT,303.96,25.86,D,VIIRS,1,Montane & Hills
41.47598,-112.31534,338.81,0.39,0.36,2026-09-25,2040,N,low,2.0NRT,311.03,3.92,D,VIIRS,1,Montane & Hills
42.00689,-110.95987,339.7,0.42,0.37,2026-09-25,2040,N,low,2.0NRT,312.57,33.3,D,VIIRS,1,Montane & Hills
41.53957,-117.68393,328.35,0.46,0.39,2026-09-25,2040,N,nominal,2.0NRT,284.4,2.93,D,VIIRS,1,Montane & Hills
42.68636,-111.59235,346.24,0.41,0.37,2026-09-25,2040,N,nominal,2.0NRT,305.43,10.79,D,VIIRS,1,Montane & Hills
46.24928,-111.79282,348.14,0.43,0.38,2026-09-25,2042,N,nominal,2.0NRT,298.91,5.05,D,VIIRS,1,Montane & Hills
46.25272,-111.79389,335.47,0.43,0.38,2026-09-25,2042,N,nominal,2.0NRT,299.33,5.05,D,VIIRS,1,Montane & Hills
46.7331,-111.71558,331.6,0.44,0.38,2026-09-25,2042,N,nominal,2.0NRT,302.98,13.8,D,VIIRS,1,Montane & Hills
46.7366,-111.71635,367.0,0.44,0.38,2026-09-25,2042,N,high,2.0NRT,313.3,13.8,D,VIIRS,1,Montane & Hills
46.73592,-111.72202,335.26,0.44,0.38,2026-09-25,2042,N,nominal,2.0NRT,309.41,7.56,D,VIIRS,1,Montane & Hills
46.74007,-111.71748,334.48,0.44,0.38,2026-09-25,2042,N,nominal,2.0NRT,302.39,5.37,D,VIIRS,1,Montane & Hills
46.74353,-111.71867,337.93,0.44,0.38,2026-09-25,2042,N,nominal,2.0NRT,301.68,5.37,D,VIIRS,1,Montane & Hills
46.747,-111.71978,345.79,0.44,0.38,2026-09-25,2042,N,nominal,2.0NRT,306.48,11.6,D,VIIRS,1,Montane & Hills
46.745,-111.73634,340.06,0.43,0.38,2026-09-25,2042,N,nominal,2.0NRT,308.8,5.79,D,VIIRS,1,Montane & Hills
46.74846,-111.73746,339.13,0.43,0.38,2026-09-25,2042,N,nominal,2.0NRT,307.49,5.79,D,VIIRS,1,Montane & Hills
46.75259,-111.73314,347.06,0.43,0.38,2026-09-25,2042,N,nominal,2.0NRT,304.23,5.3,D,VIIRS,1,Montane & Hills
46.75808,-111.71758,341.07,0.44,0.38,2026-09-25,2042,N,nominal,2.0NRT,313.49,36.05,D,VIIRS,1,Montane & Hills
46.76153,-111.71876,341.98,0.44,0.38,2026-09-25,2042,N,nominal,2.0NRT,304.79,4.94,D,VIIRS,1,Montane & Hills
46.76088,-111.72415,337.98,0.44,0.38,2026-09-25,2042,N,nominal,2.0NRT,301.49,4.94,D,VIIRS,1,Montane & Hills
46.75954,-111.73515,351.04,0.43,0.38,2026-09-25,2042,N,nominal,2.0NRT,311.81,47.36,D,VIIRS,1,Montane & Hills
46.76303,-111.73611,367.0,0.43,0.38,2026-09-25,2042,N,high,2.0NRT,341.6,47.36,D,VIIRS,1,Montane & Hills
46.76436,-111.72512,333.76,0.44,0.38,2026-09-25,2042,N,nominal,2.0NRT,300.08,4.94,D,VIIRS,1,Montane & Hills
46.76371,-111.73048,352.98,0.44,0.38,2026-09-25,2042,N,nominal,2.0NRT,317.07,47.36,D,VIIRS,1,Montane & Hills
46.76719,-111.73149,367.0,0.44,0.38,2026-09-25,2042,N,high,2.0NRT,352.15,76.4,D,VIIRS,1,Montane & Hills
46.76653,-111.73694,367.0,0.43,0.38,2026-09-25,2042,N,high,2.0NRT,303.87,76.4,D,VIIRS,1,Montane & Hills
46.76585,-111.74248,330.13,0.43,0.38,2026-09-25,2042,N,nominal,2.0NRT,297.83,1.39,D,VIIRS,1,Montane & Hills
46.77134,-111.72698,336.65,0.44,0.38,2026-09-25,2042,N,nominal,2.0NRT,301.44,94.61,D,VIIRS,1,Montane & Hills
39.07084,-122.15442,367.0,0.62,0.71,2026-09-25,2220,N,high,2.0NRT,302.53,14.43,D,VIIRS,1,Montane & Hills
39.18983,-121.64121,349.26,0.66,0.73,2026-09-25,2220,N,nominal,2.0NRT,302.0,8.9,D,VIIRS,1,Montane & Hills
